{
  "dcmnet": {
    "name": "DCMNet (Equivariant)",
    "training_time": 171.9571888446808,
    "inference_time": 1.495883846282959,
    "memory_usage_mb": 0.0,
    "num_parameters": 322420,
    "val_energy_mae": 8.998377799987793,
    "val_forces_mae": 0.23555679619312286,
    "val_dipole_mae": 0.25299138724803927,
    "val_esp_mae": 0.01808943599462509,
    "rotation_error_dipole": 1.51507994861467e-06,
    "rotation_error_esp": 3.587213655009691e-07,
    "translation_error_dipole": 3.610031384937429e-08,
    "translation_error_esp": 1.7844217214957325e-09
  },
  "noneq": {
    "name": "Non-Equivariant",
    "training_time": 62.787599325180054,
    "inference_time": 0.785528130531311,
    "memory_usage_mb": 0.0,
    "num_parameters": 120922,
    "val_energy_mae": 9.010846519470215,
    "val_forces_mae": 0.2353446826338768,
    "val_dipole_mae": 0.25347109138965607,
    "val_esp_mae": 0.01319103129208088,
    "rotation_error_dipole": 0.005065101051940893,
    "rotation_error_esp": 0.0003903695323970169,
    "translation_error_dipole": 2.5360752715641866e-06,
    "translation_error_esp": 3.0863242272971547e-07
  },
  "args": {
    "train_efd": "energies_forces_dipoles_train.npz",
    "train_esp": "grids_esp_train.npz",
    "valid_efd": "energies_forces_dipoles_valid.npz",
    "valid_esp": "grids_esp_valid.npz",
    "epochs": 10,
    "batch_size": 100,
    "seed": 60808587,
    "physnet_features": 64,
    "dcmnet_features": 128,
    "n_dcm": 1,
    "comparison_name": "dcm1test60808587",
    "output_dir": "comparisons",
    "skip_training": false,
    "equivariance_samples": 20
  }
}