{
  "mae": 0.155411496758461,
  "rmse": 0.2375560700893402,
  "r2": 0.9989194273948669,
  "mean_error": -0.008144955150783062,
  "std_error": 0.23741640150547028,
  "max_abs_error": 1.6770095825195312,
  "mae_kcal_mol": 3.583843469619751,
  "rmse_kcal_mol": 5.478126049041748,
  "mean_error_kcal_mol": -0.1878255158662796,
  "std_error_kcal_mol": 5.474905490875244,
  "max_abs_error_kcal_mol": 38.672428131103516,
  "mae_overall": 0.019270852208137512,
  "rmse_overall": 0.02614046260714531,
  "r2_overall": 0.963639497756958,
  "r_overall": 0.9817068455736239,
  "mae_x": 0.01923510618507862,
  "mae_y": 0.01910916157066822,
  "mae_z": 0.019468290731310844,
  "r2_x": 0.9646070003509521,
  "r2_y": 0.963824987411499,
  "r2_z": 0.9624419212341309,
  "mae_components": [
    0.31462833285331726,
    0.31493842601776123,
    0.31399106979370117
  ],
  "mae_magnitude": 0.01867028884589672,
  "rmse_magnitude": 0.025117339566349983,
  "r2_magnitude": 0.946153998374939,
  "mae_overall_kcal_mol_ang": 7.25292444229126,
  "rmse_overall_kcal_mol_ang": 11.685900688171387,
  "mae_x_kcal_mol_ang": 7.255439758300781,
  "mae_y_kcal_mol_ang": 7.262590408325195,
  "mae_z_kcal_mol_ang": 7.240744113922119,
  "mae_magnitude_kcal_mol_ang": 9.39132022857666,
  "rmse_magnitude_kcal_mol_ang": 15.353719711303711,
  "r": 0.9994604621077695,
  "mae_overall_debye": 0.019270852208137512,
  "rmse_overall_debye": 0.02614046260714531,
  "mae_x_debye": 0.01923510618507862,
  "mae_y_debye": 0.01910916157066822,
  "mae_z_debye": 0.019468290731310844,
  "mae_magnitude_debye": 0.01867028884589672,
  "rmse_magnitude_debye": 0.025117339566349983
}