{
  "mae": 0.15496207773685455,
  "rmse": 0.23697663843631744,
  "r2": 0.9989315867424011,
  "mean_error": -0.008049815893173218,
  "std_error": 0.2368398904800415,
  "max_abs_error": 1.6652145385742188,
  "mae_kcal_mol": 3.5734798908233643,
  "rmse_kcal_mol": 5.46476411819458,
  "mean_error_kcal_mol": -0.18563157320022583,
  "std_error_kcal_mol": 5.461610794067383,
  "max_abs_error_kcal_mol": 38.40043258666992,
  "mae_overall": 0.019361505284905434,
  "rmse_overall": 0.026133354753255844,
  "r2_overall": 0.9636395573616028,
  "r_overall": 0.9817067420773636,
  "mae_x": 0.018911274150013924,
  "mae_y": 0.019130093976855278,
  "mae_z": 0.0200431440025568,
  "r2_x": 0.9644485712051392,
  "r2_y": 0.9642245769500732,
  "r2_z": 0.9621743559837341,
  "mae_components": [
    0.3152422308921814,
    0.314144104719162,
    0.3131122589111328
  ],
  "mae_magnitude": 0.018672620877623558,
  "rmse_magnitude": 0.025108400732278824,
  "r2_magnitude": 0.9461544156074524,
  "mae_overall_kcal_mol_ang": 7.2447829246521,
  "rmse_overall_kcal_mol_ang": 11.685893058776855,
  "mae_x_kcal_mol_ang": 7.269596099853516,
  "mae_y_kcal_mol_ang": 7.2442731857299805,
  "mae_z_kcal_mol_ang": 7.220478534698486,
  "mae_magnitude_kcal_mol_ang": 9.391557693481445,
  "rmse_magnitude_kcal_mol_ang": 15.353657722473145,
  "r": 0.9994665229034377,
  "mae_overall_debye": 0.019361505284905434,
  "rmse_overall_debye": 0.026133354753255844,
  "mae_x_debye": 0.018911274150013924,
  "mae_y_debye": 0.019130093976855278,
  "mae_z_debye": 0.0200431440025568,
  "mae_magnitude_debye": 0.018672620877623558,
  "rmse_magnitude_debye": 0.025108400732278824
}