{
  "train_loss": [
    432.2816783905029,
    62.560245633125305,
    23.429025220870972,
    14.827727651596069,
    11.411603915691376,
    9.555838203430175,
    8.397520291805268,
    7.506218361854553,
    6.858085763454437,
    6.507136833667755
  ],
  "val_loss": [
    598.4541564941406,
    595.992529296875,
    592.0287109375,
    586.1034362792968,
    578.0072143554687,
    567.583056640625,
    554.6451538085937,
    539.3568298339844,
    521.9299621582031,
    502.2190673828125
  ],
  "val_energy_mae": [
    9.926849269866944,
    9.907113456726075,
    9.879694843292237,
    9.841519355773926,
    9.788908672332763,
    9.718254375457764,
    9.626909923553466,
    9.512768363952636,
    9.374994468688964,
    9.212972450256348
  ],
  "val_forces_mae": [
    0.24174537360668183,
    0.24115898311138154,
    0.2397674337029457,
    0.23750016689300538,
    0.23430487662553787,
    0.230253230035305,
    0.2254030406475067,
    0.2199377030134201,
    0.21409572064876556,
    0.20755280256271363
  ],
  "val_dipole_mae": [
    0.25651391595602036,
    0.25676827877759933,
    0.2570275366306305,
    0.25732787847518923,
    0.25767247974872587,
    0.25807325839996337,
    0.2584906816482544,
    0.25887943655252454,
    0.2591634258627892,
    0.2593461811542511
  ],
  "val_esp_mae": [
    0.01635020412504673,
    0.016324765980243683,
    0.01629367470741272,
    0.01625666208565235,
    0.01621202379465103,
    0.016157569363713264,
    0.016090448945760727,
    0.016007402911782265,
    0.01590491272509098,
    0.015780283138155937
  ],
  "epoch_times": [
    90.5261800289154,
    4.2544989585876465,
    4.273915529251099,
    4.229612588882446,
    4.235896825790405,
    4.252344131469727,
    4.239114046096802,
    4.199623107910156,
    4.250883340835571,
    4.2438883781433105
  ]
}