{
  "train_loss": [
    415.4515272140503,
    71.3985137462616,
    25.59619312286377,
    16.5489497423172,
    12.651253008842469,
    10.321450793743134,
    8.750186026096344,
    7.843525612354279,
    7.166021776199341,
    6.589288276433945
  ],
  "val_loss": [
    598.7071166992188,
    595.9850891113281,
    591.62529296875,
    585.2573486328125,
    576.6434509277344,
    565.5717407226563,
    552.1078002929687,
    536.1360290527343,
    517.6039398193359,
    497.0734893798828
  ],
  "val_energy_mae": [
    9.930373382568359,
    9.912396335601807,
    9.884001159667969,
    9.842341041564941,
    9.78397512435913,
    9.70568494796753,
    9.604647064208985,
    9.478838062286377,
    9.327427196502686,
    9.1502197265625
  ],
  "val_forces_mae": [
    0.2417166441679001,
    0.24088097512722015,
    0.23946861177682877,
    0.23725616186857224,
    0.23428069204092025,
    0.23060244619846343,
    0.22636789232492446,
    0.22160295099020005,
    0.21605738401412963,
    0.2104266554117203
  ],
  "val_dipole_mae": [
    0.25578253269195556,
    0.2554455861449242,
    0.25518960505723953,
    0.25496699959039687,
    0.25469175428152085,
    0.2543427899479866,
    0.2539290010929108,
    0.25345549285411834,
    0.2528993830084801,
    0.2522792309522629
  ],
  "val_esp_mae": [
    0.01647101528942585,
    0.01616523414850235,
    0.015848608687520027,
    0.015521141700446606,
    0.015183215960860252,
    0.014838194474577904,
    0.014489431865513325,
    0.01413757260888815,
    0.01378798857331276,
    0.0134416613727808
  ],
  "epoch_times": [
    22.760900259017944,
    3.6820178031921387,
    3.6504709720611572,
    3.705601215362549,
    3.6908981800079346,
    3.7230656147003174,
    3.681061029434204,
    3.7007224559783936,
    3.743680238723755,
    3.699420690536499
  ]
}