{
  "dcmnet": {
    "name": "DCMNet (Equivariant)",
    "training_time": 7509.007252216339,
    "inference_time": 1.0751056337356568,
    "memory_usage_mb": 0.0,
    "num_parameters": 324004,
    "val_energy_mae": 0.04091478958725929,
    "val_forces_mae": 0.003044758376199752,
    "val_dipole_mae": 0.018137738248333334,
    "val_esp_mae": 0.003446554532274604,
    "rotation_error_dipole": 0.0004218074298455569,
    "rotation_error_esp": 5.731709097744897e-05,
    "translation_error_dipole": 5.6572713219793513e-05,
    "translation_error_esp": 1.0498280062165577e-05
  },
  "noneq": {
    "name": "Non-Equivariant",
    "training_time": 7084.986636161804,
    "inference_time": 0.5767035007476806,
    "memory_usage_mb": 0.0,
    "num_parameters": 121954,
    "val_energy_mae": 0.04130963813513518,
    "val_forces_mae": 0.0029830509796738625,
    "val_dipole_mae": 0.025943845883011817,
    "val_esp_mae": 0.003689254866912961,
    "rotation_error_dipole": 0.09610859869239266,
    "rotation_error_esp": 0.0054722740314900875,
    "translation_error_dipole": 7.193190685939044e-05,
    "translation_error_esp": 1.1460043424449395e-05
  },
  "args": {
    "train_efd": "energies_forces_dipoles_train.npz",
    "train_esp": "grids_esp_train.npz",
    "valid_efd": "energies_forces_dipoles_valid.npz",
    "valid_esp": "grids_esp_valid.npz",
    "epochs": 2000,
    "batch_size": 50,
    "seed": 42,
    "physnet_features": 64,
    "dcmnet_features": 128,
    "n_dcm": 3,
    "comparison_name": "test2.2000.50",
    "output_dir": "comparisons",
    "skip_training": false,
    "equivariance_samples": 20
  }
}