{
  "train_loss": [
    458.9910165786743,
    56.15687758922577,
    19.36215295791626,
    12.656495285034179,
    9.235902750492096,
    7.795908266305924,
    6.3775040209293365,
    5.548494154214859,
    4.904879111051559,
    4.437634935975074
  ],
  "val_loss": [
    598.4959411621094,
    595.5591186523437,
    591.2031188964844,
    585.1711181640625,
    577.1529541015625,
    566.9416809082031,
    554.3715270996094,
    539.5397399902344,
    522.4965576171875,
    503.5019287109375
  ],
  "val_energy_mae": [
    9.927850818634033,
    9.910030746459961,
    9.882197284698487,
    9.840577030181885,
    9.781155490875244,
    9.700331783294677,
    9.595609569549561,
    9.465979766845702,
    9.310691165924073,
    9.13036231994629
  ],
  "val_forces_mae": [
    0.24196646511554717,
    0.24088310450315475,
    0.23918983787298204,
    0.23702446967363358,
    0.2344733789563179,
    0.2314221292734146,
    0.2277523785829544,
    0.22384832203388214,
    0.2196039691567421,
    0.21517298072576524
  ],
  "val_dipole_mae": [
    0.2588988795876503,
    0.2592246785759926,
    0.25944341719150543,
    0.25966662615537645,
    0.25992361307144163,
    0.26015608161687853,
    0.2603138819336891,
    0.260366316139698,
    0.26027178913354876,
    0.26003497838974
  ],
  "val_esp_mae": [
    0.016342027112841606,
    0.0160574559122324,
    0.01577441394329071,
    0.015500345267355442,
    0.015319223515689373,
    0.015383024699985981,
    0.015903258696198463,
    0.016968781128525734,
    0.018524743616580963,
    0.0204392708837986
  ],
  "epoch_times": [
    94.50665950775146,
    4.4908530712127686,
    4.482681035995483,
    4.449037790298462,
    4.451380491256714,
    4.4301652908325195,
    4.4966442584991455,
    4.4560065269470215,
    4.455275774002075,
    4.4665749073028564
  ]
}