{
  "train_loss": [
    390.05379695892333,
    59.1460376739502,
    26.61057949066162,
    16.583099734783172,
    12.188956022262573,
    9.910584640502929,
    8.75283772945404,
    7.8184910118579865,
    7.260772782564163,
    6.576768672466278
  ],
  "val_loss": [
    598.6659484863281,
    596.7069763183594,
    593.1835144042968,
    587.7441101074219,
    579.981494140625,
    569.6823120117188,
    556.8540100097656,
    541.3519653320312,
    523.1385223388672,
    502.51499328613284
  ],
  "val_energy_mae": [
    9.931357192993165,
    9.91617374420166,
    9.889388751983642,
    9.847489547729491,
    9.786918354034423,
    9.704178714752198,
    9.597457122802734,
    9.465248107910156,
    9.306419372558594,
    9.12214708328247
  ],
  "val_forces_mae": [
    0.24193263351917266,
    0.24150051325559616,
    0.2404893234372139,
    0.23878665417432784,
    0.23627637177705765,
    0.2330469712615013,
    0.22928801029920579,
    0.2248137578368187,
    0.21951558589935302,
    0.2136151000857353
  ],
  "val_dipole_mae": [
    0.25528409630060195,
    0.25486787855625154,
    0.2543592110276222,
    0.25370330959558485,
    0.25286719501018523,
    0.25187295377254487,
    0.250772999227047,
    0.24954503029584885,
    0.24817402958869933,
    0.24671483933925628
  ],
  "val_esp_mae": [
    0.015481953509151936,
    0.015175373293459415,
    0.014861073344945908,
    0.014542777091264725,
    0.014224354177713394,
    0.013907717540860176,
    0.013596776872873306,
    0.013296346180140972,
    0.013005598448216915,
    0.01272580400109291
  ],
  "epoch_times": [
    23.023818731307983,
    3.7775168418884277,
    3.7084267139434814,
    3.7204794883728027,
    3.7544331550598145,
    3.723145008087158,
    3.8028275966644287,
    3.76053786277771,
    3.736241102218628,
    3.7007956504821777
  ]
}