{
  "train_loss": [
    386.80602912902833,
    55.46781222820282,
    16.191191017627716,
    11.088283550739288,
    8.846519875526429,
    7.627343648672104,
    6.599575382471085,
    5.593410819768906,
    5.085151296854019,
    4.797430709004402
  ],
  "val_loss": [
    597.9082580566406,
    593.9544616699219,
    588.0013854980468,
    579.8599243164062,
    569.3172912597656,
    556.2500366210937,
    540.6849182128906,
    522.7663146972657,
    502.7110290527344,
    481.0137542724609
  ],
  "val_energy_mae": [
    9.925833988189698,
    9.89830436706543,
    9.85624885559082,
    9.795863437652589,
    9.713990497589112,
    9.608473873138427,
    9.478325176239014,
    9.323339080810547,
    9.143807220458985,
    8.941054916381836
  ],
  "val_forces_mae": [
    0.241408571600914,
    0.24006496071815492,
    0.23799435794353485,
    0.23540843427181243,
    0.23235539793968202,
    0.2287957713007927,
    0.2248139813542366,
    0.2204897865653038,
    0.21598847061395646,
    0.211681766808033
  ],
  "val_dipole_mae": [
    0.2558194324374199,
    0.2555666983127594,
    0.25534421354532244,
    0.25514308363199234,
    0.25494241118431094,
    0.25473385602235793,
    0.25451221615076064,
    0.2542705237865448,
    0.2539995774626732,
    0.2536920726299286
  ],
  "val_esp_mae": [
    0.016089562326669693,
    0.015719864517450333,
    0.015347485430538654,
    0.01497525442391634,
    0.014605636708438396,
    0.014239038340747356,
    0.013880074955523014,
    0.013527746312320232,
    0.013184679672122002,
    0.01285200659185648
  ],
  "epoch_times": [
    22.898727655410767,
    3.641756057739258,
    3.6606390476226807,
    3.6994147300720215,
    3.6425230503082275,
    3.6712920665740967,
    3.6798136234283447,
    3.7374351024627686,
    3.708428382873535,
    3.7052457332611084
  ]
}