{
  "mae": 0.4463387429714203,
  "rmse": 0.6091395616531372,
  "r2": 0.35729265213012695,
  "mean_error": -0.02848209999501705,
  "std_error": 0.6084733009338379,
  "max_abs_error": 3.7229843139648438,
  "mae_kcal_mol": 10.29272747039795,
  "rmse_kcal_mol": 14.046971321105957,
  "mean_error_kcal_mol": -0.6568071842193604,
  "std_error_kcal_mol": 14.031607627868652,
  "max_abs_error_kcal_mol": 85.85332489013672,
  "mae_overall": 0.3594842851161957,
  "rmse_overall": 0.5746721625328064,
  "r2_overall": 0.9031963348388672,
  "r_overall": 0.950503373504934,
  "mae_x": 0.3571699559688568,
  "mae_y": 0.37392258644104004,
  "mae_z": 0.3473602533340454,
  "r2_x": 0.9043893218040466,
  "r2_y": 0.9057132601737976,
  "r2_z": 0.8992694616317749,
  "mae_components": [
    0.5235301852226257,
    0.525723397731781,
    0.5174714922904968
  ],
  "mae_magnitude": 0.3770824372768402,
  "rmse_magnitude": 0.6134715676307678,
  "r2_magnitude": 0.8700761795043945,
  "mae_overall_kcal_mol_ang": 12.043076515197754,
  "rmse_overall_kcal_mol_ang": 19.067472457885742,
  "mae_x_kcal_mol_ang": 12.072789192199707,
  "mae_y_kcal_mol_ang": 12.12336540222168,
  "mae_z_kcal_mol_ang": 11.933073997497559,
  "mae_magnitude_kcal_mol_ang": 15.161355972290039,
  "rmse_magnitude_kcal_mol_ang": 23.849607467651367,
  "r": 0.598333270081471,
  "mae_overall_debye": 0.3594842851161957,
  "rmse_overall_debye": 0.5746721625328064,
  "mae_x_debye": 0.3571699559688568,
  "mae_y_debye": 0.37392258644104004,
  "mae_z_debye": 0.3473602533340454,
  "mae_magnitude_debye": 0.3770824372768402,
  "rmse_magnitude_debye": 0.6134715676307678
}