{
  "physnet": {
    "e_start": -55.08710861206055,
    "e_end": -55.08525848388672,
    "e_min": -55.08710861206055,
    "e_max": -55.066917419433594,
    "fmax_start": 0.5066304206848145,
    "fmax_end": 2.220773220062256,
    "fmax_max": 2.380199670791626,
    "ekin_start": 0.028116476344356506,
    "ekin_end": 0.02232113513252985,
    "ekin_max": 0.028116476344356506,
    "etot_start": -55.05899213571619,
    "etot_end": -55.06293734875419,
    "etot_drift": -0.003945213038001327,
    "etot_span": 0.019464164981556564
  },
  "mmml": {
    "e_start": 590945.6875,
    "e_end": -24.652687072753906,
    "e_min": -27.786518096923828,
    "e_max": 590945.6875,
    "fmax_start": 5553458.0,
    "fmax_end": 2.0805842876434326,
    "fmax_max": 5553458.0,
    "ekin_start": 0.013227697830410922,
    "ekin_end": 54296897.99771899,
    "ekin_max": 54297006.261638075,
    "etot_start": 590945.7007276978,
    "etot_end": 54296873.34503192,
    "etot_drift": 53705927.644304216,
    "etot_span": 53706082.06492153
  }
}