{
  "replica_0": {
    "mean": 5.385999548848867,
    "std": 0.010009422314401785,
    "min": 5.365812604005432,
    "max": 5.400723138537456,
    "drift": -0.00031604467945189896,
    "drift_pct": -0.0058562505766606,
    "quality": "Poor"
  },
  "replica_1": {
    "mean": 5.386629372201134,
    "std": 0.0067009486639817185,
    "min": 5.367463935141007,
    "max": 5.399551300309891,
    "drift": -0.007737129744579185,
    "drift_pct": -0.14336761057635797,
    "quality": "Fair"
  },
  "replica_2": {
    "mean": 5.384343927786937,
    "std": 0.00941914058921976,
    "min": 5.366620131260593,
    "max": 5.400044566692586,
    "drift": -0.019092945942266404,
    "drift_pct": -0.35378882466383965,
    "quality": "Fair"
  },
  "replica_3": {
    "mean": 5.389712327644096,
    "std": 0.007395826017826418,
    "min": 5.367243036856957,
    "max": 5.4032802376851565,
    "drift": -0.025486975321876493,
    "drift_pct": -0.4722690291288081,
    "quality": "Fair"
  },
  "replica_4": {
    "mean": 5.388945609607916,
    "std": 0.01066948392931903,
    "min": 5.365873244485693,
    "max": 5.403564776416402,
    "drift": 0.0006757530686076763,
    "drift_pct": 0.012521581773111846,
    "quality": "Poor"
  },
  "replica_5": {
    "mean": 5.386059651560064,
    "std": 0.010019590626643576,
    "min": 5.3669244755379975,
    "max": 5.400329046751162,
    "drift": -0.0060068705470675,
    "drift_pct": -0.11130622153233737,
    "quality": "Poor"
  },
  "replica_6": {
    "mean": 5.38450572312787,
    "std": 0.009446146369364751,
    "min": 5.366265616643735,
    "max": 5.399304336193851,
    "drift": -0.029320455818362845,
    "drift_pct": -0.5433027272980004,
    "quality": "Fair"
  },
  "replica_7": {
    "mean": 5.383213050594624,
    "std": 0.008930368794817782,
    "min": 5.366039378287695,
    "max": 5.398982130044862,
    "drift": -0.008035141385559719,
    "drift_pct": -0.14888971222151298,
    "quality": "Fair"
  },
  "replica_8": {
    "mean": 5.388541277574328,
    "std": 0.007032665474873251,
    "min": 5.3677622765830275,
    "max": 5.400500692359802,
    "drift": -0.013310691638637628,
    "drift_pct": -0.24664470137484754,
    "quality": "Fair"
  },
  "replica_9": {
    "mean": 5.385044926111611,
    "std": 0.009667371556398767,
    "min": 5.366813969161502,
    "max": 5.399616363807361,
    "drift": -0.007963936068624555,
    "drift_pct": -0.14757029061604243,
    "quality": "Fair"
  },
  "replica_10": {
    "mean": 5.387899463630848,
    "std": 0.006767184261942394,
    "min": 5.36712618421536,
    "max": 5.399555870167546,
    "drift": -4.201997451325212e-05,
    "drift_pct": -0.0007786225048979159,
    "quality": "Fair"
  },
  "replica_11": {
    "mean": 5.385857511036288,
    "std": 0.008983763612550457,
    "min": 5.3663975946164575,
    "max": 5.399536320303949,
    "drift": -0.026391761043710105,
    "drift_pct": -0.4890345444174425,
    "quality": "Fair"
  },
  "replica_12": {
    "mean": 5.3845560901805145,
    "std": 0.008585572564052058,
    "min": 5.3657962655898555,
    "max": 5.398982130044862,
    "drift": -0.022512043893384792,
    "drift_pct": -0.41714408944039344,
    "quality": "Fair"
  },
  "replica_13": {
    "mean": 5.386915303661247,
    "std": 0.010267901002776168,
    "min": 5.365841680874655,
    "max": 5.40114498281792,
    "drift": -0.010409310651616543,
    "drift_pct": -0.19288263802411695,
    "quality": "Poor"
  },
  "replica_14": {
    "mean": 5.3877659845541634,
    "std": 0.006935798407279121,
    "min": 5.366966280531006,
    "max": 5.399755647498074,
    "drift": -0.009981225194904297,
    "drift_pct": -0.1849502921701104,
    "quality": "Fair"
  },
  "replica_15": {
    "mean": 5.3861748578619295,
    "std": 0.010103738074686975,
    "min": 5.366675852755625,
    "max": 5.402800788816662,
    "drift": 0.0015349338720422878,
    "drift_pct": 0.028442046196989142,
    "quality": "Poor"
  },
  "overall": {
    "mean": 5.386385289123902,
    "std": 0.009085594188776785,
    "relative_std": 0.0016867701995106556,
    "max_drift": 0.02829006352048946,
    "final_drift": -0.011524741560243967
  }
}