{
  "replica_0": {
    "mean": 5.38933172501835,
    "std": 0.01322766397949921,
    "min": 5.36279859729269,
    "max": 5.406232404807739,
    "drift": -0.004520821925218854,
    "drift_pct": -0.08371768181717867,
    "quality": "Poor"
  },
  "replica_1": {
    "mean": 5.38872017295041,
    "std": 0.010241875632490042,
    "min": 5.3642048414482355,
    "max": 5.40976470478235,
    "drift": -0.024097152239797026,
    "drift_pct": -0.44623693595579544,
    "quality": "Poor"
  },
  "replica_2": {
    "mean": 5.38933172501835,
    "std": 0.01322766397949921,
    "min": 5.36279859729269,
    "max": 5.406232404807739,
    "drift": -0.004520821925218854,
    "drift_pct": -0.08371768181717867,
    "quality": "Poor"
  },
  "replica_3": {
    "mean": 5.3921769862246745,
    "std": 0.012007427236017639,
    "min": 5.362696497593372,
    "max": 5.407519600570824,
    "drift": -0.0008047870710150562,
    "drift_pct": -0.014903243050998079,
    "quality": "Poor"
  },
  "replica_4": {
    "mean": 5.38933172501835,
    "std": 0.01322766397949921,
    "min": 5.36279859729269,
    "max": 5.406232404807739,
    "drift": -0.004520821925218854,
    "drift_pct": -0.08371768181717867,
    "quality": "Poor"
  },
  "replica_5": {
    "mean": 5.390498850457459,
    "std": 0.012069742610093635,
    "min": 5.363420708021898,
    "max": 5.407151883685234,
    "drift": -0.015006213593224516,
    "drift_pct": -0.27788871927694303,
    "quality": "Poor"
  },
  "replica_6": {
    "mean": 5.3872868720855065,
    "std": 0.009314331004869341,
    "min": 5.363704075291313,
    "max": 5.406462477906743,
    "drift": -0.0068862847427180185,
    "drift_pct": -0.1275218985683561,
    "quality": "Fair"
  },
  "replica_7": {
    "mean": 5.390072505451143,
    "std": 0.012796685179951693,
    "min": 5.3633593334804965,
    "max": 5.40683636899131,
    "drift": -0.009081329059908327,
    "drift_pct": -0.16817026401182544,
    "quality": "Poor"
  },
  "replica_8": {
    "mean": 5.3863277546272155,
    "std": 0.008673118692820152,
    "min": 5.364288352831636,
    "max": 5.40576951692507,
    "drift": -0.02208673196050448,
    "drift_pct": -0.4090074834259949,
    "quality": "Fair"
  },
  "replica_9": {
    "mean": 5.388756142101177,
    "std": 0.013191576538191575,
    "min": 5.3629532926076395,
    "max": 5.406229853383562,
    "drift": -0.008754859295985185,
    "drift_pct": -0.1621246173858031,
    "quality": "Poor"
  },
  "replica_10": {
    "mean": 5.3883634897291435,
    "std": 0.009598413562788713,
    "min": 5.3641066156193205,
    "max": 5.409357955150521,
    "drift": -0.013935363276518231,
    "drift_pct": -0.2580584522213563,
    "quality": "Fair"
  },
  "replica_11": {
    "mean": 5.392601490258319,
    "std": 0.011430555618614476,
    "min": 5.36347790418853,
    "max": 5.4076141349322056,
    "drift": 0.0038974509890676856,
    "drift_pct": 0.07217394694992797,
    "quality": "Poor"
  },
  "replica_12": {
    "mean": 5.388274478532954,
    "std": 0.012030781885245046,
    "min": 5.36235548334982,
    "max": 5.407961972386832,
    "drift": -0.0020524560639820777,
    "drift_pct": -0.03800788143184213,
    "quality": "Poor"
  },
  "replica_13": {
    "mean": 5.390150402231204,
    "std": 0.012864819110059848,
    "min": 5.363379142802044,
    "max": 5.407075492870937,
    "drift": -0.017934331744450027,
    "drift_pct": -0.33211232457755124,
    "quality": "Poor"
  },
  "replica_14": {
    "mean": 5.387313116380626,
    "std": 0.009323257823820397,
    "min": 5.3642709070900985,
    "max": 5.407194865141459,
    "drift": 0.0043201961718519755,
    "drift_pct": 0.08000244523796149,
    "quality": "Fair"
  },
  "replica_15": {
    "mean": 5.392340073502209,
    "std": 0.011994321852297662,
    "min": 5.362987535720231,
    "max": 5.409322410636132,
    "drift": 0.0015403860877007958,
    "drift_pct": 0.028525244855668812,
    "quality": "Poor"
  },
  "overall": {
    "mean": 5.389429844349194,
    "std": 0.011815088238312305,
    "relative_std": 0.002192270533162316,
    "max_drift": 0.035190678853896706,
    "final_drift": -0.00777774634844608
  }
}