{
  "train_loss": [
    450.8484512329102,
    91.99880857467652,
    31.0466646194458,
    21.85915377140045,
    20.114196014404296,
    12.668787527084351,
    9.937825506925583,
    8.766527903079986,
    7.671616721153259,
    7.103125518560409
  ],
  "val_loss": [
    599.0791687011719,
    597.3667602539062,
    594.2940063476562,
    589.5286376953125,
    582.710400390625,
    573.6797668457032,
    562.0752075195312,
    547.7743896484375,
    530.9718353271485,
    512.0031433105469
  ],
  "val_energy_mae": [
    9.931814193725586,
    9.91685609817505,
    9.88929796218872,
    9.846876621246338,
    9.786903285980225,
    9.705696868896485,
    9.600770664215087,
    9.470866394042968,
    9.31541690826416,
    9.134251403808594
  ],
  "val_forces_mae": [
    0.24192430675029755,
    0.2417299598455429,
    0.2414056181907654,
    0.24089463651180268,
    0.2399613842368126,
    0.23868451714515687,
    0.23707399219274522,
    0.23468229919672012,
    0.23181693106889725,
    0.22878968119621276
  ],
  "val_dipole_mae": [
    0.2571153208613396,
    0.2574361994862556,
    0.2576975166797638,
    0.25789271742105485,
    0.25801085978746413,
    0.25806587338447573,
    0.25801809430122374,
    0.25787149667739867,
    0.2576542928814888,
    0.25738390237092973
  ],
  "val_esp_mae": [
    0.016383692622184753,
    0.01626012474298477,
    0.016113976016640663,
    0.015921413898468018,
    0.015665309503674507,
    0.015391228720545769,
    0.015174981206655502,
    0.015104345977306366,
    0.015265516936779022,
    0.015722865238785744
  ],
  "epoch_times": [
    90.10230445861816,
    4.207809686660767,
    4.244214057922363,
    4.245496034622192,
    4.2387535572052,
    4.223840951919556,
    4.216521501541138,
    4.210351228713989,
    4.222076416015625,
    4.208366870880127
  ]
}