{
  "train_loss": [
    56.360622340619564,
    9.914173416037112,
    6.204748988751322,
    5.3772359753474595,
    4.446923265255988,
    3.9685349022336305,
    3.651952851878479,
    3.5901630402617157,
    3.183161839809269,
    4.213655126433819
  ],
  "val_loss": [
    6.360071005165577,
    4.662686752915382,
    4.200894685745239,
    5.366757020592689,
    2.685351965308189,
    2.8007863584160804,
    2.4953388293981553,
    2.4885648645758627,
    2.324135769188404,
    3.658609641969204
  ],
  "val_energy_mae": [
    0.4656275858879089,
    0.41877101612091067,
    0.4087936797142029,
    0.4073006157875061,
    0.40981298446655273,
    0.41868325662612915,
    0.4040993227958679,
    0.4036682577133179,
    0.40172399425506594,
    0.39787026643753054
  ],
  "val_forces_mae": [
    0.03482103691762313,
    0.025256104995380155,
    0.02347783711273223,
    0.02568773329211399,
    0.02264665022538975,
    0.023002559301676228,
    0.023337489014258608,
    0.023253387751523406,
    0.022673456368385813,
    0.023080880901776256
  ],
  "val_dipole_mae": [
    0.2456792882583104,
    0.22641530609736218,
    0.21991042850492523,
    0.18068987754546106,
    0.1354782381968107,
    0.13342807564185932,
    0.1178095820065937,
    0.11829714196978602,
    0.1047256514352921,
    0.2005896473256871
  ],
  "val_esp_mae": [
    0.00831801351159811,
    0.007961036637425423,
    0.00793939083814621,
    0.011425754986703396,
    0.00462100375443697,
    0.0048117307014763355,
    0.004176418762654066,
    0.004275287035852671,
    0.004031408578157425,
    0.007657799404114485
  ],
  "epoch_times": [
    521.6758632659912,
    497.0981161594391,
    511.6656322479248,
    514.0896456241608,
    517.8715131282806,
    516.2518799304962,
    515.8161573410034,
    507.2954771518707,
    506.3179700374603,
    521.7351334095001
  ]
}