{
  "train_loss": [
    482.88484916687014,
    69.41929740905762,
    17.402728188037873,
    11.4111882686615,
    8.86509473323822,
    7.6345389664173124,
    6.9634513556957245,
    6.403258836269378,
    6.201211184263229,
    5.831366622447968,
    5.740589052438736,
    5.472053968906403,
    5.2932092368602754,
    5.140494811534881,
    5.1017796158790585,
    5.173783659934998,
    4.913610875606537,
    4.893271332979202,
    4.8097729802131655,
    4.779210925102234,
    4.713240081071854,
    4.680324655771256,
    4.47567794919014,
    4.3551049560308455,
    4.30113100707531,
    4.2615400671958925,
    4.068300488591194,
    4.040764060616493,
    3.947154751420021,
    3.7533316373825074,
    3.6284379184246065,
    3.623120465874672,
    3.5986596047878265,
    3.541364017128944,
    3.2633563458919523,
    3.0802462458610536,
    3.025857907533646,
    3.0697470158338547,
    2.8583365797996523,
    3.040786451101303,
    2.687637659907341,
    2.8992909938097,
    2.5900049418210984,
    2.648639303445816,
    2.4491012036800384,
    2.410749214887619,
    2.3346832543611526,
    2.2655763059854506,
    2.270109698176384,
    2.206068088114262,
    2.1215279340744018,
    2.1218483671545982,
    1.9297317102551461,
    1.8563198551535607,
    1.8767419889569283,
    1.8654767781496049,
    1.9101879760622977,
    1.822283035516739,
    1.8001474440097809,
    1.7407596483826637,
    1.698468691110611,
    1.6361516043543816,
    1.7113217204809188,
    1.720876008272171,
    1.472215610742569,
    1.4988613098859787,
    1.5303050369024276,
    1.4173482730984688,
    1.381405694782734,
    1.4446196377277374,
    1.4168032675981521,
    1.445105953514576,
    1.317408838868141,
    1.2771488055586815,
    1.2062861703336238,
    1.4143481217324734,
    1.2315465271472932,
    1.175221934169531,
    1.3092156022787094,
    1.1496009290218354,
    1.1051887840032577,
    1.0434424251317977,
    1.093619453907013,
    1.1764317467808723,
    1.1521686337888242,
    1.041981614381075,
    1.0291163325309753,
    1.1536363370716571,
    0.9953574895858764,
    0.9823730945587158,
    1.081615576148033,
    0.9132512152194977,
    0.8964289225637913,
    0.9679129473865032,
    0.8816505432128906,
    0.9110803201794624,
    0.9164801359176635,
    0.9363416485488415,
    0.8889579772949219,
    0.8726107209920884
  ],
  "val_loss": [
    599.1645263671875,
    595.7677307128906,
    590.5939758300781,
    583.6224670410156,
    574.500634765625,
    562.9982788085938,
    548.8090637207031,
    532.2653961181641,
    513.4091735839844,
    492.5274353027344,
    469.72515258789065,
    445.3774871826172,
    419.86756591796876,
    393.5732116699219,
    366.9202941894531,
    340.305712890625,
    314.080322265625,
    288.4544311523438,
    263.74354400634763,
    240.15097045898438,
    217.59580078125,
    196.43062438964844,
    176.75262908935548,
    158.54405975341797,
    141.8076400756836,
    126.48435668945312,
    112.49375076293946,
    99.8771728515625,
    88.45268096923829,
    78.1912971496582,
    69.02169265747071,
    60.82860221862793,
    53.604427337646484,
    47.125969314575194,
    41.45396766662598,
    36.42207145690918,
    31.916511154174806,
    28.043618392944335,
    24.622002792358398,
    21.648372840881347,
    19.03025665283203,
    16.80103530883789,
    14.866483211517334,
    13.153173160552978,
    11.670948219299316,
    10.39179277420044,
    9.299978351593017,
    8.314861679077149,
    7.496552658081055,
    6.764266061782837,
    6.151488590240478,
    5.5929728031158445,
    5.124233818054199,
    4.702115774154663,
    4.329471492767334,
    4.01781542301178,
    3.7363227128982546,
    3.4792359352111815,
    3.2702481746673584,
    3.065075659751892,
    2.8968303203582764,
    2.731653904914856,
    2.5857763290405273,
    2.455220365524292,
    2.3376962661743166,
    2.2299198389053343,
    2.137491226196289,
    2.04312504529953,
    1.9706572532653808,
    1.8869688630104064,
    1.8258807182312011,
    1.7497878074645996,
    1.6901215314865112,
    1.6375558137893678,
    1.5847509264945985,
    1.5414275765419005,
    1.4989639401435852,
    1.457685387134552,
    1.4227951169013977,
    1.3900782108306884,
    1.3606438994407655,
    1.324837565422058,
    1.2934494018554688,
    1.2684133648872375,
    1.2394650816917419,
    1.2115065813064576,
    1.1833399057388305,
    1.159966278076172,
    1.140835976600647,
    1.1134160518646241,
    1.0930372953414917,
    1.0706977903842927,
    1.0484936714172364,
    1.0268622159957885,
    1.0080629646778108,
    0.9850890457630157,
    0.9662596642971039,
    0.9469591736793518,
    0.9328701078891755,
    0.9167231678962707
  ],
  "val_energy_mae": [
    9.921716976165772,
    9.893435955047607,
    9.853162670135498,
    9.797116756439209,
    9.722569751739503,
    9.627674770355224,
    9.510406112670898,
    9.370051956176757,
    9.205556297302246,
    9.017762470245362,
    8.807947158813477,
    8.57712516784668,
    8.327991962432861,
    8.062432622909546,
    7.7828004360198975,
    7.492110633850098,
    7.19386134147644,
    6.889574432373047,
    6.582550144195556,
    6.275336599349975,
    5.96754469871521,
    5.664448499679565,
    5.366289758682251,
    5.0752753734588625,
    4.791734647750855,
    4.516367483139038,
    4.250054597854614,
    3.9935638904571533,
    3.7475029468536376,
    3.5105372428894044,
    3.2860027551651,
    3.071842908859253,
    2.8692266225814818,
    2.6751714944839478,
    2.493082046508789,
    2.3212700366973875,
    2.1555431365966795,
    2.0017754197120667,
    1.8564221501350402,
    1.7210226893424987,
    1.5925760626792909,
    1.473722469806671,
    1.3640601754188537,
    1.2597161293029786,
    1.1622267723083497,
    1.0706257939338684,
    0.9867106795310974,
    0.9064816892147064,
    0.8347400069236756,
    0.7653819680213928,
    0.7035533607006073,
    0.6463631391525269,
    0.5945033609867096,
    0.5459284722805023,
    0.5040257513523102,
    0.46726842522621154,
    0.4335023254156113,
    0.4026897311210632,
    0.3767582267522812,
    0.35246434807777405,
    0.3332066714763641,
    0.31327528357505796,
    0.29667477011680604,
    0.2817854404449463,
    0.2694877445697784,
    0.25783235132694243,
    0.24673996567726136,
    0.23747658729553223,
    0.22961898893117905,
    0.22027063220739365,
    0.21321315169334412,
    0.2065873622894287,
    0.20071942657232283,
    0.19491304606199264,
    0.1887897565960884,
    0.18459054827690125,
    0.1806994065642357,
    0.17661758810281752,
    0.17209522277116776,
    0.16934501230716706,
    0.16611078679561614,
    0.16231045573949815,
    0.15949285179376602,
    0.15672997534275054,
    0.15488626807928085,
    0.1527772903442383,
    0.15047630220651625,
    0.14844107776880264,
    0.14762526005506516,
    0.14416103810071945,
    0.14332160651683806,
    0.1416911318898201,
    0.1400124430656433,
    0.13802385553717614,
    0.13675809204578399,
    0.13511969447135924,
    0.13404107093811035,
    0.13260962143540383,
    0.13259341567754745,
    0.13127939030528069
  ],