{
  "train_loss": [
    490.0483623504639,
    80.65446057319642,
    17.415437865257264,
    11.303157198429108,
    9.02043879032135,
    7.822130078077317,
    7.159728723764419,
    6.535888314247131,
    6.305012726783753,
    6.08339609503746
  ],
  "val_loss": [
    599.2063903808594,
    595.8760131835937,
    590.8444396972657,
    583.8607177734375,
    574.6600158691406,
    563.1136596679687,
    549.0171081542969,
    532.32236328125,
    513.1474090576172,
    491.89707336425784
  ],
  "val_energy_mae": [
    9.921728038787842,
    9.893058681488037,
    9.852022266387939,
    9.794777488708496,
    9.718688011169434,
    9.621733379364013,
    9.502349281311036,
    9.35912265777588,
    9.19230375289917,
    9.002186012268066
  ],
  "val_forces_mae": [
    0.24250242561101915,
    0.2425964042544365,
    0.24206261783838273,
    0.2410312920808792,
    0.23919132649898528,
    0.23655963093042373,
    0.2332572042942047,
    0.22921896427869798,
    0.22462329268455505,
    0.2196669712662697
  ],
  "val_dipole_mae": [
    0.2543509602546692,
    0.2533374473452568,
    0.25219829976558683,
    0.25096759349107745,
    0.24978240728378295,
    0.24875872433185578,
    0.2479194939136505,
    0.24721435308456421,
    0.24661081731319429,
    0.24611360728740692
  ],
  "val_esp_mae": [
    0.017011471092700958,
    0.016491388902068138,
    0.016013916581869125,
    0.015584047883749008,
    0.01519713830202818,
    0.014835474081337452,
    0.014493412338197231,
    0.014163044281303883,
    0.01383931189775467,
    0.01351425051689148
  ],
  "epoch_times": [
    23.52925682067871,
    7.303650617599487,
    7.713315010070801,
    7.977092504501343,
    7.965604543685913,
    7.412856578826904,
    7.776544570922852,
    8.12573504447937,
    7.7034502029418945,
    8.397462368011475
  ]
}