{
  "mae": 0.16446243226528168,
  "rmse": 0.2441636472940445,
  "r2": 0.9989670515060425,
  "mean_error": -0.07621500641107559,
  "std_error": 0.23196369409561157,
  "max_abs_error": 1.9542465209960938,
  "mae_kcal_mol": 3.7925612926483154,
  "rmse_kcal_mol": 5.630499362945557,
  "mean_error_kcal_mol": -1.757544755935669,
  "std_error_kcal_mol": 5.349164009094238,
  "max_abs_error_kcal_mol": 45.065608978271484,
  "mae_overall": 0.018535993993282318,
  "rmse_overall": 0.025696003809571266,
  "r2_overall": 0.9649775624275208,
  "r_overall": 0.9823622760265582,
  "mae_x": 0.019078407436609268,
  "mae_y": 0.018102344125509262,
  "mae_z": 0.018427234143018723,
  "r2_x": 0.9657237529754639,
  "r2_y": 0.9656797051429749,
  "r2_z": 0.9634557962417603,
  "mae_components": [
    0.30601081252098083,
    0.3041001260280609,
    0.3051091432571411
  ],
  "mae_magnitude": 0.018759487196803093,
  "rmse_magnitude": 0.02726089581847191,
  "r2_magnitude": 0.9481178522109985,
  "mae_overall_kcal_mol_ang": 7.035098552703857,
  "rmse_overall_kcal_mol_ang": 11.46886157989502,
  "mae_x_kcal_mol_ang": 7.056716442108154,
  "mae_y_kcal_mol_ang": 7.012655258178711,
  "mae_z_kcal_mol_ang": 7.035923957824707,
  "mae_magnitude_kcal_mol_ang": 9.146736145019531,
  "rmse_magnitude_kcal_mol_ang": 15.071126937866211,
  "r": 0.9994849329293078,
  "mae_overall_debye": 0.018535993993282318,
  "rmse_overall_debye": 0.025696003809571266,
  "mae_x_debye": 0.019078407436609268,
  "mae_y_debye": 0.018102344125509262,
  "mae_z_debye": 0.018427234143018723,
  "mae_magnitude_debye": 0.018759487196803093,
  "rmse_magnitude_debye": 0.02726089581847191
}