{
  "train_loss": [
    458.6129856109619,
    55.697434830665586,
    19.17839071750641,
    12.3407972574234,
    9.508899331092834,
    7.840742689371109,
    6.577868449687958,
    5.984000396728516,
    5.378408491611481,
    4.972050535678863
  ],
  "val_loss": [
    598.9227844238281,
    595.9709289550781,
    591.6172912597656,
    585.5950256347656,
    577.5665954589844,
    567.2533569335938,
    554.4572387695313,
    539.2021850585937,
    521.4739593505859,
    501.51800842285155
  ],
  "val_energy_mae": [
    9.927851009368897,
    9.910158443450928,
    9.882457256317139,
    9.841070175170898,
    9.781940937042236,
    9.701264190673829,
    9.596545314788818,
    9.466611576080322,
    9.311372184753418,
    9.130760669708252
  ],
  "val_forces_mae": [
    0.24196692705154418,
    0.24091328978538512,
    0.23927455842494966,
    0.2371540516614914,
    0.23463941365480423,
    0.23167115002870559,
    0.228186896443367,
    0.22446727156639099,
    0.22021790742874145,
    0.21556731015443803
  ],
  "val_dipole_mae": [
    0.2588983327150345,
    0.25919121950864793,
    0.2593610942363739,
    0.2595076709985733,
    0.25964991450309755,
    0.25975259244441984,
    0.2597672238945961,
    0.2596442043781281,
    0.2593673273921013,
    0.25893273055553434
  ],
  "val_esp_mae": [
    0.017596246674656868,
    0.017182301729917526,
    0.016775144264101982,
    0.016359586268663406,
    0.01593169942498207,
    0.01549049373716116,
    0.015042122453451157,
    0.014598831534385681,
    0.014160960912704468,
    0.01373712345957756
  ],
  "epoch_times": [
    22.813152074813843,
    3.6004531383514404,
    3.6427040100097656,
    3.6643941402435303,
    3.658186435699463,
    3.7397139072418213,
    3.667153835296631,
    3.7015798091888428,
    3.6457560062408447,
    3.694016456604004
  ]
}