{
  "mae": 0.164856418967247,
  "rmse": 0.24472887814044952,
  "r2": 0.9988833665847778,
  "mean_error": -0.07630207389593124,
  "std_error": 0.23253004252910614,
  "max_abs_error": 1.9620590209960938,
  "mae_kcal_mol": 3.8016467094421387,
  "rmse_kcal_mol": 5.643533706665039,
  "mean_error_kcal_mol": -1.7595525979995728,
  "std_error_kcal_mol": 5.362224102020264,
  "max_abs_error_kcal_mol": 45.24576950073242,
  "mae_overall": 0.01863161288201809,
  "rmse_overall": 0.025711340829730034,
  "r2_overall": 0.9649776220321655,
  "r_overall": 0.9823622649999149,
  "mae_x": 0.018251590430736542,
  "mae_y": 0.018089577555656433,
  "mae_z": 0.019553666934370995,
  "r2_x": 0.9654157161712646,
  "r2_y": 0.9654816389083862,
  "r2_z": 0.964028537273407,
  "mae_components": [
    0.3053395450115204,
    0.30508875846862793,
    0.30700406432151794
  ],
  "mae_magnitude": 0.018783284351229668,
  "rmse_magnitude": 0.027293486520648003,
  "r2_magnitude": 0.9481168985366821,
  "mae_overall_kcal_mol_ang": 7.052104473114014,
  "rmse_overall_kcal_mol_ang": 11.468857765197754,
  "mae_x_kcal_mol_ang": 7.041236877441406,
  "mae_y_kcal_mol_ang": 7.035453796386719,
  "mae_z_kcal_mol_ang": 7.079621315002441,
  "mae_magnitude_kcal_mol_ang": 9.146932601928711,
  "rmse_magnitude_kcal_mol_ang": 15.071269989013672,
  "r": 0.9994434765469089,
  "mae_overall_debye": 0.01863161288201809,
  "rmse_overall_debye": 0.025711340829730034,
  "mae_x_debye": 0.018251590430736542,
  "mae_y_debye": 0.018089577555656433,
  "mae_z_debye": 0.019553666934370995,
  "mae_magnitude_debye": 0.018783284351229668,
  "rmse_magnitude_debye": 0.027293486520648003
}