{
  "mae": 0.4460698068141937,
  "rmse": 0.6160939335823059,
  "r2": 0.3815386891365051,
  "mean_error": -0.0080069899559021,
  "std_error": 0.616041898727417,
  "max_abs_error": 3.8469009399414062,
  "mae_kcal_mol": 10.28652572631836,
  "rmse_kcal_mol": 14.207342147827148,
  "mean_error_kcal_mol": -0.18464399874210358,
  "std_error_kcal_mol": 14.20614242553711,
  "max_abs_error_kcal_mol": 88.71088409423828,
  "mae_overall": 0.3571326434612274,
  "rmse_overall": 0.5758011937141418,
  "r2_overall": 0.9001903533935547,
  "r_overall": 0.9489262537116594,
  "mae_x": 0.3591430187225342,
  "mae_y": 0.36266908049583435,
  "mae_z": 0.34958580136299133,
  "r2_x": 0.9011101126670837,
  "r2_y": 0.9009872674942017,
  "r2_z": 0.8984460234642029,
  "mae_components": [
    0.5318651795387268,
    0.5360457897186279,
    0.5272272229194641
  ],
  "mae_magnitude": 0.37822285294532776,
  "rmse_magnitude": 0.6132060289382935,
  "r2_magnitude": 0.8658193349838257,
  "mae_overall_kcal_mol_ang": 12.261481285095215,
  "rmse_overall_kcal_mol_ang": 19.361251831054688,
  "mae_x_kcal_mol_ang": 12.264997482299805,
  "mae_y_kcal_mol_ang": 12.361403465270996,
  "mae_z_kcal_mol_ang": 12.158044815063477,
  "mae_magnitude_kcal_mol_ang": 15.50297737121582,
  "rmse_magnitude_kcal_mol_ang": 24.237165451049805,
  "r": 0.6180691814359517,
  "mae_overall_debye": 0.3571326434612274,
  "rmse_overall_debye": 0.5758011937141418,
  "mae_x_debye": 0.3591430187225342,
  "mae_y_debye": 0.36266908049583435,
  "mae_z_debye": 0.34958580136299133,
  "mae_magnitude_debye": 0.37822285294532776,
  "rmse_magnitude_debye": 0.6132060289382935
}