{
  "dcmnet": {
    "name": "DCMNet (Equivariant)",
    "training_time": 0,
    "inference_time": 0,
    "memory_usage_mb": 0.0,
    "num_parameters": 324004,
    "val_energy_mae": 0.05063481442630291,
    "val_forces_mae": 0.003666531783528626,
    "val_dipole_mae": 0.04087930768728256,
    "val_esp_mae": 0.004369776695966721,
<<<<<<< HEAD
    "rotation_error_dipole": 0.0004493091015319806,
    "rotation_error_esp": 8.829979042275226e-05,
    "translation_error_dipole": 2.662133258368726e-06,
    "translation_error_esp": 1.1438524051943233e-06
=======
    "rotation_error_dipole": 0.0004581401706673205,
    "rotation_error_esp": 7.948985203256597e-05,
    "translation_error_dipole": 1.0116465883669433e-06,
    "translation_error_esp": 1.311792099389919e-07
>>>>>>> 6efd228e (studix0)
  },
  "noneq": {
    "name": "Non-Equivariant",
    "training_time": 0,
    "inference_time": 0,
    "memory_usage_mb": 0.0,
    "num_parameters": 26673890,
    "val_energy_mae": 0.7889682233333588,
    "val_forces_mae": 0.0321594599634409,
    "val_dipole_mae": 0.18952436298131942,
    "val_esp_mae": 0.006909996271133423,
    "rotation_error_dipole": 0.06216661860235036,
    "rotation_error_esp": 0.0048973653465509415,
    "translation_error_dipole": 6.740531061524279e-05,
    "translation_error_esp": 3.497011584796539e-06
  },
  "args": {}
}