{"forces": {"__ndarray__": [[29, 3], "float32", [-0.0004775524139404297, 0.0009917020797729492, -0.0020744800567626953, 0.0013839006423950195, -0.0009232014417648315, 0.0008817911148071289, -0.0005419254302978516, -0.000596165657043457, 0.00027011334896087646, -0.0020768195390701294, -0.0003205537796020508, -0.001825571060180664, -0.00200575590133667, -0.001285851001739502, 0.0009309053421020508, 0.002106897532939911, -0.002037912607192993, 0.0016199350357055664, -0.0005079209804534912, -0.0008130073547363281, 0.0034573376178741455, 4.740804433822632e-05, 0.0013208724558353424, 0.0012256205081939697, 0.00031191110610961914, -0.0033904314041137695, -0.0003273710608482361, 0.002015829086303711, -0.005130648612976074, -0.0016310513019561768, 0.004918336868286133, -0.005593657493591309, 0.00661998987197876, 0.0001518726348876953, 0.0018047094345092773, -0.0012399554252624512, 0.05896184593439102, 0.25682884454727173, -0.04105740785598755, 0.0009002685546875, -8.003413677215576e-05, -0.00019097328186035156, -0.0006111264228820801, 0.0005170013755559921, 0.0006655454635620117, -0.0009110718965530396, -0.00034114718437194824, 3.0487775802612305e-05, -0.00031003355979919434, 0.0005607008934020996, -0.0005578696727752686, -0.0007010102272033691, 0.0006358921527862549, -0.0004290025681257248, 0.00021141767501831055, 0.001025363802909851, -0.0010527819395065308, -0.0010691583156585693, 0.0007119476795196533, 0.0005086660385131836, -0.0008840262889862061, 0.000337749719619751, -0.0005500912666320801, -0.0006007552146911621, -0.0001493692398071289, -0.0020674467086791992, 0.000265657901763916, 0.001917123794555664, -0.0018090903759002686, -0.00022923946380615234, 0.00029850006103515625, -0.00048276782035827637, 0.0012819170951843262, -0.00033683329820632935, -0.000195993110537529, 0.0007458031177520752, 0.00130520761013031, 0.0005841851234436035, 0.0015683770179748535, 0.010659359395503998, -0.001089140772819519, -0.0651831403374672, -0.2588501274585724, 0.04497745633125305, 0.0012382268905639648, 0.000934302806854248, -0.005190674215555191]]}, "dipole": {"__ndarray__": [[3], "float32", [-0.153801828622818, 3.605039358139038, -1.990119457244873]]}}