{"forces": {"__ndarray__": [[29, 3], "float32", [0.0015202760696411133, -0.0006840229034423828, 0.0047953128814697266, -0.002825915813446045, -0.0011707991361618042, -0.002196073532104492, 0.0013341903686523438, -0.008287549018859863, 0.0048507750034332275, -0.002192869782447815, -0.0020805001258850098, 0.0005012750625610352, 0.019745156168937683, -0.04776446521282196, 0.07527297735214233, 0.0008805990219116211, 0.001965463161468506, -0.00035947561264038086, -0.00011962652206420898, 0.0008102655410766602, 0.00016164779663085938, -0.0008649863302707672, 0.0005803201347589493, -0.0010326504707336426, -0.0012477338314056396, -0.0003223717212677002, -0.00012321770191192627, 4.649162292480469e-06, -0.0011194944381713867, 0.0007490217685699463, -0.001254737377166748, -0.0016027092933654785, -0.0003770589828491211, 0.0022792816162109375, -0.0009646415710449219, 0.0017194747924804688, -0.0008232370018959045, 0.0005851089954376221, 0.0010025501251220703, 0.003311663866043091, 0.0017557293176651, -0.0029046833515167236, 0.0006642639636993408, 7.82310962677002e-07, 0.0014190077781677246, 0.0008732564747333527, 0.0012817978858947754, -0.000723421573638916, -0.013651758432388306, 0.06093582510948181, -0.07094980776309967, 0.0011575818061828613, -0.01806265115737915, 0.0050453245639801025, -0.008258551359176636, 0.01720377802848816, -0.012847572565078735, -0.0014528930187225342, -0.002871483564376831, -1.9609928131103516e-05, -0.0011263489723205566, -0.0006053745746612549, -0.00042076408863067627, 0.00010228157043457031, 0.0001322031021118164, -0.00015667080879211426, 0.0004342198371887207, -9.715557098388672e-06, -0.00023379921913146973, -0.0002737194299697876, -2.5451183319091797e-05, 0.00048422813415527344, 0.0005651116371154785, -0.00029712915420532227, -0.0006487052887678146, 0.00045353174209594727, 0.0007758438587188721, -0.00023740530014038086, 0.000909954309463501, 6.564706563949585e-05, -0.0010215044021606445, 0.00020985305309295654, 1.2278556823730469e-05, -0.0012052059173583984, -0.00035321712493896484, -0.00023686885833740234, -0.0005444511771202087]]}, "dipole": {"__ndarray__": [[3], "float32", [-0.15440680086612701, 3.6046667098999023, -1.991091251373291]]}}