{"forces": {"__ndarray__": [[29, 3], "float32", [6.80685043334961e-05, 0.0015978813171386719, 0.0025947093963623047, -0.0009454786777496338, 0.0027462542057037354, -0.0028023719787597656, -0.002427220344543457, -0.0007242560386657715, 0.0009160637855529785, 0.0011557675898075104, -0.0021759122610092163, -0.0013593435287475586, 0.0008534789085388184, -0.0013896822929382324, 0.0002186298370361328, 0.005639754235744476, 1.4722347259521484e-05, -0.009585678577423096, -0.05698394775390625, 0.022243738174438477, 0.17943522334098816, -0.0038526467978954315, -0.003935676068067551, -0.00784359872341156, 0.00013846158981323242, -0.0002091825008392334, 0.0003639981150627136, -0.0015635490417480469, -0.0018868446350097656, 0.0021726489067077637, -0.00017315149307250977, -0.000913083553314209, -0.0019062161445617676, 0.0016404390335083008, -9.310245513916016e-05, 0.0008457303047180176, -0.0018475353717803955, 0.0012807399034500122, 0.0011650919914245605, 0.001401461660861969, 0.0011210441589355469, 0.0005665123462677002, 0.0009258687496185303, 0.0006620697677135468, -8.618831634521484e-05, -0.00018828362226486206, 0.0023055076599121094, 0.001486361026763916, -9.965896606445312e-05, 0.0007961690425872803, -9.784102439880371e-05, -0.0004271268844604492, 0.00034299492835998535, 8.097290992736816e-05, 0.001253575086593628, 0.0012883394956588745, -0.0006209313869476318, 0.0005732476711273193, -0.0021021664142608643, 0.0007229447364807129, -0.004506319761276245, 0.004016578197479248, 0.010759323835372925, 0.059268414974212646, -0.028025567531585693, -0.17375069856643677, 0.0020888149738311768, 0.0014334321022033691, 0.0007753968238830566, -0.0002853274345397949, 0.00022137165069580078, -5.188584327697754e-05, -0.001879572868347168, 0.0004059150815010071, -0.0010351482778787613, -0.0005774796009063721, 0.00015249848365783691, -0.0014908909797668457, 0.0004150569438934326, 1.1309981346130371e-05, -0.0011743158102035522, -0.0001309327781200409, 0.000650450587272644, -0.0005519390106201172, 0.00046557188034057617, 0.00016355514526367188, 0.0002527572214603424]]}, "dipole": {"__ndarray__": [[3], "float32", [-0.15564124286174774, 3.604154348373413, -1.985298752784729]]}}