{"forces": {"__ndarray__": [[29, 3], "float32", [-0.0003979206085205078, 0.0006332993507385254, 0.003069639205932617, 0.00020897388458251953, -0.0005470514297485352, 0.00033974647521972656, -0.0034178495407104492, -0.0005195736885070801, -0.001499459147453308, 0.002001442015171051, 0.001337304711341858, 0.0006591677665710449, -0.0030716881155967712, 0.00010637938976287842, -0.0009161829948425293, 0.004163868725299835, 0.0007364153861999512, -0.005624294281005859, -0.07692500948905945, 0.017492353916168213, 0.06332534551620483, -0.0027483291923999786, 0.004548467695713043, 0.009480923414230347, -0.0006197988986968994, 0.00046774744987487793, 0.003748178482055664, -0.004083156585693359, 0.0006773471832275391, 0.002998843789100647, 0.0024143457412719727, -0.006838977336883545, -0.0008363127708435059, 0.0017309784889221191, 0.0015609264373779297, 0.0018593072891235352, -0.001324627548456192, 0.0007515549659729004, 0.002329796552658081, -0.00028095394372940063, -0.00023409724235534668, -0.0012370049953460693, 0.0007437765598297119, 0.0007038116455078125, -0.0004933178424835205, 0.00011430121958255768, -0.0013496875762939453, -0.0015312135219573975, 0.0007803738117218018, -0.0012252330780029297, 9.945034980773926e-05, -0.0004253387451171875, -6.648898124694824e-05, 0.0005800686776638031, 0.0012533962726593018, 0.0009350031614303589, 0.00043326616287231445, 0.000323563814163208, -0.0021009743213653564, 0.00026237964630126953, 0.004936546087265015, -0.004708349704742432, -0.011635705828666687, 0.07051479816436768, -0.014862596988677979, -0.06043192744255066, 0.004151403903961182, 0.001315772533416748, -0.0017963647842407227, 9.712576866149902e-05, 0.0005703568458557129, 0.001316666603088379, -0.0009740889072418213, -0.0004373416304588318, -0.00036881864070892334, 0.0014352202415466309, 0.0003092437982559204, -0.0009456872940063477, -0.00046437978744506836, 0.0008488073945045471, -0.0012595951557159424, -0.0006192326545715332, 4.9620866775512695e-05, -0.0006355345249176025, 0.0004818737506866455, -0.00015494227409362793, -0.001291755586862564]]}, "dipole": {"__ndarray__": [[3], "float32", [-0.158888578414917, 3.605722427368164, -1.989046573638916]]}}