{"forces": {"__ndarray__": [[29, 3], "float32", [-0.001637578010559082, 0.0010758042335510254, -0.0002231597900390625, -0.0009216666221618652, 0.0002386718988418579, -0.003732442855834961, 0.0016976594924926758, -0.004080414772033691, 0.0020579248666763306, -0.0772484615445137, 0.0478111207485199, 0.032440900802612305, 0.0010438710451126099, -0.0009059756994247437, -0.0005219578742980957, 0.0016246885061264038, -0.0005155503749847412, -0.0005604028701782227, 0.001187443733215332, 0.0012570619583129883, 0.003975212574005127, -0.00015040487051010132, -0.0012905355542898178, 0.00012780725955963135, 0.00040924549102783203, 0.0015504658222198486, 0.001052863895893097, 0.00038909912109375, -0.003277420997619629, -4.589557647705078e-05, -0.001351773738861084, 0.001662611961364746, -0.0011098384857177734, 0.0007625222206115723, -0.00030875205993652344, 0.0018333792686462402, 0.00024393945932388306, 0.0019033104181289673, 0.00041177868843078613, -0.005708910524845123, 0.016457706689834595, 0.01360940933227539, 0.0035132169723510742, -0.001411953940987587, -0.005084902048110962, 0.07658363878726959, -0.05474652349948883, -0.03569120168685913, 0.0008237361907958984, -0.0008279383182525635, -0.0006019175052642822, 0.0015299320220947266, -0.001217186450958252, -0.0006321445107460022, 0.0001659691333770752, 0.0004425048828125, -0.000665023922920227, -0.0006549954414367676, -0.0014797449111938477, -0.003308534622192383, 0.00040522217750549316, -0.00033023953437805176, -0.000794142484664917, 0.0006452202796936035, -0.0004639625549316406, -0.00196133553981781, -0.0002606511116027832, -0.0009335875511169434, 0.00048726797103881836, -0.0004343688488006592, 1.0728836059570312e-05, 0.0003566741943359375, -0.001426607370376587, -0.0010241791605949402, 0.0006770649924874306, 7.712841033935547e-05, -0.0010774880647659302, -0.0013922452926635742, -0.000943988561630249, 0.0011758729815483093, -0.0010308772325515747, 0.0001493319869041443, 0.0003673732280731201, -0.0004830360412597656, -0.0005120635032653809, -6.23464584350586e-05, 0.0008085481822490692]]}, "dipole": {"__ndarray__": [[3], "float32", [-0.15523745119571686, 3.605942726135254, -1.9870153665542603]]}}