{"forces": {"__ndarray__": [[29, 3], "float32", [0.0010753870010375977, 0.0015131831169128418, -0.0002989768981933594, -0.0023674964904785156, -0.001062840223312378, -0.0013622045516967773, -0.0011394023895263672, -0.0011733770370483398, 0.0018646270036697388, 0.00036545097827911377, -0.0001642853021621704, -0.000997006893157959, -5.307793617248535e-05, -0.0009615570306777954, -0.0003129243850708008, 0.0025828704237937927, -0.0003560483455657959, -0.000470578670501709, -0.001142352819442749, -0.00046181678771972656, 0.0012383759021759033, 0.000208243727684021, -0.0007751770317554474, 0.0015438348054885864, -0.0002073049545288086, -0.0006383061408996582, 0.00039455294609069824, -0.004659414291381836, -0.0013750791549682617, -0.0021983683109283447, -0.001634359359741211, 0.002688586711883545, -0.005948960781097412, 0.000591278076171875, -0.0004786252975463867, 0.0032772421836853027, -0.023486584424972534, -0.06483517587184906, -0.13839998841285706, -0.0002419799566268921, -6.924569606781006e-05, -1.558661460876465e-05, -0.0009389817714691162, -0.00015400443226099014, -0.0006871223449707031, -0.0011962484568357468, -0.0006155073642730713, -0.000873953104019165, 1.558661460876465e-05, 0.00045755505561828613, 2.3916363716125488e-05, 0.0003255009651184082, 0.00010475516319274902, 0.0004781670868396759, -0.00011321902275085449, 0.0002786964178085327, 0.0002530515193939209, -0.0005575418472290039, 0.0005066096782684326, 0.0005384683609008789, -0.0007173418998718262, 0.0013829171657562256, -0.00037266314029693604, -0.0006644725799560547, 0.0009554028511047363, -0.00037932395935058594, 0.00047010183334350586, 0.0018862485885620117, -0.0023490488529205322, 0.0010382533073425293, 0.001735985279083252, 0.0006355941295623779, -0.0009044110774993896, 0.0012730807065963745, -0.0015729088336229324, 0.0006462037563323975, -0.0006770193576812744, -0.00045680999755859375, 0.041373103857040405, 0.06557650864124298, 0.1497829258441925, -0.0027202926576137543, 0.0007630884647369385, 0.00916174054145813, -0.005946636199951172, -0.005324766039848328, -0.012496251612901688]]}, "dipole": {"__ndarray__": [[3], "float32", [-0.15486180782318115, 3.6038637161254883, -1.9898526668548584]]}}