{"forces": {"__ndarray__": [[29, 3], "float32", [-0.00025582313537597656, -0.00044608116149902344, 0.00148773193359375, -0.0045008063316345215, 0.005270719528198242, -0.0019366741180419922, -0.0015527009963989258, 0.0044626593589782715, -0.0012709051370620728, 0.0002877861261367798, -0.0005312711000442505, 0.0024434924125671387, -0.001265197992324829, -0.0011359751224517822, 5.650520324707031e-05, -0.005301147699356079, 0.012789011001586914, 0.003939211368560791, 0.0026259124279022217, -0.0016046762466430664, 0.0025105178356170654, 0.0027592554688453674, 0.0026138778775930405, 0.0022259950637817383, 0.0021190643310546875, -0.000733107328414917, -2.7105212211608887e-05, 0.010697364807128906, 0.021096229553222656, 0.016745492815971375, 0.04247105121612549, 0.11393660306930542, 0.05352580547332764, -0.04943835735321045, -0.16071045398712158, -0.07770836353302002, 3.118067979812622e-05, -0.0015681087970733643, -0.0025328099727630615, -0.0012513846158981323, 0.0022856146097183228, 0.0005900859832763672, 0.0011401474475860596, 0.0019660554826259613, 0.0006491541862487793, 0.0018211789429187775, -0.00019291043281555176, -0.0007561445236206055, 0.0014455318450927734, 0.0006057620048522949, 0.00018423795700073242, -0.0012091398239135742, 0.0010939240455627441, 0.0015074387192726135, 0.001394808292388916, 0.0008878558874130249, -5.365908145904541e-05, -0.0016737580299377441, 0.0025982558727264404, 0.0009055137634277344, -0.002260833978652954, -0.00043767690658569336, -0.00196857750415802, -0.0022711753845214844, 3.361701965332031e-05, -0.0002652853727340698, -0.00046902894973754883, 9.5367431640625e-06, -0.0026650726795196533, -0.0016929805278778076, 0.0003661513328552246, -0.0008108913898468018, 0.00036138296127319336, -0.0008913204073905945, -0.0016496982425451279, -6.145238876342773e-05, -0.0006096512079238892, 0.0008287429809570312, 0.0005762279033660889, -0.001940123736858368, 0.0006690323352813721, 0.00456622987985611, 0.0024868547916412354, 0.00296059250831604, 0.0009066164493560791, -0.0017018616199493408, 0.0004155971109867096]]}, "dipole": {"__ndarray__": [[3], "float32", [-0.15717332065105438, 3.601369857788086, -1.9859076738357544]]}}