{"forces": {"__ndarray__": [[29, 3], "float32", [-0.001492619514465332, -0.0013548731803894043, 0.0043604373931884766, -0.012893229722976685, -0.002976462244987488, -0.006552219390869141, 0.0091019868850708, 0.011180639266967773, -0.10684293508529663, -0.030774831771850586, 0.002805277705192566, 0.2850629687309265, 0.005104005336761475, 0.0017985701560974121, -0.004361629486083984, -0.009487420320510864, -0.0009522140026092529, -0.006024956703186035, 0.0013051033020019531, 0.0015804171562194824, -0.0017431378364562988, 0.0002498328685760498, -0.0012198872864246368, 0.0005629509687423706, -0.0007230043411254883, 0.0021548867225646973, -0.0008981004357337952, 0.0019870996475219727, -0.00339353084564209, 0.0018164068460464478, 0.0007093548774719238, 0.0012503862380981445, -0.0011549592018127441, 0.0014992952346801758, -0.0031584501266479492, 0.0016049742698669434, -0.0010561645030975342, 0.0014648288488388062, 0.001319795846939087, -0.012044072151184082, -0.004628613591194153, -0.033616721630096436, 0.013283878564834595, 0.03206586092710495, -0.05806884169578552, 0.03451590612530708, -0.03378632664680481, -0.07066580653190613, -0.001853257417678833, -0.0028232336044311523, -0.0003611147403717041, 0.0011044740676879883, 0.000396728515625, -0.0031074099242687225, -0.004513949155807495, -0.00015166401863098145, 0.0019722580909729004, 0.004389017820358276, 0.000638812780380249, -0.0025272369384765625, 0.00014963746070861816, -0.0011829733848571777, -0.00019490718841552734, 0.0012656450271606445, -0.0005997419357299805, 0.00046071410179138184, 0.0003829002380371094, -0.0014671683311462402, -2.8848648071289062e-05, 0.00017064809799194336, -0.0009094476699829102, 0.0007925331592559814, -0.0007083415985107422, -0.0008400604128837585, 0.0005782805383205414, -6.404519081115723e-05, -0.0006276071071624756, -0.0008668899536132812, -0.0008782744407653809, 0.0016380995512008667, -0.0007243752479553223, 8.104369044303894e-05, 0.0013421624898910522, 4.652142524719238e-05, 0.0011884570121765137, 0.0017551779747009277, -0.0008370541036128998]]}, "dipole": {"__ndarray__": [[3], "float32", [-0.15532179176807404, 3.608376979827881, -1.989952802658081]]}}