{"forces": {"__ndarray__": [[29, 3], "float32", [-0.0024144649505615234, 0.002225041389465332, -0.004450321197509766, -5.179643630981445e-05, -0.002452939748764038, 0.004908084869384766, -0.0028036832809448242, -0.0011928677558898926, 0.001082494854927063, -0.0013315454125404358, -0.0028260499238967896, -0.001112222671508789, 0.0017987340688705444, -0.002104520797729492, 0.0002536773681640625, 1.8708407878875732e-05, 0.007141023874282837, 0.002164304256439209, 0.0026194602251052856, -0.0013272762298583984, 0.000690162181854248, 0.0006062164902687073, 0.0009134877473115921, 0.00033132731914520264, -0.00211334228515625, -0.0037158429622650146, -0.0008595958352088928, 0.00019419193267822266, -0.011871099472045898, -0.0019757598638534546, 0.15177083015441895, -0.01901012659072876, 0.04997676610946655, -0.003045797348022461, -0.0014673471450805664, 0.003616154193878174, -0.38263261318206787, -0.04755353927612305, 0.022179722785949707, 0.0027123242616653442, 0.0011678338050842285, 0.00010719895362854004, 0.0022310614585876465, -0.0005440488457679749, 0.0015791654586791992, -0.00014505907893180847, 0.0008498132228851318, 0.0010442733764648438, 0.002241581678390503, 0.0010555684566497803, -0.0008830875158309937, 0.001684725284576416, 0.0006854534149169922, -5.425885319709778e-05, 0.00278434157371521, 0.0006567537784576416, -0.0010872185230255127, -0.00017777085304260254, -0.0019397735595703125, -0.0019164085388183594, -0.0008137226104736328, -0.00015598535537719727, 0.000603988766670227, 0.0009368062019348145, -0.0011071562767028809, -0.0011754930019378662, -0.0013274848461151123, -0.0004918575286865234, -0.00020608305931091309, -0.0008332282304763794, -0.00015497207641601562, 0.0008154213428497314, 0.0007714927196502686, 0.0009294897317886353, -0.0014540543779730797, -0.0002567768096923828, -0.0008667558431625366, 0.0007388591766357422, 0.05294758081436157, 0.01751822978258133, 0.02604500949382782, 0.05025327950716019, 0.05469784140586853, -0.017929285764694214, 0.12437611818313599, 0.01094190776348114, -0.08303306251764297]]}, "dipole": {"__ndarray__": [[3], "float32", [-0.1631280481815338, 3.6067662239074707, -1.9883809089660645]]}}