{"forces": {"__ndarray__": [[29, 3], "float32", [0.06786239147186279, -0.005458831787109375, 0.047127604484558105, -0.05310934782028198, 0.0006905198097229004, -0.034137606620788574, 0.005819559097290039, 0.00937741994857788, -0.019544333219528198, -0.0014352574944496155, 0.0008458793163299561, -0.0011704564094543457, -0.009977191686630249, 0.00011058151721954346, -0.00811535120010376, 0.004611313343048096, -0.004169166088104248, 0.007023870944976807, 0.002906426787376404, -0.0008502006530761719, 0.0018131434917449951, -0.001046493649482727, 0.0023095104843378067, 0.0017612576484680176, 0.002424687147140503, 0.0013522803783416748, 0.0031876936554908752, -0.010026931762695312, 0.004430413246154785, 0.0018295049667358398, -0.0009179115295410156, -0.0074849724769592285, 0.0016889572143554688, 0.00288468599319458, 0.00034439563751220703, 0.002396702766418457, 0.0005669146776199341, -0.002720937132835388, 0.002492755651473999, 0.00027732551097869873, -0.00046566128730773926, 0.000748366117477417, 0.0004984736442565918, 0.001018056645989418, 0.00022980570793151855, -0.0002805851399898529, 0.00046053528785705566, 0.00033017992973327637, -0.00320318341255188, -0.0005972385406494141, -0.001470610499382019, -0.0026174187660217285, -0.0019440650939941406, 0.0008848309516906738, -0.0034529566764831543, 0.0008605718612670898, -0.0011133849620819092, 0.003281533718109131, 0.0016351044178009033, 0.0005132555961608887, -0.00033715367317199707, 0.00037997961044311523, -0.0013495534658432007, -0.0015169978141784668, 0.0013620853424072266, -0.0005228519439697266, -6.446242332458496e-05, -0.0005739331245422363, 1.1265277862548828e-05, -0.0007318854331970215, -0.0011131763458251953, -0.001681894063949585, -0.0018663108348846436, 0.0002162829041481018, -0.0010668504983186722, -0.000349193811416626, 0.0010968893766403198, -0.0019347071647644043, 0.001063704490661621, -0.001326054334640503, 0.0007562339305877686, 0.0001626722514629364, 0.0005387961864471436, -0.0011089742183685303, -0.0014264583587646484, -0.00032532215118408203, 0.00042143091559410095]]}, "dipole": {"__ndarray__": [[3], "float32", [-0.14044544100761414, 3.6058576107025146, -1.986647367477417]]}}