{"forces": {"__ndarray__": [[29, 3], "float32", [0.0035483837127685547, -0.0020780563354492188, 0.010285615921020508, 0.0032333433628082275, 0.0020128190517425537, -0.008445262908935547, 0.003644585609436035, -0.007696211338043213, -0.01579493284225464, 0.0003162585198879242, 0.0011143982410430908, 0.006031930446624756, 0.04313163086771965, -0.025698795914649963, -0.024648189544677734, -0.0014961734414100647, -0.0005459785461425781, 0.001812577247619629, -0.00015631318092346191, -0.000804901123046875, 0.0018915534019470215, -0.0006885752081871033, 0.00018700771033763885, 0.0014926344156265259, 0.0022446811199188232, 0.000942915678024292, -0.0016522184014320374, -0.0030994415283203125, -0.00021755695343017578, 0.00040940940380096436, 0.001443028450012207, -0.003585636615753174, -0.00029861927032470703, 0.002433180809020996, 0.0005419254302978516, 0.0017109513282775879, 0.0026210173964500427, -0.0010398030281066895, -0.0010421574115753174, -0.0026698037981987, -0.0015656352043151855, -0.0011213719844818115, 0.00044474005699157715, 0.0007892698049545288, -0.000193864107131958, -4.5472756028175354e-05, -0.0015638172626495361, -0.002221226692199707, -9.1552734375e-05, -0.003500908613204956, -0.00804223120212555, -0.007865548133850098, 0.012436062097549438, 0.010826673358678818, -0.05245053768157959, 0.027641162276268005, 0.03404808044433594, 0.000895380973815918, -0.0008999109268188477, 0.0004336237907409668, -0.0006048977375030518, 0.0007684230804443359, -0.002154827117919922, -0.0001366734504699707, 0.0003229379653930664, 0.0006580054759979248, 0.0018180012702941895, 0.0009805560111999512, -0.001706838607788086, 0.0011070668697357178, 0.0005464553833007812, -3.62396240234375e-05, 0.00029546022415161133, 0.0003796815872192383, 0.00039126724004745483, 0.00011083483695983887, -0.00013208389282226562, -0.0007461905479431152, 0.0008620321750640869, 0.0010446012020111084, -0.0004993081092834473, 0.0009979978203773499, -0.0003515183925628662, -0.00043776631355285645, 0.00015720725059509277, -2.777576446533203e-05, -0.0009509101510047913]]}, "dipole": {"__ndarray__": [[3], "float32", [-0.15377403795719147, 3.604734420776367, -1.9875537157058716]]}}