{"forces": {"__ndarray__": [[29, 3], "float32", [0.0021136999130249023, 7.218122482299805e-05, 0.005987644195556641, 0.002334088087081909, 0.0019624531269073486, -0.0020356178283691406, 0.002614617347717285, 0.0035440921783447266, -0.0027424097061157227, 0.0029416419565677643, -0.00043335556983947754, -0.00020903348922729492, 0.0003708153963088989, -0.0004955530166625977, -2.3186206817626953e-05, -0.019625388085842133, -0.013077780604362488, -0.0042459964752197266, -0.01868078112602234, -0.047862231731414795, 0.0013770759105682373, 0.02670241892337799, 0.40167343616485596, 0.03261201083660126, 0.02856847643852234, -0.09589025378227234, 0.016170628368854523, 0.00041174888610839844, -0.017144322395324707, 0.012012913823127747, 0.0059909820556640625, -0.0036854147911071777, -0.0032210946083068848, -0.001983046531677246, -0.0052901506423950195, 0.00019109249114990234, -0.0025353282690048218, 0.0013949871063232422, 0.0007883012294769287, -0.0019003227353096008, 0.00029315054416656494, 0.0007857978343963623, -0.0001652240753173828, 0.0016633346676826477, 0.0008276104927062988, -0.00042312219738960266, 0.0006268322467803955, -0.0007128119468688965, -0.0009980201721191406, -0.002508610486984253, 6.492435932159424e-05, -0.0027775168418884277, -0.000532299280166626, 0.00014123320579528809, -0.0018819868564605713, 0.0009918659925460815, -0.0001808255910873413, -0.0012280941009521484, 0.0032582879066467285, -0.0011529326438903809, 0.0058814287185668945, 0.003542274236679077, -0.007283806800842285, 0.004151821136474609, 0.002943575382232666, 0.001068800687789917, -0.003455042839050293, -0.06023961305618286, 0.02176642417907715, -0.0335594117641449, -0.18306273221969604, -0.07237169146537781, 0.001274019479751587, 0.0005743056535720825, -0.002526717260479927, 0.000827401876449585, 0.007779598236083984, 0.004223287105560303, 0.0005650222301483154, 0.00012283027172088623, -0.0005994439125061035, 0.0020142756402492523, -0.0010121166706085205, 0.0007319152355194092, 0.0024507641792297363, 0.0007905364036560059, -0.001443367451429367]]}, "dipole": {"__ndarray__": [[3], "float32", [-0.14948338270187378, 3.611553907394409, -1.9875353574752808]]}}