{"forces": {"__ndarray__": [[29, 3], "float32", [-0.0006883144378662109, -0.0019022822380065918, 0.004506111145019531, 0.0011313557624816895, 0.00015322864055633545, -0.0013816356658935547, 0.003735184669494629, -0.005164146423339844, -0.0014358162879943848, -0.051538143306970596, 0.11522489786148071, 0.033774733543395996, -0.001087687909603119, -0.0019540637731552124, -0.0012288689613342285, -0.0017007440328598022, 0.0016200840473175049, -0.001340627670288086, 0.000896841287612915, 0.00016063451766967773, 0.001965731382369995, -0.000872492790222168, -0.00242479145526886, 0.0019508302211761475, 0.0005947649478912354, 0.0016082227230072021, 0.0015020519495010376, 0.0012871026992797852, 0.00017690658569335938, 0.0004960447549819946, 7.903575897216797e-05, -0.0013985037803649902, 0.0007222890853881836, -0.00010591745376586914, -0.0005723237991333008, 0.001065671443939209, 0.0009438283741474152, -0.0007151216268539429, -0.0003559589385986328, -0.0015952140092849731, -0.003377944231033325, 0.0005025565624237061, -0.009677112102508545, 0.0060694776475429535, 0.010449796915054321, 0.05374489352107048, -0.1138249933719635, -0.053497642278671265, 0.00040984153747558594, -0.0021398961544036865, 0.00022147595882415771, 7.855892181396484e-05, -0.000391155481338501, 0.0019359365105628967, -0.0008469820022583008, 0.00151863694190979, 0.0010139048099517822, 0.0012791752815246582, -0.00026676058769226074, 0.0019959211349487305, -0.00014260411262512207, 0.0006711781024932861, -0.0006346851587295532, 0.0005730390548706055, 0.0009813904762268066, -0.0001049339771270752, 0.001757293939590454, 0.001473844051361084, -0.0005505979061126709, 0.0009216815233230591, 0.0013325810432434082, -0.0007487833499908447, 0.00038826465606689453, 0.000502273440361023, -0.00033893436193466187, 0.00045159459114074707, 0.0009507983922958374, -0.00028401613235473633, 0.0002835392951965332, 0.0003478303551673889, -0.00012381374835968018, -0.00031995028257369995, 0.0013372302055358887, -7.033348083496094e-05, 1.895427703857422e-05, 2.7418136596679688e-06, -5.8785080909729e-06]]}, "dipole": {"__ndarray__": [[3], "float32", [-0.15644226968288422, 3.6068344116210938, -1.9906164407730103]]}}