{"forces": {"__ndarray__": [[29, 3], "float32", [-0.00047647953033447266, -0.002622544765472412, 0.003053426742553711, -0.002850651741027832, 0.004582718014717102, -0.0010994672775268555, -0.0009046792984008789, -0.00250166654586792, 0.0001960545778274536, -0.0010642856359481812, 0.002707734704017639, -0.00016188621520996094, -0.004433952271938324, -7.434189319610596e-05, 0.0014688372611999512, 0.021047577261924744, 0.006915092468261719, 0.04386341571807861, -0.001019120216369629, -0.004920780658721924, -0.0027529001235961914, -0.004980891942977905, -0.009487967938184738, -0.003362685441970825, 0.01586058735847473, 0.00987127423286438, 0.040961723774671555, -0.07393604516983032, -0.022475004196166992, -0.119503915309906, 0.03525412082672119, 0.015070974826812744, 0.04529505968093872, -0.001282811164855957, 0.014429092407226562, -0.0017885565757751465, -0.0011969134211540222, -0.008649483323097229, -0.0045746564865112305, 0.0028616338968276978, 0.0007183551788330078, -0.00036022067070007324, -0.0014553070068359375, -0.0005332976579666138, -0.0005241632461547852, -0.00036579184234142303, -0.00024750828742980957, -0.000683516263961792, 8.913874626159668e-05, 0.001121819019317627, -0.00027082860469818115, 0.0006195902824401855, -0.0001308917999267578, 0.0013634264469146729, 0.00044777989387512207, -0.00037135183811187744, 9.313225746154785e-05, 0.010704785585403442, -0.008486688137054443, -0.0034926533699035645, -0.000295102596282959, 4.264712333679199e-05, -0.0013868659734725952, -0.002330183982849121, 0.0024854540824890137, 0.000935092568397522, -0.00016108155250549316, -0.0013737082481384277, 0.0001207590103149414, -0.00015382468700408936, 0.0028343796730041504, 0.00036469101905822754, -0.0011344850063323975, -0.0071118175983428955, -0.0011016838252544403, 0.008554995059967041, 0.009677276015281677, 0.0005538463592529297, 0.00643390417098999, -0.0019840002059936523, 0.0016026496887207031, -0.0027922093868255615, -0.0009453892707824707, 0.001308530569076538, -0.0010404884815216064, 0.0014596283435821533, -0.00011726096272468567]]}, "dipole": {"__ndarray__": [[3], "float32", [-0.15096119046211243, 3.6082570552825928, -1.9836628437042236]]}}