{"forces": {"__ndarray__": [[29, 3], "float32", [-0.0019116401672363281, 0.0009333491325378418, 0.007428646087646484, 0.0019853711128234863, 0.0029585063457489014, 0.0011327266693115234, -0.002316594123840332, -0.003807544708251953, -0.0021981149911880493, -0.002787671983242035, 0.0001331418752670288, -9.423494338989258e-05, -0.0012363046407699585, -0.001982569694519043, 0.0026094913482666016, -0.007513225078582764, -0.00575566291809082, -0.001838982105255127, -0.002747774124145508, 0.002277970314025879, 0.004147976636886597, -0.001699000597000122, 0.0011956263333559036, 0.0017181634902954102, -0.002540081739425659, -0.0012103915214538574, 0.0015619099140167236, 0.039247989654541016, 0.0028870105743408203, 0.05119512230157852, -0.13350659608840942, -0.053799986839294434, -0.21032053232192993, 0.05232250690460205, 0.0503004789352417, 0.0720028281211853, 0.05581890046596527, -0.0072183310985565186, 0.08063876628875732, 0.0034573599696159363, 0.0003039538860321045, 0.0008979737758636475, -0.0004875659942626953, -0.0005776230245828629, -0.00019049644470214844, -0.0007179416716098785, 0.0013170838356018066, -0.0012316405773162842, 0.0006897151470184326, 0.0010486841201782227, -0.0005991607904434204, 0.0015273690223693848, 0.0014112591743469238, 0.0004407837986946106, 0.0005891025066375732, 0.0002848505973815918, -0.0013639181852340698, 0.0026434361934661865, -0.0010682344436645508, -0.0006309151649475098, -0.00010842084884643555, 1.7970800399780273e-05, -0.0013811290264129639, 5.990266799926758e-05, 0.0007135272026062012, -0.0005014985799789429, 0.0015717148780822754, 0.0009982585906982422, -5.8591365814208984e-05, 0.001777365803718567, 0.0007745027542114258, 0.0002669692039489746, -0.0012563467025756836, 0.002120755612850189, 0.0008846689015626907, 0.00021204352378845215, 0.0034258663654327393, -0.002447366714477539, 0.006066948175430298, -0.005228407680988312, 0.0039334893226623535, 0.00019299238920211792, 0.005327507853507996, 0.0008555054664611816, -0.00933384895324707, 0.0022187530994415283, -0.006858311593532562]]}, "dipole": {"__ndarray__": [[3], "float32", [-0.16154082119464874, 3.605037212371826, -1.9833290576934814]]}}