{"forces": {"__ndarray__": [[29, 3], "float32", [0.01931661367416382, 0.0029047727584838867, 0.022132515907287598, 0.025599688291549683, -0.020067989826202393, 0.10738801956176758, 0.01777660846710205, 0.05124253034591675, -0.3385475277900696, 0.002949059009552002, -0.004031538963317871, 0.10497289896011353, -0.04387059062719345, -0.022765666246414185, 0.10032051801681519, -0.007826082408428192, -0.0019335746765136719, -0.011447489261627197, 0.0007888525724411011, 0.0028023719787597656, 0.0034441351890563965, -0.0011507123708724976, 0.0005490649491548538, 0.0007480084896087646, 0.004033476114273071, 0.0008172392845153809, 0.0035435855388641357, -0.0009601116180419922, -6.16312026977539e-05, 0.0014199167490005493, -0.0003771185874938965, -0.0017470717430114746, -0.0008193254470825195, -0.0008092522621154785, -0.002565145492553711, -0.0014109015464782715, 0.00020268559455871582, -0.0022885650396347046, 0.0028313398361206055, 0.0007534697651863098, -0.0015127956867218018, 0.006647378206253052, -0.003192305564880371, 0.00019688624888658524, 0.0018782615661621094, -0.002032548189163208, -0.0010185539722442627, 0.00374564528465271, -0.0046738386154174805, -0.0025320053100585938, 0.005722716450691223, 0.0023152828216552734, 0.0009481310844421387, -0.010289527475833893, -0.013869643211364746, -0.005609944462776184, 0.006248101592063904, 0.004623830318450928, 0.0032632946968078613, -0.0011595487594604492, 3.662705421447754e-05, -0.0005519092082977295, -0.0026657432317733765, 0.0002205967903137207, 0.0015117526054382324, -0.0008748769760131836, 0.0007285177707672119, -0.0001513361930847168, 0.0005286633968353271, -0.00012364983558654785, 0.0004916787147521973, 7.897615432739258e-05, -0.0020087361335754395, 0.0004791170358657837, 0.0004796236753463745, 0.0012564659118652344, 0.0004240274429321289, -0.0018857121467590332, 1.4960765838623047e-05, -0.0005339309573173523, -0.0014882385730743408, 0.00048562511801719666, 0.001394614577293396, -0.001558542251586914, -0.0002073049545288086, 0.000346451997756958, 1.6827136278152466e-05]]}, "dipole": {"__ndarray__": [[3], "float32", [-0.15406887233257294, 3.6060826778411865, -1.9824682474136353]]}}