{"forces": {"__ndarray__": [[29, 3], "float32", [0.00295102596282959, -0.001573026180267334, 0.00046896934509277344, 0.0043829381465911865, 0.004298016428947449, -0.002011895179748535, -0.004472136497497559, -0.003841698169708252, -0.0024599432945251465, 0.0011580660939216614, 0.0004360377788543701, -0.0029914379119873047, -0.0033093541860580444, -0.0035970062017440796, 0.0025187134742736816, 0.0008355826139450073, -0.009001225233078003, 0.0003587007522583008, -0.001201137900352478, 0.002938568592071533, 0.0014994442462921143, 0.0014908835291862488, -0.004160549491643906, -0.0005301088094711304, 0.0013111233711242676, 0.014157086610794067, 0.0006934478878974915, -0.029592394828796387, 0.017618298530578613, -0.008829712867736816, -0.018959760665893555, 0.06850314140319824, -0.008432626724243164, 0.01446843147277832, -0.0006992816925048828, 0.010416507720947266, -0.04107547551393509, -0.45932310819625854, 0.0017670691013336182, -0.0007462203502655029, -0.0007061213254928589, -7.236003875732422e-05, -0.0015868842601776123, 0.0010271184146404266, -0.0011709928512573242, -0.0009729266166687012, -0.0010001659393310547, -0.0018528997898101807, -0.0009267926216125488, 2.9772520065307617e-05, 0.0006473064422607422, 0.0008891820907592773, 0.0005700290203094482, 0.0014161262661218643, -0.0005570650100708008, 0.0008162558078765869, 0.0016566067934036255, -0.00040414929389953613, -0.0005414187908172607, -0.0022893548011779785, -0.0003269612789154053, 0.0021052956581115723, -0.002190515398979187, -0.001634836196899414, 0.0023286938667297363, 0.0015687048435211182, 0.0011425614356994629, 0.0015684962272644043, -0.00014209747314453125, 0.0003224313259124756, 0.0036903023719787598, 0.00033777952194213867, -0.0016205906867980957, 0.0050850510597229, -0.0005687372758984566, -0.0006804466247558594, 0.0018543452024459839, 0.00042492151260375977, 0.024433165788650513, 0.07596026360988617, 0.06436671316623688, 0.04395056515932083, 0.23928430676460266, -0.042013704776763916, 0.010731011629104614, 0.04217268526554108, -0.01258479431271553]]}, "dipole": {"__ndarray__": [[3], "float32", [-0.1526176929473877, 3.6036782264709473, -1.9874656200408936]]}}