{"forces": {"__ndarray__": [[29, 3], "float32", [0.0050258636474609375, -0.0035062432289123535, -0.0004935264587402344, 0.00590670108795166, 0.008689150214195251, -0.0085982084274292, -0.0034859180450439453, -0.00335848331451416, -0.0009721219539642334, 0.002062886953353882, -0.0025180280208587646, -0.004587650299072266, -0.002371668815612793, -0.003059089183807373, 0.004235804080963135, -0.0026538819074630737, -0.07234816253185272, -0.0011448860168457031, 0.017428293824195862, -0.010365962982177734, -0.003973782062530518, -0.008800685405731201, -0.01762593910098076, 0.007942110300064087, -0.008937478065490723, -0.08989012241363525, -0.0057893842458724976, -0.03480839729309082, 0.36538565158843994, 0.024395868182182312, 0.02556145191192627, -0.18145310878753662, -0.002619504928588867, 0.010110974311828613, -0.018948912620544434, -0.004714846611022949, 0.014926575124263763, -0.016855165362358093, -0.0032598376274108887, 0.0027744323015213013, 0.0003893226385116577, 0.0005615055561065674, -0.0016359388828277588, 0.002106558531522751, -0.00035756826400756836, -0.0031679924577474594, 0.0003033876419067383, -0.0007859766483306885, -0.00017282366752624512, 0.0018826127052307129, 0.0005047619342803955, 0.002276003360748291, 0.0012350082397460938, 7.327646017074585e-06, 0.0005972683429718018, 0.0014036297798156738, 0.0016011595726013184, -0.003243476152420044, 0.00903940200805664, 0.003944873809814453, -0.0013211965560913086, 0.006602883338928223, 0.0010022521018981934, -0.0013363957405090332, 0.0012662410736083984, 0.0003397315740585327, -0.00023102760314941406, 0.0016589760780334473, -0.00047963857650756836, -0.002593114972114563, 0.005477845668792725, -0.0040780603885650635, 0.00034937262535095215, 0.0012988448143005371, 0.0036679208278656006, -0.0030879080295562744, 0.004373326897621155, -0.0015166997909545898, 0.0030240118503570557, 0.00045377761125564575, -0.0005747079849243164, -0.008299268782138824, 0.004158332943916321, -0.003797590732574463, -0.0038971006870269775, 0.004204362630844116, -0.00045925378799438477]]}, "dipole": {"__ndarray__": [[3], "float32", [-0.15449580550193787, 3.6002120971679688, -1.9873815774917603]]}}