{"forces": {"__ndarray__": [[29, 3], "float32", [-0.0009163618087768555, 0.00166398286819458, -0.003892183303833008, -0.0022635459899902344, 0.0003628581762313843, -0.0015234947204589844, 0.001219630241394043, -0.0020482540130615234, 0.0018409639596939087, 0.001210775226354599, -0.002094373106956482, 0.00057220458984375, 0.0009472668170928955, -0.0009531378746032715, 0.0013350248336791992, 0.005984298884868622, -0.0032159090042114258, 0.0033156275749206543, -0.06256161630153656, 0.043141961097717285, -0.13325566053390503, -0.00017667561769485474, -0.00534868985414505, 0.009035617113113403, -0.0024621188640594482, 0.0006622672080993652, 0.0003183409571647644, -0.0024532079696655273, 0.003805398941040039, 0.00027954578399658203, -3.5762786865234375e-06, -0.0030698180198669434, -0.0002459287643432617, 0.00030100345611572266, 0.00037550926208496094, 0.001275777816772461, 0.00034913793206214905, 0.00016996264457702637, 0.0006856620311737061, -0.0002468898892402649, 0.00011450052261352539, 0.0001876354217529297, -0.0013010203838348389, -0.002017991617321968, -0.0016322433948516846, -0.0006669238209724426, -7.134675979614258e-05, -0.000738978385925293, 0.0008455514907836914, 0.0002294480800628662, 5.7816505432128906e-05, -0.0012240409851074219, 0.00020805001258850098, -0.00028661638498306274, 0.0016798079013824463, 0.001661732792854309, 6.556510925292969e-05, -0.0005619227886199951, -0.00477108359336853, 0.001568436622619629, 0.0719953179359436, -0.03953447937965393, 0.13496442139148712, -0.010413587093353271, 0.008279502391815186, -0.01103578507900238, 0.003061354160308838, 0.001040637493133545, -0.001512378454208374, -0.0006723552942276001, 0.0005137324333190918, 0.0005554556846618652, -0.00047340989112854004, 0.000521928071975708, -0.0008875690400600433, 0.00023567676544189453, 0.0005584061145782471, -0.0003222227096557617, -0.000293046236038208, -0.0002003014087677002, -0.00012697279453277588, -0.0005926564335823059, 0.0001309514045715332, -0.0006754100322723389, -0.0005469620227813721, -0.00011551380157470703, 7.808208465576172e-05]]}, "dipole": {"__ndarray__": [[3], "float32", [-0.1561688482761383, 3.607501268386841, -1.9914836883544922]]}}