{"forces": {"__ndarray__": [[29, 3], "float32", [-0.0033452510833740234, 0.002866029739379883, -0.0019719600677490234, -0.0015251338481903076, 1.3455748558044434e-05, -0.00027942657470703125, 0.0016618967056274414, -0.00011998414993286133, 0.0015539973974227905, -0.0023076236248016357, -0.0008090734481811523, -0.0010283589363098145, -0.0006117522716522217, 0.001833409070968628, -0.0022470951080322266, 0.0029206126928329468, 0.0017143785953521729, 0.0058776140213012695, 0.00011132657527923584, -0.0007201433181762695, 0.0005465447902679443, 0.0007439702749252319, 0.0007953047752380371, -4.1738152503967285e-05, -0.000578761100769043, -2.205371856689453e-05, -0.0013769492506980896, -0.005973339080810547, 0.006048083305358887, -0.005499973893165588, 0.057293832302093506, -0.013420641422271729, 0.08014559745788574, 0.0019225478172302246, -0.0031603574752807617, -0.001459360122680664, 0.014619685709476471, 0.0004610121250152588, -0.4012033939361572, 0.002460084855556488, 0.0004863142967224121, 0.0005830228328704834, 0.0019447803497314453, -0.00022702664136886597, 0.0007885098457336426, 0.00021711736917495728, 0.0006129145622253418, 0.0008724033832550049, 0.0012584924697875977, -0.0009291768074035645, -0.0009730309247970581, -0.0010948777198791504, -0.0006527900695800781, 0.0004567466676235199, -0.000483095645904541, -0.0008016675710678101, 0.00022140145301818848, 0.00034171342849731445, -0.0013333261013031006, -0.0030677318572998047, 0.00018140673637390137, -0.0007104575634002686, -3.458559513092041e-05, -7.468461990356445e-05, -0.0004455447196960449, -0.0004480034112930298, -0.00020673871040344238, 0.00027304887771606445, -0.001235365867614746, -0.0011785030364990234, 0.0004457235336303711, 0.00018349289894104004, -0.001689910888671875, -0.0012622326612472534, 0.0006228312849998474, 3.272294998168945e-05, -0.00012248754501342773, -0.00033843517303466797, 0.029620349407196045, 0.05656127631664276, 0.13961514830589294, -0.015184499323368073, -0.03891479969024658, 0.054686546325683594, -0.0810767114162445, -0.008459538221359253, 0.13505205512046814]]}, "dipole": {"__ndarray__": [[3], "float32", [-0.14891672134399414, 3.605670928955078, -1.9887537956237793]]}}