{"forces": {"__ndarray__": [[29, 3], "float32", [0.0018017292022705078, -0.0002474784851074219, 0.0033757686614990234, 0.0036246180534362793, 0.004567921161651611, -0.006106734275817871, 0.0018873214721679688, -8.046627044677734e-06, -0.0015527158975601196, -0.0011363103985786438, 0.0010547488927841187, -0.0004031658172607422, -0.005013182759284973, 0.0008138865232467651, 0.0030245184898376465, -0.0012526065111160278, -0.005193933844566345, 0.0014968514442443848, -0.002781212329864502, 0.0012216567993164062, 0.0012580156326293945, -0.00015212595462799072, -0.0011385176330804825, -0.0002167820930480957, 0.0017254054546356201, 0.00413087010383606, 0.001486554741859436, -0.0038083791732788086, 0.01002192497253418, 0.002358153462409973, -0.15552926063537598, 0.018095970153808594, -0.057458579540252686, 0.006777822971343994, 0.0022639036178588867, 0.0004405379295349121, 0.38405171036720276, 0.04389461129903793, -0.012966692447662354, 7.999688386917114e-05, -0.0001465529203414917, -0.0002669692039489746, -0.0017365217208862305, 0.0003551822155714035, -0.001610785722732544, -0.0015332326292991638, -0.0001951754093170166, -0.001191169023513794, -0.0010359585285186768, -0.001068204641342163, -6.775557994842529e-05, -0.0012124180793762207, -0.0012481212615966797, 0.0008703060448169708, -0.003192394971847534, -0.00028978288173675537, 6.711483001708984e-05, 0.00019806623458862305, -0.000691533088684082, -0.0015824437141418457, -0.0010254085063934326, 0.0016070008277893066, -0.0018584728240966797, -0.0005539655685424805, 0.0025113821029663086, 0.0005548596382141113, 0.0018405318260192871, 0.00027126073837280273, -2.8967857360839844e-05, 0.0013746768236160278, 0.0019751787185668945, 5.754828453063965e-05, -0.001125246286392212, -8.594244718551636e-05, 0.0007923487573862076, 0.0012395083904266357, 0.0013070553541183472, -0.0003388524055480957, -0.05337074398994446, -0.01783621311187744, -0.025484174489974976, -0.04956431686878204, -0.05497440695762634, 0.017437458038330078, -0.1205778419971466, -0.010968685150146484, 0.07791365683078766]]}, "dipole": {"__ndarray__": [[3], "float32", [-0.14455057680606842, 3.605238437652588, -1.9873709678649902]]}}