{"forces": {"__ndarray__": [[29, 3], "float32", [0.0004031658172607422, -0.00039374828338623047, 0.005817890167236328, -0.006385356187820435, -0.0007101595401763916, -0.002547621726989746, 0.01179647445678711, -0.0008098483085632324, 0.010728657245635986, 5.298107862472534e-05, 0.0002620220184326172, -0.0037816762924194336, -0.06854710727930069, -0.008135631680488586, -0.09984618425369263, 0.0009380131959915161, 0.0008105337619781494, -0.0009747147560119629, -0.0006776154041290283, -8.124113082885742e-05, 0.00036725401878356934, -0.0008403025567531586, -0.0006289463490247726, 0.0006693601608276367, 0.00036513805389404297, 0.0005197525024414062, 0.001270689070224762, -0.000777125358581543, 7.832050323486328e-05, -8.572638034820557e-05, -0.0008459687232971191, -0.0002142786979675293, -0.0005205273628234863, 0.0016019344329833984, -4.9948692321777344e-05, 0.0012776851654052734, 0.0007932931184768677, -0.0034102052450180054, 0.00040227174758911133, 0.003972925245761871, 7.902085781097412e-05, -0.00368422269821167, -0.0021641552448272705, 5.681440234184265e-05, 0.002295851707458496, -0.0015082638710737228, -0.00046309828758239746, 0.001346200704574585, -0.008455216884613037, 0.006295502185821533, -0.004984080791473389, 0.08091676235198975, 0.008961915969848633, 0.10896924138069153, -0.011740416288375854, -0.004835054278373718, -0.012148663401603699, 6.139278411865234e-05, -0.0014798939228057861, 0.00043594837188720703, 3.2514333724975586e-05, 0.0006850957870483398, -0.0004855841398239136, -0.0002643465995788574, -2.586841583251953e-05, -0.001149207353591919, 0.0007395148277282715, 0.00031447410583496094, 0.00020182132720947266, 0.00040277838706970215, 0.0007674694061279297, -0.0008277595043182373, -0.0003217458724975586, 0.00020884722471237183, -0.00024874741211533546, 7.43865966796875e-05, 0.0003280937671661377, -0.001186370849609375, 0.00031253695487976074, 0.000780157744884491, -0.00027592480182647705, 0.0003308914601802826, 0.0006928890943527222, -0.0004886984825134277, -0.00026684999465942383, 0.0003974735736846924, -0.0005472078919410706]]}, "dipole": {"__ndarray__": [[3], "float32", [-0.15806834399700165, 3.603628396987915, -1.9882140159606934]]}}