{"forces": {"__ndarray__": [[29, 3], "float32", [-0.005311369895935059, -7.903575897216797e-05, -0.006528615951538086, -0.0015614628791809082, -0.007794082164764404, 0.007531285285949707, -0.003366231918334961, 0.0010365843772888184, 0.003837674856185913, -0.00024590641260147095, -0.0010621696710586548, -0.0008664131164550781, 0.000515177845954895, -0.0021089166402816772, 0.0010823607444763184, 0.018583789467811584, -0.0088205486536026, -0.003544926643371582, 0.005122125148773193, 0.004326164722442627, 0.004736840724945068, 0.0004145018756389618, -0.00019282475113868713, 0.002351433038711548, -0.00043967366218566895, -0.002619117498397827, -0.0008757635951042175, 0.023709535598754883, -0.16728734970092773, -0.01809774339199066, -0.020317256450653076, 0.38178157806396484, 0.05048215389251709, -0.05865556001663208, -0.11490178108215332, -0.0543363094329834, 0.020917236804962158, -0.06898880004882812, 0.012131184339523315, 0.0006403625011444092, 0.00109119713306427, -8.276104927062988e-05, 0.002789825201034546, -0.0008192174136638641, 0.0023379921913146973, 0.001865878701210022, 7.876753807067871e-05, 0.0009279847145080566, 0.0013918280601501465, 0.0017434358596801758, 0.0003981292247772217, -0.0002987384796142578, 0.00032085180282592773, 0.00010218098759651184, 0.002202838659286499, -0.0013739913702011108, -0.001340910792350769, 0.00363999605178833, -0.006226688623428345, -0.0002785325050354004, -0.0016880929470062256, -7.224082946777344e-05, -0.0024112313985824585, -0.0033206939697265625, -0.0003465414047241211, 0.0019860565662384033, 0.0012351274490356445, -0.0006708502769470215, -0.005946099758148193, 0.000274658203125, 0.0007543563842773438, -0.00047656893730163574, -0.004309415817260742, -0.006542220711708069, -0.0031862054020166397, 0.0037212371826171875, -0.007812410593032837, 0.0023635029792785645, -0.004860788583755493, 0.0044542476534843445, 0.0022763460874557495, 0.013342030346393585, 0.0054629892110824585, 0.006651520729064941, 0.004009515047073364, -0.003331199288368225, -0.0012242458760738373]]}, "dipole": {"__ndarray__": [[3], "float32", [-0.16292667388916016, 3.601553201675415, -1.9916057586669922]]}}