{"forces": {"__ndarray__": [[29, 3], "float32", [-0.008919119834899902, 0.000453948974609375, -0.01277303695678711, -0.0014049410820007324, -0.002880990505218506, 0.01825094223022461, 0.026984572410583496, 0.017264902591705322, -0.1028052270412445, 0.013046711683273315, 0.002408653497695923, -0.007184505462646484, 0.04081415757536888, 0.00622403621673584, 0.4110416769981384, 0.005283147096633911, -0.0004622340202331543, 0.00022095441818237305, 0.0029605329036712646, 0.0008311271667480469, 0.0028384923934936523, -0.0007579401135444641, -0.0009321440011262894, 0.001473650336265564, -0.0008363127708435059, -0.0005702972412109375, 0.0018678456544876099, -0.001021742820739746, 0.0012596845626831055, -0.0007898658514022827, 0.0004013180732727051, -0.00047087669372558594, -0.0013153553009033203, 0.0024226903915405273, 0.0003631114959716797, 0.001062154769897461, 0.0002747960388660431, -0.000999942421913147, 0.001564621925354004, 0.0012497007846832275, 0.0015298277139663696, -0.004577338695526123, -0.00010496377944946289, 8.465349674224854e-05, 0.0012806951999664307, -0.0013475343585014343, 0.0025721490383148193, 0.0013766586780548096, -0.012783288955688477, 0.04549533128738403, -0.07414282858371735, -0.08400225639343262, -0.012847304344177246, -0.10369404405355453, 0.023473769426345825, -0.05944684147834778, -0.1290992647409439, 8.404254913330078e-05, -0.0009420514106750488, -0.0005363821983337402, -0.0025505125522613525, 0.00040730834007263184, -0.0028369277715682983, -0.001025855541229248, -8.535385131835938e-05, 0.00036053359508514404, -0.00014024972915649414, 0.000525057315826416, -0.0010597407817840576, 0.00034321844577789307, 0.0006548762321472168, 0.00021246075630187988, -0.0010216236114501953, 0.00045659393072128296, -8.876807987689972e-05, 0.0002422630786895752, 0.0007925629615783691, -0.000786900520324707, 0.00011157989501953125, -0.0009060129523277283, -0.00047016143798828125, -0.0012152716517448425, 0.0015146881341934204, 6.684660911560059e-05, -0.0005608201026916504, -0.002294301986694336, 0.0005442574620246887]]}, "dipole": {"__ndarray__": [[3], "float32", [-0.1487724334001541, 3.604732036590576, -1.985094428062439]]}}