{"forces": {"__ndarray__": [[29, 3], "float32", [-0.001276254653930664, -0.0008125901222229004, 0.0005168914794921875, -0.0030590295791625977, -0.0026507675647735596, -0.00025391578674316406, 0.002011537551879883, -0.00020307302474975586, 0.0009728968143463135, -0.002634584903717041, 0.0009223520755767822, -0.0014600753784179688, 0.0008449926972389221, 0.0006659775972366333, -0.00020015239715576172, 0.0062871053814888, 0.011216044425964355, 0.008901774883270264, 0.11268018186092377, 0.010405421257019043, 0.0033274292945861816, -0.3012136220932007, -0.02859654650092125, 0.007256597280502319, 0.06329905986785889, -0.03463411331176758, 0.008548066020011902, -0.010151505470275879, 0.01092672348022461, -0.005371809005737305, -0.0019614696502685547, 0.00024831295013427734, -0.0018963813781738281, 0.002474963665008545, 0.0010764598846435547, 0.0019466280937194824, 0.0014587640762329102, 0.0011831074953079224, 0.0010001659393310547, 0.0026652291417121887, 0.00021159648895263672, 0.0003577768802642822, 0.00031310319900512695, -0.0005067270249128342, 0.00035819411277770996, -3.655441105365753e-05, 0.0008747577667236328, 0.0012308359146118164, 0.0007201731204986572, 0.0003936886787414551, -0.0009976178407669067, 0.0005838274955749512, 4.1931867599487305e-05, 0.0004649162292480469, 0.00011086463928222656, -0.0003687143325805664, -0.00022836029529571533, -0.0006199181079864502, -0.0023677945137023926, -0.0041918158531188965, 0.0009850263595581055, -0.002491772174835205, -0.0011978894472122192, 0.002438664436340332, -0.001571059226989746, -0.004744961857795715, 0.06696243584156036, 0.007104992866516113, -0.042191505432128906, 0.06018979102373123, 0.03456258773803711, 0.018245726823806763, -0.00047585368156433105, -0.006424769759178162, 0.008252318948507309, -0.002014338970184326, 0.0006711035966873169, 0.0025649070739746094, 0.0006029605865478516, 0.0006484538316726685, -0.00020927190780639648, -0.0012809857726097107, -0.00032426416873931885, -0.0005367100238800049, 9.569525718688965e-05, -0.00020048022270202637, -0.00046476349234580994]]}, "dipole": {"__ndarray__": [[3], "float32", [-0.15139970183372498, 3.606996536254883, -1.9881306886672974]]}}