{"forces": {"__ndarray__": [[29, 3], "float32", [-0.0005145072937011719, 0.001066446304321289, -0.000982046127319336, 0.0017762184143066406, 0.0004974156618118286, -0.0008164644241333008, -0.001877903938293457, -0.0007644295692443848, 0.0010450780391693115, 0.00015503168106079102, -0.0012839734554290771, 4.750490188598633e-05, -0.0015260130167007446, -0.00021857023239135742, -0.0015128850936889648, 0.0017533600330352783, -0.0015004277229309082, 0.0020708441734313965, -0.0007476657629013062, -0.0002936124801635742, 0.0013200044631958008, -0.0004086717963218689, -0.0006572343409061432, 0.00045453011989593506, -0.0013101398944854736, -0.0009585916996002197, 0.000370614230632782, -0.003970146179199219, 0.0034672021865844727, -0.007046550512313843, -0.002012908458709717, -0.0032706260681152344, -0.007122516632080078, 0.003201603889465332, -0.0012568235397338867, 0.001617729663848877, -0.05120924115180969, -0.02305673062801361, -0.030299067497253418, -0.0002998635172843933, -0.00011892616748809814, -0.000874251127243042, -0.0007588565349578857, 0.000706077553331852, -0.0002910196781158447, -0.0007813163101673126, 0.0005042850971221924, 0.0004388093948364258, -0.0007316768169403076, -0.0003681480884552002, -0.0006347149610519409, -0.0003914833068847656, 0.0008198320865631104, 0.0005546770989894867, -0.0010350346565246582, 0.0008134543895721436, 0.0005251318216323853, -0.00013554096221923828, -0.0003000795841217041, -0.0002173781394958496, -5.716085433959961e-05, 5.891919136047363e-05, -0.001445680856704712, -0.0005750060081481934, 0.00011771917343139648, -0.0004749894142150879, 0.00025847554206848145, 0.0003650784492492676, -0.001017928123474121, -0.0001678764820098877, 0.0015552639961242676, -0.00020241737365722656, 0.0010814070701599121, -0.0009648576378822327, 0.0009165704250335693, -9.587407112121582e-05, 0.00015875697135925293, 0.00032019615173339844, 0.052935630083084106, 0.01972181349992752, 0.040231019258499146, 0.0008127838373184204, -0.00226399302482605, -0.00677865743637085, 0.0066321492195129395, 0.007424265146255493, 0.009804297238588333]]}, "dipole": {"__ndarray__": [[3], "float32", [-0.15089097619056702, 3.6046206951141357, -1.9884194135665894]]}}