{"forces": {"__ndarray__": [[29, 3], "float32", [-0.0004849433898925781, -0.00037539005279541016, 0.001562356948852539, 0.006436407566070557, 0.0020375996828079224, -0.0001232624053955078, -0.0010377168655395508, -0.0008383393287658691, -0.0004870593547821045, 0.010959230363368988, 0.0009673535823822021, -0.0018584728240966797, 0.0003394782543182373, 0.00028811395168304443, 0.00019872188568115234, -0.01646551489830017, -0.03535330295562744, -0.19162869453430176, -0.00013993680477142334, -0.008155226707458496, 0.011776208877563477, 0.0017374344170093536, -0.00045537203550338745, -0.0003981590270996094, 0.0017688274383544922, -0.0007096529006958008, 0.002184726297855377, -0.0032660961151123047, 0.0037103891372680664, 0.003551661968231201, -0.0006008148193359375, -0.00015103816986083984, -0.0019828081130981445, -0.0008451342582702637, 0.0005706548690795898, -0.0009052753448486328, -0.0003066062927246094, 0.002606496214866638, 3.674626350402832e-05, -0.0007059350609779358, -0.00047528743743896484, 0.0017460286617279053, -0.0014053583145141602, 0.0013998933136463165, -0.00014841556549072266, -0.0016203466802835464, -0.0020078420639038086, -0.00043010711669921875, 0.0021417737007141113, -0.000478208065032959, -0.00024121999740600586, 3.68952751159668e-05, -6.0230493545532227e-05, 0.00017037242650985718, 0.0012958347797393799, 0.000605270266532898, -0.0013203024864196777, 0.00824517011642456, 0.03485158085823059, 0.1798451542854309, -0.0002748072147369385, -0.0011587142944335938, -0.0012225955724716187, 0.0006199479103088379, 0.0027157068252563477, -0.0009809136390686035, 0.0006936490535736084, 0.0012839436531066895, 0.0010399222373962402, -0.0018940120935440063, 0.00018024444580078125, 0.0009204745292663574, -0.0009167492389678955, -0.0007907971739768982, 0.0009705964475870132, -0.0005769431591033936, -0.00045731663703918457, -0.0015857815742492676, -0.0013645291328430176, 0.0012031719088554382, -0.0006368756294250488, -0.0016461461782455444, -0.0007161796092987061, -0.00022301077842712402, -0.0007232129573822021, -0.00023815035820007324, 0.00017008930444717407]]}, "dipole": {"__ndarray__": [[3], "float32", [-0.1559494435787201, 3.605609893798828, -1.9935952425003052]]}}