{"forces": {"__ndarray__": [[29, 3], "float32", [-0.00037217140197753906, -3.743171691894531e-05, 0.0014221668243408203, -0.0002008974552154541, -0.0006387382745742798, -0.0007306337356567383, -0.0012837648391723633, -0.013448059558868408, 0.0037768036127090454, -0.01630888506770134, -0.03860670328140259, 0.05810403823852539, 8.182227611541748e-05, -0.0011358857154846191, -0.0011551976203918457, 0.0008861348032951355, 0.0001195073127746582, 0.0004988312721252441, -0.0013591945171356201, 0.00014358758926391602, 0.003520578145980835, -0.0010293982923030853, -0.001406380906701088, 0.0002488642930984497, 0.00033017992973327637, 0.00047394633293151855, -0.0003679618239402771, -0.002025127410888672, -0.00023221969604492188, -0.00025878846645355225, -0.00043398141860961914, -0.0009854435920715332, -0.0013366937637329102, 0.0018097758293151855, -2.7418136596679688e-06, 0.0011376142501831055, 0.0008684545755386353, -0.0012252479791641235, 0.0011424124240875244, -0.0002631843090057373, 8.979439735412598e-05, 0.0010387897491455078, 0.0060377418994903564, 0.04432359337806702, -0.060802578926086426, 0.005393285304307938, 0.01124793291091919, -0.006112933158874512, -0.001757204532623291, -0.0012346208095550537, 0.0003452003002166748, 0.0011227726936340332, 8.621811866760254e-05, -0.0009899772703647614, 0.00020357966423034668, 0.000596851110458374, 0.0002837628126144409, 0.0017888545989990234, -0.0011875629425048828, 0.0013883113861083984, 0.0014596879482269287, 0.000858604907989502, 0.0007956475019454956, 0.0009989142417907715, 0.0005500316619873047, -0.0013573616743087769, 0.0010467767715454102, 0.00018393993377685547, -0.0006110668182373047, 0.0012995898723602295, 0.0005967617034912109, 0.000436633825302124, 3.319978713989258e-05, 0.0001395493745803833, 0.0005271211266517639, 0.00029912590980529785, 0.0004767179489135742, -0.0004696846008300781, 0.0005035996437072754, 0.00034549832344055176, -6.315112113952637e-05, 7.18832015991211e-05, 0.0005966722965240479, 0.000307619571685791, 0.0007989704608917236, -0.0006882846355438232, -0.0007184669375419617]]}, "dipole": {"__ndarray__": [[3], "float32", [-0.15382356941699982, 3.60410737991333, -1.9856170415878296]]}}