{"forces": {"__ndarray__": [[29, 3], "float32", [0.0009008646011352539, 0.001109778881072998, 0.004975080490112305, -0.0001678168773651123, 0.0031662285327911377, -0.0019124746322631836, -0.0005651712417602539, -0.000917971134185791, -0.0024790912866592407, 0.001476377248764038, 0.000568091869354248, 0.0026390552520751953, -0.001582808792591095, 0.00013580918312072754, -0.0003669857978820801, -0.0038159415125846863, 0.011991143226623535, 0.0006078481674194336, -0.00029462575912475586, 0.001757204532623291, -0.0032902657985687256, 0.031133301556110382, -0.0940045565366745, 0.016598820686340332, -0.027121305465698242, 0.2728351652622223, 0.006834708154201508, -0.01624441146850586, -0.09210789203643799, -0.011176660656929016, -0.007278561592102051, -0.0008178353309631348, 0.0007073283195495605, 0.0026837587356567383, 0.0014395713806152344, 0.0014671683311462402, 0.003917112946510315, -0.014975711703300476, 0.0003853142261505127, -0.000822208821773529, -0.00016447901725769043, 0.00018936395645141602, -0.00013715028762817383, 0.0017373301088809967, -0.00017589330673217773, 0.0015635862946510315, -0.001152127981185913, -0.0008648931980133057, 0.00022795796394348145, -0.002463310956954956, 0.0005548149347305298, -0.0002027750015258789, -0.0003908872604370117, 0.0003733634948730469, 0.00013568997383117676, 0.00023552775382995605, -0.0006099343299865723, 0.0008811354637145996, 4.622340202331543e-05, -4.07099723815918e-05, -0.001645207405090332, -0.0007138252258300781, 0.0006440877914428711, 0.0006808042526245117, 0.0008279085159301758, -0.0004758685827255249, -0.0002982616424560547, 0.0010194182395935059, 0.003291487693786621, 0.0015216171741485596, -0.004797577857971191, 0.004091322422027588, 0.018216848373413086, -0.034204043447971344, -0.009427329525351524, -0.00030940771102905273, -0.04806341230869293, -0.011055290699005127, -5.08725643157959e-05, -0.001934334635734558, -9.59634780883789e-06, -0.0015686824917793274, 0.002353355288505554, -0.0017190277576446533, -0.0012331902980804443, -0.002514749765396118, 0.0002444535493850708]]}, "dipole": {"__ndarray__": [[3], "float32", [-0.1564299315214157, 3.605726480484009, -1.9851661920547485]]}}