{"forces": {"__ndarray__": [[29, 3], "float32", [-0.0003094673156738281, -0.0010957717895507812, -0.006018161773681641, -0.00014281272888183594, -0.002901986241340637, 0.003603816032409668, 0.0017485618591308594, 0.000263214111328125, 0.0005821138620376587, -0.0014500059187412262, 0.0016298890113830566, -0.0004935264587402344, -0.0006098449230194092, -0.001277834177017212, 0.0009503364562988281, -0.00336407870054245, -0.0008487105369567871, 0.009047091007232666, 0.0601000040769577, -0.026626944541931152, -0.18905183672904968, 0.004305865615606308, 0.002099582925438881, 0.010200917720794678, -0.0006614327430725098, -0.0008826553821563721, 0.0009388402104377747, -0.0011472702026367188, -0.0010628700256347656, -0.0010624676942825317, -0.0034105777740478516, -0.0004957914352416992, -0.0022560954093933105, 0.002819955348968506, 0.001981973648071289, 0.0036103129386901855, 0.0027349069714546204, -0.0021966397762298584, 0.0011580586433410645, 0.0010789260268211365, -0.0005963742733001709, -0.0004042685031890869, -0.002446502447128296, -0.00030912086367607117, -0.0005162060260772705, -0.001123536378145218, -0.0009003877639770508, -0.0020685195922851562, 0.0004910528659820557, 0.000790029764175415, -7.981061935424805e-05, -4.738569259643555e-05, 0.00023436546325683594, -0.0001520887017250061, -0.0005283355712890625, 0.00014050304889678955, 0.0006888806819915771, -0.0006426572799682617, 0.0013761818408966064, -0.00022542476654052734, 0.004643380641937256, -0.003633558750152588, -0.011728405952453613, -0.06563138961791992, 0.030821502208709717, 0.18512988090515137, 0.000475078821182251, -0.0007192492485046387, -0.0034741461277008057, 0.0003616064786911011, 0.002407550811767578, 0.00033396482467651367, 0.0021026134490966797, 0.00024487078189849854, 0.0008134543895721436, 0.0005904138088226318, 0.0006234049797058105, 0.0012152791023254395, -0.0001563429832458496, -0.0006597563624382019, 0.0005805939435958862, 0.000182226300239563, 0.001838400959968567, -0.0005674958229064941, 3.606081008911133e-05, -0.0002435743808746338, -0.0007551535964012146]]}, "dipole": {"__ndarray__": [[3], "float32", [-0.1520836502313614, 3.607137441635132, -1.9909228086471558]]}}