{"forces": {"__ndarray__": [[29, 3], "float32", [-0.0020384788513183594, 0.0005024075508117676, -0.002421855926513672, 0.0025573670864105225, 0.0010143667459487915, 0.0023534297943115234, -0.002698063850402832, -0.003226161003112793, -0.00047662854194641113, -0.0023820623755455017, 0.00031329691410064697, -0.0001417398452758789, -0.0025766417384147644, -0.001606956124305725, 0.0022579431533813477, 0.0002874806523323059, 0.0004232823848724365, 0.0014951229095458984, -0.002927228808403015, -0.0013616681098937988, -0.003917664289474487, -0.043501004576683044, -0.025077566504478455, 0.21226723492145538, -0.001560896635055542, -0.004632622003555298, -0.00047178566455841064, -0.0006345510482788086, -0.0016722679138183594, 0.0005624294281005859, 4.678964614868164e-05, 0.006679177284240723, 0.0015535354614257812, 2.6047229766845703e-05, -0.0009628534317016602, -0.0004933476448059082, 0.0006763935089111328, -0.00017002224922180176, 0.0009330809116363525, 0.0008361637592315674, 3.142654895782471e-05, -0.0005713403224945068, -3.120303153991699e-05, -0.0005911625921726227, -0.0002880692481994629, -0.00042553991079330444, 4.890561103820801e-05, -0.000936657190322876, 4.079937934875488e-05, -0.00039696693420410156, 0.0007437765598297119, 8.392333984375e-05, 0.0010089576244354248, -0.0001701153814792633, 0.0012464523315429688, 0.00033880770206451416, -0.0006012618541717529, -0.0005066990852355957, 0.0006389319896697998, -0.001911461353302002, -0.0014844834804534912, -0.000459522008895874, -0.0009041875600814819, 0.0014355182647705078, -0.0009540319442749023, 0.0010354965925216675, 0.055540069937705994, 0.030467867851257324, -0.2187831550836563, -0.004756748676300049, -0.0009514093399047852, 0.009375125169754028, 0.0024538040161132812, -0.0009471476078033447, 7.01751559972763e-05, -0.0011022388935089111, 0.0019809603691101074, 2.3066997528076172e-05, 0.0006125867366790771, -0.00045996904373168945, 0.00016577541828155518, 0.0004816688597202301, 0.0007690191268920898, 1.4126300811767578e-05, 0.0003007054328918457, -0.0007472038269042969, -0.0007610023021697998]]}, "dipole": {"__ndarray__": [[3], "float32", [-0.1553378701210022, 3.6050283908843994, -1.9862191677093506]]}}