{"forces": {"__ndarray__": [[29, 3], "float32", [-0.0008144378662109375, 0.0005294680595397949, -0.002069234848022461, -0.0016783475875854492, -0.0004193633794784546, 4.1484832763671875e-05, 0.0015963315963745117, -0.00047463178634643555, 0.0013613104820251465, -0.0004666522145271301, -0.00023794174194335938, -0.0011327862739562988, -0.001236245036125183, -0.0015081316232681274, 0.0005858540534973145, 0.002757333219051361, -0.0032085180282592773, 0.00045186281204223633, -0.0009440481662750244, 0.001163184642791748, 0.0034829378128051758, 0.0010479353368282318, -0.0018046759068965912, 0.0012565553188323975, -0.001356363296508789, 0.0014577507972717285, -0.0026057958602905273, -0.003165721893310547, -0.003791332244873047, 0.0012766718864440918, -0.0031616687774658203, 0.0054839253425598145, 0.0020015835762023926, -0.000971674919128418, -0.0022995471954345703, 0.0008945465087890625, 0.01218956708908081, 0.04426933825016022, -0.011046797037124634, -0.0002879202365875244, -0.00010836124420166016, -0.00042125582695007324, 0.00013831257820129395, -0.0004737935960292816, 0.0005965530872344971, -0.00011440552771091461, 0.00032198429107666016, -0.00036206841468811035, -0.000856250524520874, 0.0004634559154510498, 0.00018619000911712646, -0.00010633468627929688, 0.0008337199687957764, 0.00018209964036941528, -0.0005169510841369629, 0.00022339820861816406, -0.00041916966438293457, 0.00034096837043762207, 0.00025406479835510254, 0.00010907649993896484, 0.00031453371047973633, 0.00024563074111938477, -0.0010339319705963135, -0.0005548596382141113, 2.384185791015625e-07, -0.0008486658334732056, 0.0008282661437988281, 0.0011496543884277344, -0.001927703619003296, -0.0002849102020263672, 0.001762092113494873, 7.805228233337402e-05, -0.0008203089237213135, 0.00015888363122940063, 0.002082590013742447, 0.001872032880783081, -0.0004704594612121582, 0.0015370845794677734, -0.008075356483459473, -0.005586504936218262, 0.00420890748500824, 0.014743778854608536, 0.0014594793319702148, -0.014201879501342773, -0.010416150093078613, -0.03939317166805267, 0.01573597826063633]]}, "dipole": {"__ndarray__": [[3], "float32", [-0.15040168166160583, 3.6026291847229004, -1.987594485282898]]}}