{"forces": {"__ndarray__": [[29, 3], "float32", [-0.00034308433532714844, -0.0004528164863586426, -0.0034902095794677734, -0.0014559626579284668, -0.0006676018238067627, 0.0009331703186035156, -0.00023829936981201172, -0.0011013150215148926, 0.0016932636499404907, 0.0013118535280227661, -0.0014149248600006104, -0.0010480880737304688, -0.0015727877616882324, -0.002420589327812195, 0.00034803152084350586, 0.0014903470873832703, 0.001985996961593628, 0.003597080707550049, 0.001567155122756958, 0.0016287565231323242, 0.0008524954319000244, -0.002605848014354706, 0.0031100623309612274, 0.002105221152305603, -0.00573006272315979, -0.012337058782577515, -0.19309228658676147, -0.0004152059555053711, -0.0035039186477661133, 0.001230686902999878, -0.0009400248527526855, 0.0015770196914672852, 0.0020151138305664062, 0.0006316900253295898, -0.002213597297668457, 0.0017662644386291504, 0.001018475741147995, -0.0007665455341339111, -0.0006858110427856445, -0.0004799887537956238, 0.00011439621448516846, 3.9458274841308594e-05, -0.0008925795555114746, 0.0005188416689634323, -0.0005148947238922119, -0.0012849122285842896, 0.0007079541683197021, -0.0002122819423675537, -5.033612251281738e-05, 0.001438915729522705, 0.0005894899368286133, 0.0003510713577270508, 0.0010607540607452393, -0.0004358738660812378, 0.0006893575191497803, 0.0007854700088500977, 0.0008216798305511475, -0.0002442896366119385, -0.0012131929397583008, -0.00553661584854126, -0.0023814141750335693, 0.001135498285293579, -0.0015302002429962158, -0.0011490583419799805, -0.0006058216094970703, 0.00040531158447265625, 0.0023719966411590576, -0.002637624740600586, 0.000447690486907959, 0.0007631629705429077, 0.001979231834411621, -0.00037100911140441895, -0.0033801496028900146, -0.0023896992206573486, -0.00502006895840168, 0.011128902435302734, 0.018732398748397827, 0.19544219970703125, 0.0009766221046447754, -0.002370096743106842, -0.00030271708965301514, 0.000141143798828125, 0.0009808987379074097, -0.0007047355175018311, 0.0007222890853881836, -0.0016616880893707275, 0.000657346099615097]]}, "dipole": {"__ndarray__": [[3], "float32", [-0.15527725219726562, 3.6061930656433105, -1.9906119108200073]]}}