{"forces": {"__ndarray__": [[29, 3], "float32", [-0.0008100271224975586, 0.0006510615348815918, -0.002164125442504883, -0.001750558614730835, 0.0013275146484375, -1.239776611328125e-05, -0.0010336637496948242, -0.005222022533416748, -0.00026342272758483887, 0.019250229001045227, 0.14977601170539856, -0.029744088649749756, 0.0015290305018424988, 0.00025793910026550293, 0.0018545985221862793, 0.0022719353437423706, -0.0002650022506713867, 0.005142092704772949, -1.2725591659545898e-05, -0.0006498098373413086, 0.0006245970726013184, -0.0007217004895210266, -0.0025454573333263397, 0.0009386837482452393, 0.00020608305931091309, -0.0010595321655273438, -0.00011989474296569824, -0.0007009506225585938, -0.0005629062652587891, -0.0012685209512710571, -0.0014029145240783691, 0.00010460615158081055, -0.0024622082710266113, -0.00032889842987060547, 0.0010952949523925781, 0.00267791748046875, 0.00019404292106628418, 0.0009915977716445923, 0.0009705126285552979, 0.004689507186412811, 0.004343405365943909, -0.005343109369277954, -0.02110651135444641, -0.1554453819990158, 0.041995733976364136, 0.0013337023556232452, 0.006992936134338379, -0.005528956651687622, 0.0005105733871459961, 0.001530975103378296, -0.0001996159553527832, -0.0016238093376159668, -0.001452714204788208, -0.0009401403367519379, 0.0013511478900909424, -0.0017298907041549683, -0.0006914287805557251, -0.0016421675682067871, -0.0010505318641662598, -0.004199028015136719, -0.0006714463233947754, 0.0008366703987121582, 0.002478659152984619, -0.0008347630500793457, -4.8041343688964844e-05, 0.00011488795280456543, 0.0013508200645446777, 0.0010706782341003418, -0.0013409554958343506, 0.0007500350475311279, 0.0011576414108276367, -0.00047135353088378906, -0.0005839169025421143, 0.0004224032163619995, -3.122352063655853e-05, -0.00048038363456726074, 0.00012452900409698486, -0.000683128833770752, 0.00030368566513061523, 1.5035271644592285e-05, 0.00038051605224609375, -0.0005717538297176361, -0.0006049871444702148, -0.0006690919399261475, 0.0005353689193725586, -6.285309791564941e-05, -0.0010449886322021484]]}, "dipole": {"__ndarray__": [[3], "float32", [-0.15349650382995605, 3.6107068061828613, -1.989957332611084]]}}