{"forces": {"__ndarray__": [[29, 3], "float32", [0.0015529394149780273, -0.0012854337692260742, -0.0032465457916259766, 0.008753031492233276, -0.0036364495754241943, 0.0016263723373413086, 0.0030618906021118164, -0.0017270445823669434, 0.0005027204751968384, -0.004785776138305664, 0.00048348307609558105, 2.6166439056396484e-05, 0.0006486773490905762, -0.0011989623308181763, 0.0025504231452941895, 0.004447348415851593, -0.023695558309555054, -0.0020560622215270996, 0.001299932599067688, 0.006944000720977783, 0.0007429718971252441, -0.0027288272976875305, -0.005389563739299774, 0.0003074854612350464, -0.01769360899925232, 0.009806603193283081, -0.0018253549933433533, 0.16374492645263672, -0.022911906242370605, 0.03268280625343323, -0.40850698947906494, 0.022333085536956787, -0.1358356475830078, 0.09415656328201294, 0.038054704666137695, 0.04415780305862427, 0.15594518184661865, -0.018081501126289368, 0.059114694595336914, 0.0033598914742469788, -0.0003818124532699585, -0.00044733285903930664, -0.0012101829051971436, -0.0011856108903884888, -0.0005705952644348145, -0.0008546244353055954, 0.001314014196395874, 7.516145706176758e-05, -0.0009570717811584473, 6.836652755737305e-05, -0.0017448961734771729, -0.000661313533782959, -3.8504600524902344e-05, -2.4829059839248657e-05, -0.0005499124526977539, 0.00012895464897155762, -0.00044670701026916504, 0.0029356777667999268, -0.005783885717391968, -0.0007786154747009277, -0.0008893609046936035, -0.0008240938186645508, -0.0006517767906188965, -0.0018910765647888184, 0.0019731521606445312, 0.001583382487297058, 0.0025008022785186768, 0.0009306669235229492, 0.00038823485374450684, 0.0018746554851531982, 0.0010738968849182129, 0.001086592674255371, 0.0002833902835845947, 0.0013566464185714722, 0.0006968528032302856, -0.00012376904487609863, -0.00012274086475372314, -0.0003654956817626953, 0.002270311117172241, 0.0018436536192893982, 0.0011484622955322266, -0.00748400017619133, 0.00427718460559845, -0.002722710371017456, 0.0015018582344055176, -0.004325926303863525, 0.004025578498840332]]}, "dipole": {"__ndarray__": [[3], "float32", [-0.15335069596767426, 3.604626417160034, -1.9825795888900757]]}}