{"forces": {"__ndarray__": [[29, 3], "float32", [-0.0014597177505493164, -0.04446125030517578, 0.04582560062408447, 0.06694108247756958, 0.16274555027484894, -0.08379971981048584, -0.036247849464416504, -0.047027915716171265, 0.019390419125556946, 0.004695683717727661, -0.0012515783309936523, -0.005077838897705078, -0.009466156363487244, -0.0075820982456207275, -0.0027390122413635254, -0.027893155813217163, -0.05768987536430359, 0.025266528129577637, -0.008038610219955444, -0.006070196628570557, 0.008592456579208374, 0.001981489360332489, 0.0010383613407611847, 0.001521572470664978, 0.003839552402496338, 0.0005854964256286621, 0.001914188265800476, -0.0031355619430541992, 0.006298184394836426, -0.005066797137260437, 0.0015350580215454102, -0.00992673635482788, -0.003474891185760498, 0.005486190319061279, -0.004730343818664551, 0.002737760543823242, 0.004626095294952393, -0.0036495178937911987, 0.002241283655166626, 0.0005155131220817566, 0.0011150240898132324, -0.000943988561630249, -0.0028003156185150146, 0.00042238645255565643, 0.001372307538986206, 9.681656956672668e-05, -0.00016754865646362305, -0.0018971562385559082, -0.0018563270568847656, -0.0016376376152038574, 0.0014597028493881226, 0.0009611845016479492, -0.0003738999366760254, 0.0004616491496562958, -0.0009243786334991455, -0.00017185509204864502, -0.0015296787023544312, 0.005027592182159424, 0.0015233755111694336, 0.0020064711570739746, 0.000768125057220459, 0.003575563430786133, 7.191300392150879e-05, -0.003460407257080078, 0.0013315677642822266, -0.0021156519651412964, 0.0018611550331115723, 0.0011188983917236328, -0.0004322230815887451, 0.00022900104522705078, 0.0011172294616699219, -0.0007195472717285156, -0.0023105740547180176, 0.00038748234510421753, 0.0004551336169242859, 0.0025076866149902344, 0.0008501559495925903, -0.0011416077613830566, -0.0004719197750091553, -3.129243850708008e-06, -0.0016628503799438477, -0.0019203200936317444, 0.002183765172958374, -0.0016114115715026855, -0.0010869503021240234, 0.00045046210289001465, -0.0011046193540096283]]}, "dipole": {"__ndarray__": [[3], "float32", [-0.1523604542016983, 3.6042776107788086, -1.9882543087005615]]}}