{"forces": {"__ndarray__": [[29, 3], "float32", [0.005405426025390625, 0.0008435845375061035, 0.009489774703979492, 0.0022101402282714844, 0.009038090705871582, -0.007851123809814453, 0.000255584716796875, -0.0022809505462646484, -0.005518004298210144, 0.001887202262878418, 0.0014388412237167358, -0.0006681084632873535, -0.0025870129466056824, -0.0007396042346954346, 0.00040221214294433594, -0.017115600407123566, 0.010122686624526978, 0.006529510021209717, -0.008217081427574158, -0.0006410479545593262, -0.0026018619537353516, 2.014636993408203e-05, 0.0005191639065742493, -0.0003097653388977051, 0.0003280341625213623, 0.0029159486293792725, 0.0009150803089141846, -0.03224503993988037, 0.17833638191223145, 0.021309927105903625, 0.028534114360809326, -0.39841076731681824, -0.05238223075866699, 0.0596279501914978, 0.1169135570526123, 0.05398297309875488, -0.016796529293060303, 0.07044093310832977, -0.013356119394302368, -0.0011101588606834412, -0.001954495906829834, 4.0858983993530273e-05, -0.003370434045791626, 0.0016591791063547134, -0.0023061037063598633, -0.0018984004855155945, -0.00015670061111450195, -0.002105712890625, -0.0008071064949035645, -0.002451300621032715, -0.0006345361471176147, 0.00018471479415893555, -3.0338764190673828e-05, 0.0003674030303955078, -0.0021004080772399902, 0.002254575490951538, 0.0008507072925567627, -0.0032256245613098145, 0.0030891597270965576, -0.001489102840423584, 0.0034062564373016357, -0.0005282461643218994, 0.0019025951623916626, 0.0029699206352233887, -0.00020551681518554688, -0.0030095428228378296, 0.00014099478721618652, 0.0011570453643798828, 0.003478825092315674, 0.0009855180978775024, 0.0011900067329406738, -2.4110078811645508e-05, 0.0037206709384918213, 0.00568777322769165, 0.002204202115535736, -0.003927379846572876, 0.008510351181030273, -0.0024551749229431152, 0.004109174013137817, -0.0029501020908355713, -0.003177747130393982, -0.01539081335067749, -0.007787197828292847, -0.005502939224243164, -0.0049942731857299805, 0.004018872976303101, 0.0019187591969966888]]}, "dipole": {"__ndarray__": [[3], "float32", [-0.14523626863956451, 3.6095190048217773, -1.983027696609497]]}}