{"forces": {"__ndarray__": [[29, 3], "float32", [0.0017086267471313477, -0.0033591389656066895, -0.0013275146484375, 0.002448439598083496, 0.0007784813642501831, -0.002440214157104492, 6.890296936035156e-05, -0.0008153319358825684, 0.00036735832691192627, -0.0025581270456314087, 0.0012582838535308838, 0.00042682886123657227, -0.002091139554977417, -0.0024764537811279297, 0.002657473087310791, -0.0016236528754234314, 0.0013636350631713867, -0.0020254850387573242, -0.0016349554061889648, -0.0007932782173156738, 0.0014723539352416992, -0.0035662204027175903, -3.446824848651886e-05, 0.002952173352241516, 0.0003165602684020996, -0.0008518695831298828, 0.00018990039825439453, -0.0005753040313720703, -0.008298039436340332, 0.005414098501205444, -0.047040700912475586, -0.05814272165298462, -0.07443749904632568, 0.05379164218902588, 0.08031535148620605, 0.07463234663009644, -0.00023107975721359253, -0.010674014687538147, 0.003124803304672241, 0.0013307258486747742, -0.0006520450115203857, 0.0005394816398620605, -0.000744163990020752, -0.0009153084829449654, -0.0014185309410095215, -0.0002147778868675232, 0.0006914734840393066, -0.0018092095851898193, 0.0006879568099975586, 0.0010927915573120117, -0.0011397004127502441, 5.185604095458984e-06, 0.0012673139572143555, -0.0010883249342441559, 0.0003775656223297119, 4.315376281738281e-05, -0.0009600073099136353, 0.0002873539924621582, -0.005111068487167358, -0.0026192069053649902, 0.0005063116550445557, 0.0005369186401367188, -0.00022983551025390625, 0.001456618309020996, 0.0004273653030395508, -0.0007307976484298706, 0.0018078982830047607, 0.0013818740844726562, 0.00032401084899902344, 0.0021716952323913574, 0.0005236268043518066, -0.0005045533180236816, -0.0017874836921691895, 0.0013751238584518433, 0.001549161970615387, 0.0007175803184509277, 0.0012454390525817871, -0.0005505084991455078, 0.0013007819652557373, -0.00029578059911727905, 0.0010024011135101318, -0.004361201077699661, 0.0010151565074920654, -0.0036576390266418457, -0.0025554299354553223, -0.0008966326713562012, 0.0002857223153114319]]}, "dipole": {"__ndarray__": [[3], "float32", [-0.14966942369937897, 3.6045312881469727, -1.9801266193389893]]}}