{"forces": {"__ndarray__": [[29, 3], "float32", [-0.0020467042922973633, 0.0007935166358947754, -0.0067141056060791016, 0.0010679364204406738, -0.003997668623924255, 0.00631105899810791, -0.0039038658142089844, -0.008848488330841064, 0.00398564338684082, 0.001813843846321106, -8.846819400787354e-05, -0.0025153756141662598, 0.0509943962097168, -0.1891055405139923, 0.044918060302734375, 0.0011875554919242859, -0.00019952654838562012, -0.0003006458282470703, -0.0016968250274658203, 0.0005282759666442871, 0.0005275607109069824, -0.0014114417135715485, -0.0016973558813333511, -0.0006600320339202881, -0.002421855926513672, -0.002840697765350342, -0.0004395395517349243, -0.0003095865249633789, 0.0015839338302612305, 0.0003679990768432617, -0.000432431697845459, 0.0008070468902587891, -0.0004419684410095215, 0.000897824764251709, -0.0018805265426635742, 0.00018203258514404297, -0.0015133246779441833, 0.00028821825981140137, 0.0004686415195465088, -0.00039680302143096924, 0.001730218529701233, -7.62641429901123e-05, 0.00040453672409057617, -0.0009359866380691528, 0.001967400312423706, -0.0011906009167432785, 0.0022900402545928955, 0.0006727874279022217, -0.04389536380767822, 0.2098609209060669, -0.05841177701950073, 0.0012363195419311523, 0.003918111324310303, 0.004728052765130997, 0.0027343332767486572, -0.015426993370056152, 0.004209309816360474, -0.0014608800411224365, 0.0020457208156585693, 7.766485214233398e-05, 0.00045186281204223633, -0.0010076463222503662, 0.00026001036167144775, 0.00032651424407958984, -0.00043070316314697266, -0.0004460066556930542, 0.0006847083568572998, 0.00039446353912353516, -0.0003669559955596924, -0.00040775537490844727, 0.0001309514045715332, 0.0012532174587249756, 0.00010889768600463867, -0.0002484619617462158, -0.0002704588696360588, -0.0003822445869445801, 0.001261591911315918, 0.000784754753112793, -0.00015479326248168945, 0.0001840740442276001, -0.0002412348985671997, -2.5704503059387207e-05, 0.0007891952991485596, -0.0002009272575378418, -0.0002581477165222168, 0.00010183453559875488, 0.0003718137741088867]]}, "dipole": {"__ndarray__": [[3], "float32", [-0.15506787598133087, 3.603264808654785, -1.986763834953308]]}}