{"forces": {"__ndarray__": [[29, 3], "float32", [-0.0005751848220825195, -0.0012992024421691895, 0.0065119266510009766, -0.004952490329742432, 0.008570626378059387, -0.002782583236694336, -0.0015254020690917969, 0.002068161964416504, -0.002191603183746338, 0.002346999943256378, -0.0019166171550750732, 0.00016510486602783203, -0.0004487335681915283, -0.00300636887550354, 0.0025331974029541016, 0.05638758838176727, -0.000973135232925415, -0.004050791263580322, -0.3581831753253937, 0.04347240924835205, -0.0016415715217590332, 0.11761727184057236, 0.015366725623607635, -0.0013332515954971313, 0.017699599266052246, -0.001144707202911377, 0.010703101754188538, -0.007810473442077637, -0.020360112190246582, -0.0005305558443069458, -0.0002416372299194336, -0.004352748394012451, -0.004404902458190918, 0.0011343955993652344, 0.0020526647567749023, 0.0034953951835632324, 0.0020836591720581055, -0.0003326535224914551, 0.0012660622596740723, 5.5029988288879395e-05, 0.0008376836776733398, -0.0001749098300933838, 0.000988781452178955, -0.0007106568664312363, -0.001479804515838623, -0.0008211657404899597, -0.0002079606056213379, -0.0012462735176086426, 0.0001226961612701416, 0.0026262402534484863, -0.000428617000579834, -0.0007255077362060547, 0.0003580451011657715, -1.55717134475708e-05, 0.00015285611152648926, 5.0961971282958984e-05, 0.00044240057468414307, -0.0035822391510009766, 0.003345668315887451, 0.00027251243591308594, 0.1065228283405304, -0.041062355041503906, 0.06182107329368591, 0.0772971510887146, -0.015872716903686523, -0.05721175670623779, 0.0005605816841125488, 0.0024947524070739746, -0.004202365875244141, -0.0022247731685638428, 0.005426168441772461, 0.0022696256637573242, -0.004939764738082886, 0.004149399697780609, -0.003222949802875519, 0.002244234085083008, 0.001647353172302246, -0.00218045711517334, 0.0004890263080596924, -0.0004779696464538574, -0.00048457086086273193, -0.0005345419049263, -0.0004939138889312744, -0.00028127431869506836, 0.0008619725704193115, -0.0002555251121520996, -0.0016162842512130737]]}, "dipole": {"__ndarray__": [[3], "float32", [-0.15598389506340027, 3.6097071170806885, -1.9853694438934326]]}}