{"forces": {"__ndarray__": [[29, 3], "float32", [-0.0007989406585693359, -0.0004184246063232422, 0.002691030502319336, -0.0016176998615264893, 0.0010864883661270142, -0.0025632381439208984, 0.001351475715637207, -0.00011092424392700195, -0.0006994456052780151, 0.0003632456064224243, 0.00019541382789611816, 0.0016270279884338379, 0.0013406872749328613, 0.00015391409397125244, 0.0010110735893249512, -0.00017631053924560547, 0.001447916030883789, -0.0001679062843322754, 0.00041046738624572754, -0.0003949403762817383, 0.000463634729385376, 0.00011236220598220825, -0.0008918475359678268, -0.0006475448608398438, 6.145238876342773e-05, 0.000563502311706543, -5.473196506500244e-05, 0.002265334129333496, -0.003274202346801758, 0.006579607725143433, 0.0004927515983581543, 0.004045009613037109, 0.0039061903953552246, -0.0019162893295288086, 0.0008524656295776367, 0.0016320347785949707, 0.053442180156707764, 0.02329091727733612, 0.02807098627090454, 0.0015295296907424927, 0.0005180090665817261, 0.0005855262279510498, 0.0006936788558959961, 0.00011002272367477417, 0.0005007386207580566, 0.0009047947824001312, 0.0013141036033630371, 0.0004463791847229004, 0.001104980707168579, 0.00016880035400390625, 3.698468208312988e-05, 0.00015944242477416992, 0.0001322031021118164, 7.778406143188477e-05, 0.0004710853099822998, -0.000659063458442688, -0.000415608286857605, 0.0004654824733734131, -0.0005271732807159424, -0.0002167820930480957, -0.0008756518363952637, -0.00014469027519226074, -0.0005441904067993164, 0.0006908178329467773, -0.0009154081344604492, -0.0006614923477172852, -7.542967796325684e-05, -0.00033718347549438477, 0.0006546974182128906, 0.00036004185676574707, -0.0010998845100402832, 0.0005731582641601562, -0.0003960728645324707, 0.001175113022327423, -0.0011834390461444855, 9.831786155700684e-05, 0.00046500563621520996, -0.00043523311614990234, -0.053097426891326904, -0.019399739801883698, -0.040495455265045166, -0.00048639625310897827, 0.0014622658491134644, 0.008890509605407715, -0.006877809762954712, -0.008807510137557983, -0.009661763906478882]]}, "dipole": {"__ndarray__": [[3], "float32", [-0.1536639928817749, 3.6058709621429443, -1.9840795993804932]]}}