{"forces": {"__ndarray__": [[29, 3], "float32", [-0.0018711090087890625, 0.0011077523231506348, -0.00463557243347168, -0.004077494144439697, -0.0010649412870407104, 0.0008066892623901367, 0.004368305206298828, 0.0003694891929626465, 0.001741841435432434, -0.0006558075547218323, 0.0017277151346206665, 0.0020208358764648438, 0.001772463321685791, 0.0017008036375045776, -0.0022423863410949707, 0.0015951693058013916, -0.0062961578369140625, 0.004050135612487793, -0.0030735135078430176, 0.00426936149597168, 0.06429785490036011, 0.0036977864801883698, -0.036584239453077316, -0.39870887994766235, 0.009628623723983765, -0.016316354274749756, 0.06699319183826447, -0.0034106969833374023, -0.008460283279418945, -0.0033423304557800293, 0.00031834840774536133, -0.00041729211807250977, -8.702278137207031e-05, 0.0016266107559204102, 0.0019818544387817383, 0.0019949674606323242, -0.000361468642950058, 0.0005488842725753784, -0.00025728344917297363, 0.0005168542265892029, 3.740191459655762e-05, -0.0003935694694519043, 0.0013245344161987305, -0.0004729395732283592, 0.0007528960704803467, 0.00015760213136672974, 0.0001062154769897461, 0.0006349384784698486, -0.00029665231704711914, -0.0005882978439331055, -0.0001281946897506714, -0.0003038644790649414, 9.617209434509277e-05, 0.0002623423933982849, -0.00013300776481628418, -0.0001556873321533203, -4.5046210289001465e-05, 0.0019548237323760986, 0.0006107687950134277, -0.003910243511199951, 0.0064758360385894775, 0.005533754825592041, -0.007891669869422913, -0.009434938430786133, -0.004239976406097412, -0.008049488067626953, -0.04419468343257904, -0.027911603450775146, 0.1984783411026001, 0.026508569717407227, 0.08826667070388794, 0.09635540843009949, 0.0010858476161956787, 0.0033756494522094727, -0.005313832312822342, 0.006672948598861694, -0.00815051794052124, -0.002751946449279785, 0.0006867647171020508, 0.0013153403997421265, 0.00015693902969360352, 0.00017024576663970947, -2.008676528930664e-05, -0.0003520846366882324, -0.0007475018501281738, -0.00036916136741638184, -0.0004369281232357025]]}, "dipole": {"__ndarray__": [[3], "float32", [-0.1542990505695343, 3.6049225330352783, -1.9902952909469604]]}}