{"forces": {"__ndarray__": [[29, 3], "float32", [0.002354145050048828, -0.0023915767669677734, 0.0040721893310546875, 0.0035628080368041992, 0.0008074045181274414, -0.0018881559371948242, -0.0020787715911865234, -0.0007055997848510742, -0.0011300146579742432, 1.1108815670013428e-05, -0.0003593713045120239, -0.001001119613647461, -0.0036490783095359802, -0.0023319870233535767, 0.002161264419555664, -0.0011215507984161377, 0.0002003014087677002, -0.0010184049606323242, 0.00018353760242462158, -0.0006268024444580078, 0.0033614933490753174, -0.0018573328852653503, -0.0008270367980003357, 0.0017783939838409424, 0.0024956464767456055, -0.0008778274059295654, 0.0013892129063606262, 0.0027751922607421875, -0.005498170852661133, 0.003848642110824585, -0.058914005756378174, 0.011700868606567383, -0.08321774005889893, 0.0014880895614624023, 0.0027561187744140625, 0.004059493541717529, -0.022072583436965942, -0.008343607187271118, 0.40194186568260193, -0.00018674135208129883, 0.00014963746070861816, -0.0004483163356781006, -0.0005053579807281494, 2.7436763048171997e-05, 0.00016441941261291504, -0.00028984807431697845, 0.0008937716484069824, -0.0007821023464202881, -0.00032699108123779297, 0.0014367997646331787, -9.28044319152832e-05, 0.0012728571891784668, 0.0009607672691345215, 0.0011016502976417542, 0.0008304417133331299, 0.0002735257148742676, -0.000692024827003479, -2.7418136596679688e-06, 0.0004342198371887207, -0.00015944242477416992, -0.0009295642375946045, 0.0011259615421295166, -0.0022190362215042114, -0.0006189942359924316, 0.00021070241928100586, -0.0007042437791824341, 0.001006096601486206, 0.0002554655075073242, -0.0013468563556671143, 0.0014957189559936523, 0.002344071865081787, 5.6356191635131836e-05, -0.0004812479019165039, 0.0010471940040588379, -0.0004248619079589844, 0.0003591179847717285, 1.8835067749023438e-05, -0.0006978511810302734, -0.028057485818862915, -0.050938937813043594, -0.13391467928886414, 0.015319325029850006, 0.038089826703071594, -0.05419400334358215, 0.08793792128562927, 0.010167449712753296, -0.14000369608402252]]}, "dipole": {"__ndarray__": [[3], "float32", [-0.1571374535560608, 3.603242874145508, -1.9842216968536377]]}}