{"forces": {"__ndarray__": [[29, 3], "float32", [-9.28640365600586e-05, 0.0001990795135498047, 0.003835439682006836, 7.966160774230957e-05, 0.001359298825263977, -0.0031179189682006836, 0.0007917881011962891, -0.0012836456298828125, 0.0002893805503845215, -0.00038453564047813416, 9.91523265838623e-05, 0.0002697110176086426, 0.0007648468017578125, -0.00045800209045410156, -0.0011985301971435547, 0.0006513148546218872, -0.00147324800491333, 0.0020903944969177246, -0.00020395219326019287, 0.0004603266716003418, 0.003319382667541504, 0.0018500536680221558, -0.005800306797027588, -0.0030307620763778687, 0.004220366477966309, 0.01078692078590393, 0.17757174372673035, 0.001417994499206543, 0.0027190446853637695, 0.0006581544876098633, 6.955862045288086e-05, 0.0006197690963745117, -0.002706766128540039, -4.982948303222656e-05, 0.0005655288696289062, 0.0010316967964172363, -0.0014431178569793701, -0.0015478283166885376, 0.0008466541767120361, 0.0020510107278823853, 0.0004628002643585205, 0.00012233853340148926, 0.00033289194107055664, -0.00015492737293243408, 0.0005451440811157227, 0.0005622319877147675, 0.0007414817810058594, 0.0005359351634979248, -0.0008203685283660889, -0.0002683103084564209, 9.98377799987793e-06, -0.0006617903709411621, -0.00013458728790283203, 0.0012129507958889008, 0.000296175479888916, 0.0006804764270782471, -0.0015398859977722168, 0.0003896355628967285, -0.00011464953422546387, -0.00020873546600341797, 0.0005519688129425049, 0.0003058016300201416, -0.0024694502353668213, 0.0006930828094482422, -4.7326087951660156e-05, -0.0006288737058639526, -0.0008013546466827393, 0.0029894113540649414, -0.0002925395965576172, -0.0005233287811279297, -0.0004382133483886719, 0.0013746321201324463, 0.0008738934993743896, 0.002418428659439087, 0.004859305918216705, -0.009111404418945312, -0.017379775643348694, -0.18177610635757446, -0.0008749961853027344, 0.0031369030475616455, -0.00028204917907714844, -0.000996313989162445, 0.0003632158041000366, 0.00046446919441223145, 0.00036767125129699707, 0.0011931061744689941, -0.0017859414219856262]]}, "dipole": {"__ndarray__": [[3], "float32", [-0.15320037305355072, 3.606365919113159, -1.9860107898712158]]}}