{"forces": {"__ndarray__": [[29, 3], "float32", [0.0012031793594360352, -0.0011336207389831543, 0.0023462772369384766, 0.004429072141647339, 0.00265425443649292, 0.0004724264144897461, -0.0049735307693481445, -0.0018715262413024902, -0.002662479877471924, 7.233023643493652e-05, -0.0003443509340286255, -0.0017461776733398438, -0.004645556211471558, -0.0010539889335632324, 0.0013738274574279785, 0.0004761740565299988, 0.005110263824462891, 0.0006312131881713867, 0.0013320595026016235, -0.0032455921173095703, -0.06288348138332367, -0.008902214467525482, 0.033876582980155945, 0.4175378680229187, -0.008026540279388428, 0.01475071907043457, -0.06678815186023712, 0.0013501644134521484, 0.007985711097717285, 0.0034489035606384277, -0.0003597736358642578, -7.456541061401367e-05, -0.0005731582641601562, -0.0004239082336425781, -0.0018799304962158203, -0.0001398921012878418, -0.0004297420382499695, -0.0010490715503692627, 0.002180248498916626, 0.00017815083265304565, 0.00012169778347015381, -0.00017318129539489746, -0.001208662986755371, -0.000565582886338234, -4.416704177856445e-05, -0.0011887289583683014, -0.0002700686454772949, -0.001472383737564087, 0.0009173452854156494, 0.00013959407806396484, 0.0007037371397018433, 0.0007889866828918457, 0.00016418099403381348, 0.0008150115609169006, 0.00022533535957336426, -0.0002561509609222412, -7.398426532745361e-05, -0.001780778169631958, -0.0012080967426300049, 1.9550323486328125e-05, -0.006400644779205322, -0.005716472864151001, 0.006317853927612305, 0.009036779403686523, 0.004881739616394043, 0.007725164294242859, 0.048831164836883545, 0.030820786952972412, -0.21520385146141052, -0.024463191628456116, -0.08563679456710815, -0.09816890954971313, -0.0016273558139801025, -0.0038092732429504395, 0.005701910704374313, -0.006989270448684692, 0.008782938122749329, 0.0022612810134887695, 0.0010082721710205078, -0.0010248199105262756, 8.133053779602051e-05, -0.00022950023412704468, 0.00021229684352874756, -0.0010564625263214111, 0.0018009841442108154, -0.00036072731018066406, -0.0006300806999206543]]}, "dipole": {"__ndarray__": [[3], "float32", [-0.15540623664855957, 3.6066410541534424, -1.9861770868301392]]}}