{"forces": {"__ndarray__": [[29, 3], "float32", [-0.00021123886108398438, -0.0004082322120666504, 0.0014672279357910156, -0.002197563648223877, -0.00044912099838256836, -0.0010294914245605469, 0.000982522964477539, 0.00028252601623535156, 0.0006702691316604614, 0.0008737742900848389, 0.000548824667930603, 0.0016285181045532227, 0.0011618435382843018, 0.0004499852657318115, 0.0005497336387634277, 0.000910446047782898, -0.0013630688190460205, -0.00014984607696533203, 0.00022567808628082275, 0.0008832812309265137, 0.0009268224239349365, -0.0002425163984298706, -0.0007689706981182098, -0.0005934685468673706, -0.00019875168800354004, 0.0004729926586151123, 0.0001712888479232788, -0.00023555755615234375, -0.0002745389938354492, 0.0009581446647644043, 0.000491023063659668, 1.8477439880371094e-05, 0.00046062469482421875, 0.0003756880760192871, 9.202957153320312e-05, -0.00016701221466064453, -0.0009490698575973511, 0.0002558678388595581, 0.00019147992134094238, -0.00038348883390426636, -2.0682811737060547e-05, -0.0002371668815612793, 0.00012001395225524902, -2.890080213546753e-05, 0.00022032856941223145, -0.0008344203233718872, 0.0007147490978240967, -0.000426560640335083, 0.0003408193588256836, -0.0006235241889953613, -0.0003094226121902466, -0.0005468130111694336, -0.00015720725059509277, -0.0003844369202852249, -0.00046634674072265625, 1.9088387489318848e-05, -0.000858306884765625, -0.0002174675464630127, 0.0009594261646270752, -0.0006510019302368164, -0.00041741132736206055, -0.00022462010383605957, -0.0007547736167907715, 0.0007005929946899414, -0.00028592348098754883, -0.0011237412691116333, -8.851289749145508e-05, -0.0004369020462036133, 0.00014838576316833496, 6.854534149169922e-06, -7.957220077514648e-05, 7.778406143188477e-06, -0.0001666545867919922, -0.0006294995546340942, 0.00026281923055648804, 0.00021985173225402832, 8.89599323272705e-06, -0.00013720989227294922, 0.0004430711269378662, 0.0007921755313873291, -0.0003666728734970093, 0.0003865770995616913, 0.00016455352306365967, -1.7911195755004883e-05, -8.302927017211914e-05, 8.782744407653809e-05, -0.0004566796123981476]]}, "dipole": {"__ndarray__": [[3], "float32", [-0.1539851427078247, 3.605339527130127, -1.986619234085083]]}}