{"forces": {"__ndarray__": [[29, 3], "float32", [-0.07023656368255615, 0.009023725986480713, -0.0530472993850708, 0.05008363723754883, -0.0009973496198654175, 0.037447333335876465, -0.002066969871520996, -0.01107710599899292, 0.023073330521583557, 0.0015105009078979492, 1.8641352653503418e-05, -0.0005595088005065918, 0.006585229188203812, -0.0017334818840026855, 0.011817574501037598, -0.0038304701447486877, 0.0040295422077178955, -0.007023870944976807, -0.0013102591037750244, 0.0017952322959899902, 0.0012510120868682861, -0.0009132362902164459, -0.0020580068230628967, -0.00012280046939849854, -0.0026699602603912354, -0.00027740001678466797, -0.0014456585049629211, 0.010058999061584473, -0.006042361259460449, -0.00040487945079803467, 0.0030358433723449707, 0.00872737169265747, -0.0026618242263793945, -0.0024793148040771484, -0.00352632999420166, -0.004182040691375732, -0.002659641206264496, 0.002649560570716858, -0.0014813244342803955, 0.000702492892742157, 0.0010728240013122559, -0.0005602538585662842, 0.0004006922245025635, -0.0011160429567098618, 0.0009976029396057129, 0.0004506930708885193, 0.0004140138626098633, -0.0003635883331298828, 0.0032810866832733154, 0.0010478496551513672, 0.0011152774095535278, 0.0006124377250671387, 0.00212782621383667, -0.0018049776554107666, 0.0036605000495910645, -0.0009201765060424805, 0.00015872716903686523, -0.002489238977432251, -0.0014589130878448486, -0.0008525848388671875, -0.0013312995433807373, -0.00030174851417541504, -0.0011664628982543945, 0.0009654760360717773, -0.0027280449867248535, -0.0005150586366653442, 0.0012836456298828125, 0.001379251480102539, -0.001653909683227539, 0.001337677240371704, 0.0009781122207641602, 0.0007332563400268555, 0.002446204423904419, -0.0009313896298408508, 0.0009232908487319946, 0.0006420314311981201, -0.0013663172721862793, 0.00011485815048217773, 0.0003469884395599365, 0.0016517490148544312, -0.0007754713296890259, 0.0008040666580200195, -0.00025697052478790283, 0.0012305378913879395, 0.0017780661582946777, -0.0001240372657775879, -0.00024148821830749512]]}, "dipole": {"__ndarray__": [[3], "float32", [-0.1676267385482788, 3.6052157878875732, -1.9896122217178345]]}}