{"forces": {"__ndarray__": [[29, 3], "float32", [0.0021982192993164062, -0.00041800737380981445, 0.006803274154663086, 0.003018796443939209, 0.002557307481765747, -0.005794405937194824, -0.00189208984375, 0.014129042625427246, -0.004497796297073364, 0.000650361180305481, 0.00014124810695648193, 0.002878248691558838, 0.04623798280954361, -0.043012648820877075, 0.013095855712890625, 3.229081630706787e-05, -0.001384735107421875, 1.3649463653564453e-05, -0.0005337893962860107, -0.0010097026824951172, 0.0023117363452911377, -0.00020224973559379578, 0.0006749089807271957, 0.0008381456136703491, 0.002568662166595459, -0.000638425350189209, -0.0002379193902015686, -0.0016742944717407227, 0.0006221532821655273, 7.696449756622314e-05, -0.0030173063278198242, -0.0014368891716003418, -0.0005598664283752441, 0.00215226411819458, 0.0009162425994873047, 0.0007439851760864258, 0.0006740577518939972, -0.0001722872257232666, 0.0012965202331542969, -0.002020612359046936, 0.000630691647529602, -0.000291973352432251, -3.7789344787597656e-05, 0.000180073082447052, -0.0007154345512390137, 0.00014083273708820343, 0.0009952187538146973, -0.0007895827293395996, -0.058201223611831665, 0.04437834024429321, -0.014789700508117676, 0.004080057144165039, -0.016313284635543823, 0.007736615836620331, -6.708502769470215e-05, -0.006010115146636963, -0.0021015703678131104, -0.0003063678741455078, 0.0020371675491333008, -7.683038711547852e-05, -0.0007314383983612061, 0.00018352270126342773, -0.0012561380863189697, 0.0004647374153137207, 0.0005103349685668945, -0.0008156299591064453, 0.0015642940998077393, 0.0016121864318847656, -0.002063572406768799, 0.0009980499744415283, 0.00046312808990478516, 0.0001036524772644043, 0.00021693110466003418, 0.0006728172302246094, -0.0004740562289953232, 0.0008185505867004395, 0.0010116100311279297, 0.00016421079635620117, 0.0010980665683746338, 0.0002226307988166809, -0.00026382505893707275, 0.0010671243071556091, -0.0008269250392913818, -0.0002790093421936035, 0.0007030665874481201, -0.0007156133651733398, -0.0010555833578109741]]}, "dipole": {"__ndarray__": [[3], "float32", [-0.15335708856582642, 3.605560779571533, -1.9876534938812256]]}}