{"forces": {"__ndarray__": [[29, 3], "float32", [-0.0015826225280761719, 0.0012333989143371582, 0.00012421607971191406, 0.002856343984603882, 0.0011012256145477295, 0.001764535903930664, -0.0057260990142822266, -0.0030373334884643555, -0.0007537901401519775, -0.00022023916244506836, -0.0005402863025665283, -0.0016475319862365723, -0.002164781093597412, -0.0007396191358566284, 0.0008126497268676758, 0.001395590603351593, -0.00035184621810913086, 0.0029172897338867188, 0.0002748221158981323, 0.0009176731109619141, 0.0015208423137664795, -0.0007801838219165802, -0.0008767955005168915, 0.0015723854303359985, 0.001014024019241333, -0.0006682872772216797, 0.0014570578932762146, -0.0025992393493652344, -0.003147125244140625, -0.00012670457363128662, -0.0028714537620544434, 0.0007315278053283691, 0.0084000825881958, 0.001986384391784668, 0.0006480216979980469, 0.0004527568817138672, -0.1227976381778717, -0.01250186562538147, 0.08691644668579102, 0.0004555359482765198, 0.0004099607467651367, -1.4632940292358398e-05, -0.0003463327884674072, 9.378418326377869e-06, 0.0002498030662536621, -0.0010343976318836212, 0.0003809928894042969, -0.0004585087299346924, -0.00012600421905517578, -9.483098983764648e-05, 0.0003702491521835327, -0.00011032819747924805, 0.0002942681312561035, 0.00045322999358177185, 5.46872615814209e-05, 0.0010980218648910522, -0.00020359456539154053, -0.0012172460556030273, 5.549192428588867e-05, -0.0032716989517211914, -0.0006079971790313721, 0.0004616975784301758, -0.0006045550107955933, -0.000751793384552002, -0.0003418922424316406, -0.00032442808151245117, 0.0001475811004638672, 0.0009030699729919434, -0.000333249568939209, 0.0006063878536224365, 0.0019854307174682617, -0.00047150254249572754, 0.00034505128860473633, -0.00089254230260849, -0.0003153756260871887, -0.00010782480239868164, 0.0001630932092666626, 6.759166717529297e-05, 0.007206559181213379, 0.003754846751689911, -0.005481153726577759, -0.0029231496155261993, -0.0008677393198013306, 0.0028210878372192383, 0.12962397933006287, 0.009911775588989258, -0.09589406102895737]]}, "dipole": {"__ndarray__": [[3], "float32", [-0.15566761791706085, 3.6040189266204834, -1.989211082458496]]}}