{"forces": {"__ndarray__": [[29, 3], "float32", [0.000652313232421875, -0.0004838109016418457, 0.003167390823364258, -0.002270340919494629, 0.000764891505241394, 4.303455352783203e-05, -0.002938389778137207, 0.006441712379455566, 0.007622867822647095, -0.0013191699981689453, 3.038346767425537e-05, -0.0034549832344055176, -0.017828702926635742, 0.06705111265182495, 0.13119786977767944, 0.0012877658009529114, -0.002121448516845703, 0.00023001432418823242, 0.0008450746536254883, 6.663799285888672e-05, 0.0003236830234527588, -0.0005983076989650726, -0.0015311241149902344, 0.0014906972646713257, -0.0020804405212402344, -2.562999725341797e-05, 2.4721026420593262e-05, -0.0002608299255371094, -0.0006247758865356445, 0.0007495731115341187, 0.00022721290588378906, -0.0004931092262268066, -0.0006000995635986328, 2.8967857360839844e-05, 0.0013657808303833008, 0.0007882118225097656, -0.0019319280982017517, 0.0018429309129714966, 0.001289278268814087, 0.0027579963207244873, 0.0008359849452972412, -0.0009059906005859375, 0.000684887170791626, -0.0006014257669448853, 0.0016745328903198242, -0.00014568492770195007, 0.0018893778324127197, 0.0027514100074768066, -0.001081615686416626, -0.0044883787631988525, -0.013509124517440796, -0.005290985107421875, 0.009854406118392944, 0.011103872209787369, 0.03195574879646301, -0.07950547337532043, -0.1386142373085022, -0.0011054575443267822, -0.0001251697540283203, 6.103515625e-05, -0.0010900497436523438, 0.00040850043296813965, -0.0005843043327331543, -0.0008981227874755859, 0.00043338537216186523, -0.00024931132793426514, 0.00027999281883239746, -9.912252426147461e-05, -0.001296401023864746, -0.0005752146244049072, 0.0001659393310546875, 5.6624412536621094e-05, -0.00032138824462890625, -0.0004428476095199585, -0.000560421496629715, 0.0002707839012145996, 1.5974044799804688e-05, -0.00114518404006958, 0.0002779066562652588, -5.804002285003662e-05, -0.0006126463413238525, -0.00044614076614379883, -0.0003352165222167969, -0.0005165934562683105, 0.0009138584136962891, -0.00023236870765686035, -0.0005254819989204407]]}, "dipole": {"__ndarray__": [[3], "float32", [-0.1507851779460907, 3.6065666675567627, -1.991758942604065]]}}