{"forces": {"__ndarray__": [[29, 3], "float32", [9.59634780883789e-05, -0.0018939971923828125, -0.0018932819366455078, -0.0014930963516235352, -0.0007186830043792725, -0.0020356178283691406, 0.0010440349578857422, 0.0012505054473876953, 0.001520991325378418, -0.0003635883331298828, -0.0009304732084274292, -0.002673923969268799, 0.0016874819993972778, -0.0006483495235443115, 0.0014450550079345703, 0.004029944539070129, -0.011568933725357056, 0.004103660583496094, -0.0008510053157806396, -0.0032497644424438477, 0.0044727325439453125, -0.03413757309317589, 0.0970170646905899, -0.014274939894676208, 0.030428260564804077, -0.272016704082489, -0.005745731294155121, 0.012711167335510254, 0.08729302883148193, 0.010157153010368347, 0.006103873252868652, 0.003061354160308838, -0.002816319465637207, -7.927417755126953e-06, -0.0015187263488769531, 0.002606630325317383, -0.0029405243694782257, 0.01477891206741333, 0.0011273622512817383, 0.000933423638343811, 0.0010041892528533936, 0.000341951847076416, 0.00047904253005981445, -0.001490781083703041, 0.0008696317672729492, -0.0020825546234846115, 0.0022052526473999023, 0.0010020434856414795, -0.0004704296588897705, 0.0010533630847930908, -0.0009205788373947144, -0.0010480880737304688, 0.0004417300224304199, -0.00032442808151245117, -0.00029653310775756836, -0.00024084746837615967, -0.0004063248634338379, -3.331899642944336e-05, -3.871321678161621e-05, -0.003873467445373535, 0.0010908246040344238, 0.0003018677234649658, -0.003072097897529602, -0.0003712177276611328, -0.00010520219802856445, 0.0005650222301483154, 0.003247857093811035, -0.001234292984008789, -0.005226612091064453, -0.0012830793857574463, 0.004978477954864502, -0.004382193088531494, -0.019667625427246094, 0.03317295014858246, 0.01047002337872982, -0.00022852420806884766, 0.04676678776741028, 0.010435342788696289, 6.821751594543457e-05, 0.0027009546756744385, -0.0019555985927581787, 0.0023247860372066498, -0.0016496628522872925, 0.0016777515411376953, 0.001030057668685913, 0.001277923583984375, -0.0011947304010391235]]}, "dipole": {"__ndarray__": [[3], "float32", [-0.15353943407535553, 3.607563018798828, -1.990330457687378]]}}