{"forces": {"__ndarray__": [[29, 3], "float32", [-0.0012340545654296875, -0.00122147798538208, 0.002335786819458008, 0.0004194974899291992, 0.001013338565826416, 0.00023555755615234375, -0.0009579658508300781, -0.000567317008972168, -0.0014568120241165161, 0.0012573003768920898, -0.0011438727378845215, 0.0009639859199523926, 3.701448440551758e-05, 0.00016859173774719238, 0.0004915595054626465, -5.114823579788208e-05, 0.00058707594871521, -0.0011157393455505371, 0.0033026039600372314, -0.00203096866607666, 0.002804994583129883, -0.007931526750326157, -0.0020059477537870407, 0.006509572267532349, 0.0487934947013855, -0.008687824010848999, -0.07325492799282074, -0.005523085594177246, 0.0032972097396850586, 0.0016612410545349121, -0.002635061740875244, -0.0033818483352661133, -0.0018419623374938965, 0.00222855806350708, 0.0023435354232788086, 0.0021767020225524902, 0.0016576498746871948, 0.0009944885969161987, 0.0003120005130767822, -0.00048201531171798706, 0.00033511221408843994, -0.0002563893795013428, 0.00023382902145385742, 0.0011611077934503555, 4.6759843826293945e-05, -0.0003784000873565674, -0.000197678804397583, -0.001270890235900879, -0.00038185715675354004, -8.761882781982422e-06, 0.0004240870475769043, -0.0004724860191345215, 7.936358451843262e-05, 9.40375030040741e-05, 9.524822235107422e-05, 0.0001243501901626587, -0.0005757063627243042, -0.0009945333003997803, -0.0005477368831634521, 0.002401411533355713, -0.00020781159400939941, 0.0015328526496887207, -0.001575767993927002, 0.0006069540977478027, -6.896257400512695e-05, -0.0002658963203430176, -0.00043717026710510254, 0.0012729167938232422, -0.0012398362159729004, 0.0013815313577651978, -9.059906005859375e-06, 4.595518112182617e-05, -0.05573466420173645, 0.009972870349884033, 0.06893875449895859, 0.017753183841705322, -0.003473997116088867, -0.005295753479003906, 0.000641942024230957, 0.001559332013130188, -0.002508506178855896, -0.0006725452840328217, 0.0006817132234573364, 0.0005647540092468262, -0.0003147721290588379, -0.0017785131931304932, 0.0006505176424980164]]}, "dipole": {"__ndarray__": [[3], "float32", [-0.15382540225982666, 3.6061294078826904, -1.9881943464279175]]}}