{"forces": {"__ndarray__": [[29, 3], "float32", [-0.00394207239151001, 0.004082322120666504, -0.001584768295288086, -0.02716478705406189, -0.0581011027097702, 0.01605045795440674, -0.0024062395095825195, 0.006500840187072754, 0.002645432949066162, -0.00663796067237854, -0.0011376738548278809, 8.70823860168457e-05, 0.0025430768728256226, -0.003260567784309387, -0.0005031824111938477, 0.02262616902589798, 0.2862575352191925, 0.03181815147399902, 0.002088800072669983, -0.10107970237731934, 0.0025504231452941895, -0.010137118399143219, -0.014587104320526123, 0.008129656314849854, -0.017329275608062744, 0.013554692268371582, -0.00527915358543396, 0.010436534881591797, -0.0721961259841919, -0.004934147000312805, 0.02465420961380005, -0.00926584005355835, 0.004917323589324951, 0.005173921585083008, -0.012103557586669922, 0.0014861226081848145, -0.00571645051240921, 0.00981450080871582, -0.0008569955825805664, 0.0019258186221122742, -0.00030687451362609863, 0.00032126903533935547, 0.0019771158695220947, 0.0017758198082447052, 0.000473707914352417, -0.0009902305901050568, -0.0011021196842193604, -0.0024569928646087646, 0.0012449324131011963, 0.0013392269611358643, -0.00039693713188171387, 0.0004552006721496582, 0.00022608041763305664, 5.7816505432128906e-05, -0.0002168118953704834, 0.0007493048906326294, 0.00027436017990112305, -0.0035657882690429688, -0.05573910474777222, -0.03955388069152832, -0.0001488327980041504, 0.00275266170501709, -0.0038962513208389282, 0.0008565187454223633, -0.00107496976852417, -0.0013274699449539185, 0.0010769665241241455, -0.0023494362831115723, -0.0028366148471832275, 0.005911350250244141, 0.0028670430183410645, -0.002104043960571289, 0.0003504753112792969, 0.002058587968349457, -0.0010397955775260925, 0.0009439289569854736, -0.0010514259338378906, -0.0010811090469360352, -0.0008205771446228027, 0.0005064234137535095, -0.0003515183925628662, -0.0012018270790576935, 0.0008969008922576904, -0.0007156431674957275, -0.0019868314266204834, -2.6524066925048828e-05, 0.0001072511076927185]]}, "dipole": {"__ndarray__": [[3], "float32", [-0.15378057956695557, 3.6063027381896973, -1.988444209098816]]}}