{"forces": {"__ndarray__": [[29, 3], "float32", [0.00021076202392578125, -0.0006957650184631348, 0.007175445556640625, -0.0004967153072357178, 0.0008380711078643799, -0.006909608840942383, 0.0010945796966552734, 0.0015159249305725098, -0.000692322850227356, -0.0013515055179595947, 0.00016620755195617676, 0.0002669692039489746, 0.0017922520637512207, -0.00112837553024292, 0.001126408576965332, 0.0010707080364227295, 0.0010435879230499268, 0.000656425952911377, -0.0007812678813934326, -0.0004125833511352539, 0.0007610917091369629, -0.0012090615928173065, -0.0010122135281562805, -0.00020584464073181152, 0.0007714033126831055, 0.0016251802444458008, 0.0004148036241531372, -0.0073920488357543945, 0.0024880170822143555, 0.0020437687635421753, -0.0036896467208862305, -0.005170643329620361, 0.0002224445343017578, 0.006354272365570068, 0.0009920597076416016, 0.0036233067512512207, -0.0188492089509964, -0.04225628077983856, 0.05363693833351135, 0.0019026845693588257, -0.00018492341041564941, 0.0006857514381408691, 0.000431060791015625, 0.0003013424575328827, 0.00023162364959716797, 0.0006482750177383423, 5.02169132232666e-05, 0.0006676614284515381, -8.195638656616211e-05, -0.00020310282707214355, -0.0018972158432006836, -0.00163191556930542, 0.00017836689949035645, -0.00046646222472190857, 0.0001049041748046875, 0.0005466490983963013, 7.316470146179199e-06, 0.0006922781467437744, -0.0015301108360290527, -0.0011773109436035156, -0.0003585517406463623, -0.00017905235290527344, -0.00014443695545196533, 0.0009021759033203125, 4.404783248901367e-05, -0.0016466975212097168, 0.000622093677520752, -0.0003586411476135254, 9.682774543762207e-05, -0.00023734569549560547, 0.0005397200584411621, 0.00019553303718566895, 0.00023856759071350098, -0.0009246394038200378, -0.0008097067475318909, 0.00019672513008117676, 0.0006255060434341431, -0.00039708614349365234, 0.008205115795135498, 0.017123788595199585, -0.009388342499732971, 0.012922093272209167, 0.041355013847351074, -0.04960930347442627, -0.00208088755607605, -0.015376999974250793, 0.0015320591628551483]]}, "dipole": {"__ndarray__": [[3], "float32", [-0.15367412567138672, 3.6048834323883057, -1.987873911857605]]}}