{"forces": {"__ndarray__": [[29, 3], "float32", [-0.0020194053649902344, 0.0016062259674072266, -0.005370616912841797, 0.0011268258094787598, -0.0002532005310058594, 0.0032869577407836914, 0.0043981075286865234, 0.0015396475791931152, -0.001020580530166626, -0.1866297721862793, -0.03219097852706909, -0.017148613929748535, -0.0024275928735733032, -0.00193728506565094, 0.0011078119277954102, 0.00327446311712265, 0.0010339617729187012, 0.0006458163261413574, 0.0007515847682952881, 0.0006580352783203125, 0.0012125968933105469, -0.0014955811202526093, -0.0036479830741882324, -0.0002333521842956543, 0.00018045306205749512, -0.0006787478923797607, -6.873160600662231e-05, -0.0030478239059448242, 0.000986337661743164, -0.00020200014114379883, -0.0026813149452209473, -0.0029860734939575195, -0.0031725168228149414, 0.002557814121246338, 0.0010731220245361328, 0.002017199993133545, 0.0012637898325920105, -0.0015581697225570679, -0.0010064244270324707, 0.19488108158111572, 0.03553484380245209, 0.018826603889465332, 0.002926468849182129, -0.004433136433362961, 0.0008338987827301025, -0.00790587067604065, 0.0030089914798736572, 0.0017198920249938965, 0.002315819263458252, -0.00032702088356018066, -0.0012110024690628052, -0.003501713275909424, -0.0013252198696136475, 0.001341063529253006, 0.001765608787536621, 0.0015296339988708496, 4.0784478187561035e-05, 0.00023093819618225098, -0.0009775757789611816, -0.0009254217147827148, -0.002003312110900879, 0.00041538476943969727, -0.0012695789337158203, -0.0014550089836120605, -0.00020372867584228516, -0.0006787627935409546, 0.0006627440452575684, 0.0014815330505371094, -0.00037473440170288086, -0.0003510415554046631, 0.001450657844543457, 0.0008499026298522949, -0.00012004375457763672, -0.00018484890460968018, -0.00015564076602458954, -0.0006036162376403809, 0.0005308091640472412, 0.0006005764007568359, -0.001210927963256836, 0.00019233673810958862, -0.00035785138607025146, -0.00031112879514694214, -1.0162591934204102e-05, 0.0005255639553070068, -0.0005713403224945068, -0.00032714009284973145, 0.00018702074885368347]]}, "dipole": {"__ndarray__": [[3], "float32", [-0.15119630098342896, 3.6061367988586426, -1.9872701168060303]]}}