{"forces": {"__ndarray__": [[29, 3], "float32", [-0.0014510154724121094, 0.0004748106002807617, -0.004657268524169922, 0.00085487961769104, 0.00014716386795043945, -0.00011873245239257812, -0.002119779586791992, 0.008365392684936523, -0.003688797354698181, -0.0015269778668880463, 0.0009022802114486694, -0.00043851137161254883, -0.021517924964427948, 0.048557087779045105, -0.07421141862869263, 0.00031329691410064697, 0.0011562705039978027, 2.753734588623047e-05, -0.0015999674797058105, -0.0005090832710266113, 0.0024775564670562744, -0.0007478147745132446, 0.0002069510519504547, 0.0008247345685958862, 0.0014809072017669678, -0.0013910233974456787, 1.6510486602783203e-05, -0.0010273456573486328, 0.0011307001113891602, 0.0001790076494216919, -5.882978439331055e-05, 0.0006753206253051758, -0.0006038546562194824, -0.0007232427597045898, -0.0006430149078369141, 0.0007356405258178711, 0.00013763830065727234, -0.001181274652481079, 0.0008629262447357178, 0.001447923481464386, -0.0004696398973464966, 0.002554565668106079, -0.0008005797863006592, 0.0001984061673283577, -0.0008503496646881104, -0.00033927150070667267, -0.0005574226379394531, 0.0004528462886810303, 0.01495024561882019, -0.060404807329177856, 0.06971649825572968, -0.0013237595558166504, 0.018038570880889893, -0.004939092323184013, 0.008364379405975342, -0.01660396158695221, 0.013566702604293823, 0.001123279333114624, -0.00013872981071472168, 0.0006202459335327148, 0.0005344152450561523, 0.0008114874362945557, -0.0002613365650177002, 0.0006891489028930664, -0.0003873109817504883, -0.0011173635721206665, 0.0010393261909484863, 0.00044918060302734375, -0.0012958645820617676, 0.0010755062103271484, 0.00020366907119750977, -0.000640183687210083, 0.0001690983772277832, 8.054077625274658e-06, 9.174738079309464e-05, 7.045269012451172e-05, -2.777576446533203e-05, 0.0005036592483520508, 0.0006467103958129883, 0.0006411075592041016, 5.823373794555664e-05, 8.456781506538391e-05, 0.0007291734218597412, 0.0010369420051574707, 0.000254213809967041, -0.00038170814514160156, -0.0009021945297718048]]}, "dipole": {"__ndarray__": [[3], "float32", [-0.15361502766609192, 3.6053946018218994, -1.9850472211837769]]}}