{"forces": {"__ndarray__": [[29, 3], "float32", [-0.0027837753295898438, 0.0011816024780273438, -0.004722118377685547, -0.005006462335586548, -0.004190593957901001, -0.0071904659271240234, 0.007273435592651367, -0.002810239791870117, 0.0044386982917785645, -0.0006059408187866211, 0.0023075640201568604, -0.001267552375793457, 0.0005845800042152405, 0.0003941059112548828, -0.0002142190933227539, 0.007209025323390961, 0.056855350732803345, 0.04010319709777832, 0.0028809458017349243, 0.000280916690826416, 0.010055750608444214, -0.0017191991209983826, -0.00303022563457489, 0.0003671199083328247, 0.0015951097011566162, -0.00012573599815368652, 0.00045433640480041504, -0.002044200897216797, -0.011754274368286133, -0.009324952960014343, -0.008134961128234863, 0.004759609699249268, -0.0023362040519714355, 0.004055142402648926, 0.003248929977416992, 0.00721430778503418, -0.002478480339050293, 0.002535104751586914, 0.0011334121227264404, 0.0007316172122955322, -0.002587243914604187, -0.0004509389400482178, -0.0025807321071624756, 0.0006547868251800537, -0.0012254714965820312, 0.001083841547369957, 0.0018398761749267578, 0.002557098865509033, 0.0011593997478485107, -0.000620424747467041, -0.0007151663303375244, 7.2479248046875e-05, 7.736682891845703e-05, 0.0002252236008644104, -0.0008051693439483643, 0.0002963840961456299, -0.000914454460144043, -0.005845069885253906, -0.04677784442901611, -0.03655970096588135, -0.001317352056503296, 0.0027508437633514404, 0.003639817237854004, 0.0020255446434020996, -0.00463712215423584, -0.0038163065910339355, 0.001562654972076416, -1.6033649444580078e-05, 0.0008561015129089355, 0.001954495906829834, 0.0025843381881713867, 0.0009626448154449463, -0.0006446242332458496, -6.218254566192627e-05, 0.00015547871589660645, 0.00019735097885131836, -0.0006239861249923706, -0.0005525350570678711, 0.00046882033348083496, -0.0007892921566963196, -0.0011540353298187256, 0.0003190673887729645, -0.0003484785556793213, -0.0010495185852050781, 0.0007924437522888184, -0.0013927221298217773, -0.000669918954372406]]}, "dipole": {"__ndarray__": [[3], "float32", [-0.15320760011672974, 3.6120588779449463, -1.9883517026901245]]}}