{"forces": {"__ndarray__": [[29, 3], "float32", [0.048678576946258545, -0.06641000509262085, 0.25801408290863037, -0.016715973615646362, 0.047867462038993835, -0.19195616245269775, -0.014908432960510254, 0.0068454742431640625, -0.023278117179870605, 0.005269933491945267, 0.0007905960083007812, 0.005785882472991943, -0.003661833703517914, 0.005068391561508179, -0.010341227054595947, -0.011575080454349518, -0.00197756290435791, -0.005493819713592529, -0.004230886697769165, 0.0043454766273498535, -0.003160417079925537, -0.0008002333343029022, 0.003175085410475731, 0.0031390786170959473, 0.008972913026809692, 0.006733238697052002, 0.004171133041381836, -0.012124061584472656, 0.002554655075073242, -0.004601642489433289, 0.005006253719329834, -0.010255157947540283, -0.005331814289093018, 0.0007311105728149414, 0.0005705356597900391, -0.00013273954391479492, 0.0031539835035800934, -0.001419857144355774, 0.0028719305992126465, -0.002739541232585907, -0.0007604062557220459, -0.0006218850612640381, 0.002408444881439209, 0.00265346746891737, -0.0012788176536560059, 0.0020742174237966537, -0.0025306344032287598, -0.0007254481315612793, -0.00642317533493042, -0.0030330419540405273, -0.005056917667388916, -0.0059278011322021484, -0.0036966800689697266, 0.003534805029630661, -0.00723603367805481, 0.0012896955013275146, -0.003824383020401001, 0.002869516611099243, 0.0010749101638793945, 0.0005491971969604492, 0.0013812780380249023, 0.0006740093231201172, 0.0003452301025390625, 0.0019804835319519043, 0.003171086311340332, -0.005147024989128113, 0.0019297003746032715, -0.00018155574798583984, 8.091330528259277e-05, 0.0001254826784133911, -0.0006347894668579102, -0.0017646551132202148, -0.0010175108909606934, 1.3627111911773682e-05, -0.0016764486208558083, 0.0015908777713775635, 0.0020411908626556396, -0.005805253982543945, 0.00018003582954406738, 0.0003271549940109253, -0.004319176077842712, 0.00013168156147003174, 0.0003088712692260742, -0.0017874836921691895, 0.0008765161037445068, 0.0013944804668426514, -0.00218929722905159]]}, "dipole": {"__ndarray__": [[3], "float32", [-0.1515033096075058, 3.60805082321167, -1.9784520864486694]]}}