{"forces": {"__ndarray__": [[29, 3], "float32", [0.0006122589111328125, 0.00015598535537719727, 0.004738569259643555, 0.0016051232814788818, 0.004587456583976746, -0.0035059452056884766, -0.0009350776672363281, -0.0002301931381225586, -0.0003936886787414551, 0.0008523762226104736, -0.0014256536960601807, 0.0009129643440246582, -0.0014195442199707031, -0.0003796815872192383, -0.0007647275924682617, -0.005351915955543518, -0.009913370013237, -0.005665779113769531, -0.11883711069822311, -0.013048291206359863, -0.00022730231285095215, 0.307131826877594, 0.029136480763554573, -0.006114840507507324, -0.06066709756851196, 0.0339665412902832, -0.007193081080913544, 0.006513476371765137, -0.010880112648010254, 0.00526072084903717, 0.0008345246315002441, -0.0020223259925842285, -0.0022152066230773926, 0.0006333589553833008, -0.002554774284362793, 0.0007567405700683594, -0.00037323683500289917, -0.00038063526153564453, -0.0006636977195739746, -0.00012040883302688599, 0.00031299889087677, -0.0005410313606262207, -1.2218952178955078e-06, 0.0006876755505800247, -0.00038108229637145996, 2.7898699045181274e-05, -0.0007853507995605469, -0.0010713040828704834, -0.0011466741561889648, -0.0008956491947174072, 0.0007114112377166748, -0.000718235969543457, 0.0001570582389831543, 0.0006854832172393799, 0.00015500187873840332, -0.0002730339765548706, -2.8520822525024414e-05, 0.000525355339050293, 0.0012913048267364502, 0.0027534961700439453, -0.002255558967590332, 0.003398418426513672, -0.0010596811771392822, -0.002270817756652832, 0.0019347071647644043, 0.002969413995742798, -0.06566689908504486, -0.006755173206329346, 0.039556264877319336, -0.06086882948875427, -0.03162539005279541, -0.018507272005081177, -0.001963973045349121, 0.0060662999749183655, -0.00743936188519001, 0.0021940767765045166, 0.00047397613525390625, -0.0020003318786621094, -0.0004397928714752197, -0.0005377307534217834, -0.0004873722791671753, 0.000498458743095398, 0.0008582323789596558, 0.00048345327377319336, 0.0014522671699523926, -0.0013200640678405762, -0.0005681142210960388]]}, "dipole": {"__ndarray__": [[3], "float32", [-0.15873469412326813, 3.6067047119140625, -1.9890413284301758]]}}