{"forces": {"__ndarray__": [[29, 3], "float32", [-0.0024945735931396484, 0.0026148557662963867, 0.0006392002105712891, -0.001304328441619873, -0.0022310763597488403, -0.0007221698760986328, 0.001251816749572754, 0.0016328692436218262, 0.0029892921447753906, -0.002614729106426239, -0.0006441771984100342, 0.0006412863731384277, 0.0021708086133003235, 0.0019993633031845093, -0.0012336969375610352, -0.00027283281087875366, 0.008338093757629395, 0.004053711891174316, 0.0012621432542800903, -0.0020225048065185547, 0.0001404285430908203, -0.001665852963924408, 0.004232693463563919, -0.001101851463317871, 0.00022619962692260742, -0.01573297381401062, -0.001171790063381195, 0.02572321891784668, -0.012415289878845215, 0.009896427392959595, 0.0215722918510437, -0.06914830207824707, 0.0067560672760009766, -0.014776825904846191, -0.0035326480865478516, -0.010552287101745605, 0.04813559353351593, 0.47311627864837646, -0.0083218514919281, 0.0018874406814575195, 0.001338675618171692, 0.000784754753112793, 0.0018507540225982666, -0.0007632337510585785, 0.002594888210296631, 0.0006301999092102051, 0.0006659626960754395, 0.0016670823097229004, 0.0006875395774841309, -0.000287860631942749, -0.0009683519601821899, -0.0020081400871276855, -0.0007964968681335449, -0.0006315000355243683, 0.001114577054977417, 0.00016829371452331543, -0.001876339316368103, 0.0007613897323608398, 0.0006145238876342773, -0.0016791224479675293, -0.0003727376461029053, -0.002061992883682251, 0.0008674263954162598, 0.0011401772499084473, -0.002913534641265869, -0.0024565160274505615, -0.0003083348274230957, -0.0006846785545349121, 0.0005851686000823975, -0.0003784596920013428, -0.0013974905014038086, 0.00018516182899475098, -1.84476375579834e-05, -0.00540943443775177, 0.0007828027009963989, 0.0002898573875427246, -0.0008235126733779907, -0.00035959482192993164, -0.023891359567642212, -0.07440652698278427, -0.06174910068511963, -0.04884031042456627, -0.2558828592300415, 0.046714842319488525, -0.009756982326507568, -0.04356776177883148, 0.013525957241654396]]}, "dipole": {"__ndarray__": [[3], "float32", [-0.15492407977581024, 3.606889009475708, -1.987882137298584]]}}