{"forces": {"__ndarray__": [[29, 3], "float32", [0.0003840923309326172, -0.0006554722785949707, 0.002849102020263672, -0.0034177005290985107, 0.0010264217853546143, -0.007671952247619629, 0.011601090431213379, 0.001370251178741455, 0.0075929611921310425, 0.022246628999710083, 0.006753981113433838, 0.031346678733825684, 0.0011656135320663452, -0.002854183316230774, 0.00714796781539917, -0.0011565163731575012, -0.00028568506240844727, -0.0005570650100708008, -0.00034806132316589355, 0.000630795955657959, 0.002932727336883545, -0.0005375780165195465, -0.0006887931376695633, -0.0002621859312057495, 0.001043766736984253, 0.0003857612609863281, -0.0004919394850730896, 0.00016880035400390625, -0.0011878013610839844, -0.00023171305656433105, 0.00023663043975830078, 0.00014764070510864258, -0.0016997456550598145, 0.0006572604179382324, 0.0005053281784057617, 0.0015420317649841309, -7.748976349830627e-05, -0.00038230419158935547, 0.0006232857704162598, -0.016101405024528503, -0.004771113395690918, -0.04405337572097778, -0.007830679416656494, -0.0052390918135643005, 0.0017445683479309082, -0.013244392350316048, 0.002019941806793213, 0.002430260181427002, 3.218650817871094e-05, 0.0010286271572113037, -0.003213226795196533, 0.001954495906829834, 0.0013805627822875977, 0.0049073100090026855, -0.00015717744827270508, 0.0007899701595306396, -0.0020198822021484375, 0.00075492262840271, -0.0007266998291015625, -6.496906280517578e-05, 0.0005780458450317383, -0.00027295947074890137, -0.000977843999862671, 0.00041228532791137695, -0.00014066696166992188, -0.0010305345058441162, 0.0005335807800292969, 0.0003139972686767578, -0.000470578670501709, 0.0010418146848678589, 0.0007777810096740723, 0.00016707181930541992, 3.8951635360717773e-05, -0.00023838132619857788, 0.00023894570767879486, -0.0003089606761932373, 8.989870548248291e-05, -9.5367431640625e-05, -2.1785497665405273e-05, -0.00014422833919525146, -0.0003401637077331543, -7.648766040802002e-05, 0.0003885626792907715, -2.8192996978759766e-05, 0.0004278719425201416, -2.130866050720215e-05, -0.00031422078609466553]]}, "dipole": {"__ndarray__": [[3], "float32", [-0.15541410446166992, 3.6056482791900635, -1.9876832962036133]]}}