{"forces": {"__ndarray__": [[29, 3], "float32", [-0.0055435895919799805, 0.00432199239730835, 0.0014653205871582031, -0.0039238035678863525, -0.00589415431022644, 0.00585627555847168, 0.0023702383041381836, 0.0018126964569091797, -0.00036588311195373535, -0.0008951127529144287, 0.0030830204486846924, 0.002356290817260742, 0.0033815577626228333, 0.0009176135063171387, -0.0004922151565551758, -0.0030155405402183533, 0.0704985111951828, 0.0021123886108398438, -0.02018025517463684, 0.011151671409606934, 0.005436360836029053, 0.010078467428684235, 0.01786225661635399, -0.006603017449378967, 0.01179167628288269, 0.09181016683578491, 0.004976358264684677, 0.02731955051422119, -0.35720527172088623, -0.02052547037601471, -0.02120506763458252, 0.16719293594360352, -0.0012035965919494629, -0.006964266300201416, 0.01713740825653076, 0.008501172065734863, -0.00881601870059967, 0.015192508697509766, 0.0037544071674346924, -0.0020245760679244995, -0.0002375394105911255, 0.00013336539268493652, 0.0007361769676208496, -0.0014942549169063568, 0.0005407333374023438, 0.002276616171002388, -4.9620866775512695e-05, 0.0001214742660522461, 0.001507103443145752, -0.0011644363403320312, -0.0004724264144897461, -0.00379180908203125, -0.0013113021850585938, -0.0010287035256624222, -0.0006543993949890137, -0.0003881901502609253, -0.0010291039943695068, 0.003994286060333252, -0.00857284665107727, -0.004772841930389404, -0.00040146708488464355, -0.005567669868469238, -0.004078328609466553, 0.0003688335418701172, -0.0011140108108520508, -0.0009097009897232056, 0.001830965280532837, -0.00034308433532714844, -4.461407661437988e-05, 0.0032955408096313477, -0.004242897033691406, 0.004270970821380615, -0.0014927089214324951, -0.0011442825198173523, -0.004322826862335205, 0.003973603248596191, -0.00346529483795166, 0.0022825002670288086, -0.003451317548751831, -0.00029224902391433716, -9.562075138092041e-05, 0.00728210061788559, -0.003765508532524109, 0.0035266876220703125, 0.002152562141418457, -0.004728853702545166, 0.0006110891699790955]]}, "dipole": {"__ndarray__": [[3], "float32", [-0.15496453642845154, 3.6107709407806396, -1.9872301816940308]]}}