{"forces": {"__ndarray__": [[29, 3], "float32", [-0.0006226301193237305, 0.0015984177589416504, -0.00013208389282226562, -0.0030023157596588135, 0.0025018006563186646, -0.0031402111053466797, 0.00012028217315673828, -0.002701401710510254, 0.0029533356428146362, -0.002440936863422394, 0.0003623068332672119, -0.002246081829071045, -0.0017485320568084717, 0.0004888325929641724, -0.0007789134979248047, 0.0036363601684570312, 0.0025866925716400146, 0.0038979053497314453, 0.040989428758621216, -0.06279319524765015, 0.052753567695617676, 0.0021790675818920135, 0.0015803463757038116, -0.00493466854095459, 0.00190010666847229, -0.0007766783237457275, 0.0010748505592346191, -0.002057194709777832, 0.003911733627319336, 0.00029624998569488525, -4.947185516357422e-05, 0.0008503198623657227, 8.124113082885742e-05, 0.001030266284942627, 8.046627044677734e-05, 0.0010686516761779785, 0.0008644014596939087, -0.00019931793212890625, 0.0005664825439453125, 0.001163490116596222, 0.00020025670528411865, 0.00015234947204589844, 8.809566497802734e-05, -0.001061759889125824, -0.0005954504013061523, -6.739795207977295e-05, 0.0005084574222564697, -0.0008021295070648193, 0.00010535120964050293, -0.001056075096130371, 0.0004010498523712158, 0.0006608963012695312, 0.0009945333003997803, 0.0015578195452690125, 0.0003307759761810303, 0.0002956092357635498, 0.00038051605224609375, 0.0014130771160125732, -0.0020875930786132812, -0.0008843541145324707, -0.04231393337249756, 0.04839402437210083, -0.044781893491744995, -0.006088137626647949, 0.003359556198120117, -0.005152180790901184, 0.001178741455078125, 0.0013068318367004395, -0.0001761317253112793, 0.0016365647315979004, 0.0027060508728027344, -0.000754237174987793, -3.966689109802246e-05, 0.0004673078656196594, 0.00027369335293769836, 0.0005996823310852051, 0.00032761693000793457, -0.00012254714965820312, 0.0004394948482513428, 1.4737248420715332e-05, 0.00030604004859924316, -0.00021733343601226807, -0.0006489753723144531, 9.581446647644043e-05, 0.00031194090843200684, -0.001210629940032959, -0.0013584792613983154]]}, "dipole": {"__ndarray__": [[3], "float32", [-0.15547923743724823, 3.603713035583496, -1.9865878820419312]]}}