{"forces": {"__ndarray__": [[29, 3], "float32", [-0.0015521049499511719, 0.002881646156311035, -0.0052337646484375, 0.002129077911376953, -0.0012335479259490967, -0.00019800662994384766, -0.007616400718688965, 0.0015230178833007812, -0.0003492981195449829, 0.0006961002945899963, -0.0013824701309204102, -0.0003095269203186035, -0.007055148482322693, -0.05270683765411377, -0.012158870697021484, -4.770606756210327e-05, 0.0009091794490814209, 0.0020301342010498047, -0.0005187243223190308, 0.0008346438407897949, 0.0005367398262023926, -0.0012542232871055603, -0.0010217148810625076, 0.0014870166778564453, -0.0007812678813934326, -0.0007983744144439697, 0.0006974786520004272, -2.3245811462402344e-05, 0.0007061958312988281, 0.00011375546455383301, -0.002534806728363037, 0.0010002851486206055, -0.0027370452880859375, 0.001057744026184082, -0.0003815889358520508, 0.0023061633110046387, -0.0006929636001586914, -0.0005012750625610352, 0.001103907823562622, -0.0009369030594825745, -0.0025309473276138306, -0.00044351816177368164, 0.001190096139907837, 0.0014461791142821312, 0.0008730888366699219, -0.000831233337521553, 0.0010098814964294434, -0.0014358758926391602, 0.016617029905319214, 0.004033595323562622, 0.017324179410934448, 0.011278748512268066, 0.044084131717681885, 0.009528174996376038, -0.011354506015777588, 0.002729475498199463, -0.0102100670337677, 0.0007564425468444824, 1.138448715209961e-05, -0.0012955665588378906, -0.0001322329044342041, -0.0008560717105865479, 0.0012316405773162842, 0.00036793947219848633, -0.00027173757553100586, -0.0022931843996047974, 0.0008947551250457764, 0.00030541419982910156, -0.00047340989112854004, 0.00045883655548095703, 0.00020313262939453125, 0.0002643764019012451, -0.0005971193313598633, -0.0003641173243522644, -6.680190563201904e-05, 0.0002866685390472412, 0.00036232173442840576, 9.673833847045898e-05, 0.00024569034576416016, -0.00022865086793899536, -0.0003572404384613037, -0.00015062466263771057, 3.910064697265625e-05, -0.00032383203506469727, 0.00010052323341369629, 0.00019791722297668457, 0.0002926476299762726]]}, "dipole": {"__ndarray__": [[3], "float32", [-0.15413622558116913, 3.6057028770446777, -1.9879086017608643]]}}