{"forces": {"__ndarray__": [[29, 3], "float32", [0.00840306282043457, -0.000504612922668457, 0.009386062622070312, 0.00466763973236084, 0.004039764404296875, -0.009580612182617188, -0.00153350830078125, -0.0015416145324707031, -0.0018887519836425781, -0.0024360492825508118, 0.003447487950325012, -0.001479804515838623, -0.002711758017539978, 0.0014824867248535156, 0.0003440380096435547, 0.10055883228778839, -0.010271579027175903, 0.02928447723388672, -0.008262962102890015, -0.008899986743927002, -0.0002783238887786865, -0.009069465100765228, -0.0005663931369781494, -0.0027851909399032593, 0.08545809984207153, 0.013262808322906494, 0.007145814597606659, -0.3410069942474365, 0.03038918972015381, -0.06840468943119049, 0.17003440856933594, -0.029929697513580322, 0.041347622871398926, -0.01181948184967041, 0.013348937034606934, 0.0009578466415405273, 0.0015260614454746246, -0.027393579483032227, -0.0054052770137786865, 0.00113648921251297, 0.0005088150501251221, 0.0008503198623657227, 0.0001035928726196289, 0.0003632437437772751, -0.0012899041175842285, -0.0011474043130874634, 0.0011185109615325928, -0.00046765804290771484, -0.001230776309967041, -0.0010166168212890625, -9.456276893615723e-05, -0.0011755824089050293, -0.0005644261837005615, 0.0006155334413051605, -0.001196742057800293, 0.0011598765850067139, 0.00026376545429229736, 0.00230485200881958, -0.0021217763423919678, 0.0010083317756652832, 0.0017219781875610352, 0.0023835301399230957, -0.0004875361919403076, 0.0023567676544189453, -0.0009368062019348145, -0.001864612102508545, 0.0015434026718139648, 0.0014345645904541016, 0.00011450052261352539, 0.002234905958175659, 0.00033098459243774414, 0.0006101429462432861, 0.003217369318008423, 0.009967222809791565, 0.005601119250059128, -0.0011617839336395264, 0.0019339025020599365, 6.61015510559082e-05, 0.002770841121673584, -0.0020601972937583923, 0.003237992525100708, -0.0066707544028759, 0.003591582179069519, -0.005515575408935547, 0.001384735107421875, -0.0029553771018981934, -0.0012922845780849457]]}, "dipole": {"__ndarray__": [[3], "float32", [-0.14106042683124542, 3.6086790561676025, -1.9894219636917114]]}}