{"forces": {"__ndarray__": [[29, 3], "float32", [0.0025910139083862305, -0.0017129778861999512, 0.010006427764892578, -0.007964402437210083, 0.00031228363513946533, -0.0029697418212890625, 0.016131043434143066, 0.0022449493408203125, 0.00106145441532135, 0.0037035346031188965, 0.0019131749868392944, -0.0027901530265808105, 0.1367441862821579, 0.006062492728233337, 0.08442020416259766, 0.0019680634140968323, -0.00030806660652160645, -0.0012936592102050781, 0.001520588994026184, -0.0013748407363891602, 0.002341330051422119, -0.000921294093132019, 0.0022011492401361465, -0.00024765729904174805, -0.00021761655807495117, 0.00011679530143737793, -0.0011909902095794678, -0.0012491941452026367, -0.003970146179199219, 0.0006237179040908813, -0.0011692047119140625, -0.0009554624557495117, 0.0015907883644104004, 0.0028214454650878906, 0.0004928112030029297, 0.0006074905395507812, 0.0019272416830062866, 0.001360386610031128, -0.0013013780117034912, 0.0030917376279830933, 0.000948980450630188, 0.002316802740097046, -0.000987231731414795, -0.00026825908571481705, 0.0007350742816925049, -0.0017336681485176086, 1.7404556274414062e-05, 0.0005744397640228271, 0.004589259624481201, -0.002309352159500122, 0.0016071498394012451, -0.16063594818115234, -0.011724203824996948, -0.08760351687669754, -0.006845414638519287, 0.004488825798034668, -0.006172046065330505, 0.002226024866104126, 0.00015044212341308594, 0.0002886652946472168, -0.0007114112377166748, 0.0007529556751251221, -0.0008413344621658325, 0.0009423494338989258, -0.0009939074516296387, -0.00036334991455078125, 0.0007406175136566162, 0.0012460947036743164, -0.0007234513759613037, 0.0002065598964691162, -0.0009938478469848633, -0.0002586841583251953, 0.0014739930629730225, 7.411092519760132e-05, 0.000159386545419693, 0.0007528364658355713, 0.00027382373809814453, 0.0005509853363037109, 0.0006278753280639648, 0.0011176690459251404, -0.00046987831592559814, 0.000791940838098526, 0.0004068911075592041, -5.65946102142334e-05, -0.00041481852531433105, 0.0004299581050872803, -0.0006006397306919098]]}, "dipole": {"__ndarray__": [[3], "float32", [-0.15227189660072327, 3.609752893447876, -1.9898593425750732]]}}