{"forces": {"__ndarray__": [[29, 3], "float32", [-0.009717404842376709, 0.00011348724365234375, -0.006291627883911133, -0.003225088119506836, -0.002811908721923828, 0.009164571762084961, -0.0011167526245117188, 0.0005241036415100098, -0.0012409985065460205, 0.003003448247909546, -0.003110229969024658, 0.002941429615020752, -0.0001801624894142151, -0.0040304213762283325, 0.002858102321624756, -0.10263099521398544, 0.011413991451263428, -0.030503451824188232, 0.007807508111000061, 0.008620023727416992, 0.0037028491497039795, 0.00844736397266388, 0.001374678686261177, 0.003130197525024414, -0.08410723507404327, -0.011686712503433228, -0.009283185005187988, 0.3339344263076782, -0.027942419052124023, 0.07385328412055969, -0.16482305526733398, 0.022877991199493408, -0.04388308525085449, 0.013693511486053467, -0.013383626937866211, 0.0012546181678771973, -0.0011364072561264038, 0.028134584426879883, 0.004434138536453247, 0.0008527040481567383, 0.0003156214952468872, -0.0010514557361602783, 0.00044459104537963867, -0.00011807680130004883, 0.0006914138793945312, 0.0011843238025903702, -0.0010183453559875488, -0.0006448626518249512, 0.0021070539951324463, 0.0014905035495758057, -0.0012624263763427734, 0.00019800662994384766, 0.0005009770393371582, 4.1794031858444214e-05, 0.0024548470973968506, -0.0004372447729110718, -0.0011921674013137817, -0.0014889538288116455, 0.0021803081035614014, -0.0025939345359802246, -0.0033897757530212402, -0.001826554536819458, -0.002683281898498535, -0.0028538107872009277, 0.0010766983032226562, 0.0005025416612625122, -0.00023114681243896484, -0.0007253289222717285, 9.34302806854248e-05, -0.0013632327318191528, 0.00020641088485717773, -0.0012278854846954346, -0.00373038649559021, -0.010738089680671692, -0.005457334220409393, 0.00180092453956604, -0.0018279701471328735, 0.0002751946449279785, -0.0012476742267608643, 0.001698605716228485, -0.004099249839782715, 0.00620684027671814, -0.003081485629081726, 0.006870687007904053, -0.0008932650089263916, 0.0022107958793640137, 0.0015999972820281982]]}, "dipole": {"__ndarray__": [[3], "float32", [-0.16816285252571106, 3.603261947631836, -1.9850528240203857]]}}