{"forces": {"__ndarray__": [[29, 3], "float32", [0.0003942251205444336, -5.739927291870117e-05, 0.0024878978729248047, 0.00014784932136535645, 0.0005829781293869019, -0.0007369518280029297, -0.0004074573516845703, -4.0411949157714844e-05, 0.00035876035690307617, 0.001302957534790039, 0.000382840633392334, -0.0003574490547180176, 0.0007827579975128174, -1.5869736671447754e-05, -0.0008862614631652832, -0.005510851740837097, -0.0020290613174438477, -0.0020667314529418945, 0.0037784576416015625, -0.0017750859260559082, 0.0011795759201049805, -0.006395570933818817, -0.0010115671902894974, 0.004560604691505432, -0.014730125665664673, 0.03232702612876892, 0.010150261223316193, 0.01032102108001709, -0.00031554698944091797, -0.006425768136978149, -0.00040656328201293945, 0.006552755832672119, 0.0006420016288757324, -0.001219630241394043, -0.0013808012008666992, -0.0008500814437866211, 0.0020711198449134827, 0.005741223692893982, -0.001714080572128296, 0.000619150698184967, 0.00030256807804107666, 0.0008179843425750732, -0.00036081671714782715, 0.0002523958683013916, 0.0009887516498565674, 0.0004738178104162216, 0.0005882680416107178, 0.00034177303314208984, -7.265806198120117e-05, -0.00016099214553833008, 0.0001109093427658081, -7.95125961303711e-05, 0.000399172306060791, 9.35681164264679e-05, 0.0005067884922027588, 0.0003467649221420288, -0.0010414719581604004, 0.000885307788848877, 0.00026300549507141113, 0.0013352632522583008, -0.0006998181343078613, -0.0007216334342956543, -0.0007666349411010742, 0.0005618929862976074, -0.0009781122207641602, -0.00028659403324127197, -0.00021412968635559082, -0.001391768455505371, -0.0007193982601165771, -3.4421682357788086e-06, -0.0023992061614990234, 0.0011735260486602783, 0.008484691381454468, -0.03433857858181, -0.01007104106247425, -0.0025130510330200195, 0.001457303762435913, 0.0010455846786499023, 0.0014102160930633545, -0.0015721693634986877, -0.0009734481573104858, 4.0724873542785645e-05, -0.0008438527584075928, 0.0001710653305053711, 0.0008324384689331055, -0.00016495585441589355, 0.001438148319721222]]}, "dipole": {"__ndarray__": [[3], "float32", [-0.15686488151550293, 3.608543872833252, -1.9859576225280762]]}}