{"forces": {"__ndarray__": [[29, 3], "float32", [0.0032840967178344727, -0.0007460713386535645, 0.0027060508728027344, -0.0019108057022094727, 0.0004418790340423584, -0.0030510425567626953, -0.0029158592224121094, -0.0016689896583557129, -0.001025661826133728, -0.000565309077501297, 0.0010861605405807495, -0.0013226866722106934, -0.0026535913348197937, -0.0011483728885650635, 0.0005211830139160156, 0.004117041826248169, -0.0018030107021331787, -0.008901357650756836, 0.017012104392051697, -0.04303419589996338, -0.034291818737983704, 0.0009450241923332214, 0.0029852688312530518, 0.003218516707420349, 0.0034534037113189697, 0.0014325082302093506, 0.0030038878321647644, 0.0006282329559326172, -0.0012314319610595703, -0.003020256757736206, -0.0007146596908569336, -0.0003858208656311035, 0.0004987716674804688, 0.0010724663734436035, -0.00035309791564941406, 0.0022362470626831055, 0.0001591220498085022, -0.0014823824167251587, 0.0006031692028045654, -0.00025603920221328735, -0.0006891638040542603, 0.00021076202392578125, -0.0007672905921936035, 0.00038994476199150085, -0.00038433074951171875, 0.0003346577286720276, -0.0015689730644226074, -0.0005565285682678223, -0.0007863342761993408, -0.0004114508628845215, 0.00024433434009552, 0.00015980005264282227, -4.550814628601074e-05, 0.00011231377720832825, -0.0005950629711151123, 0.0010167807340621948, -0.000750228762626648, 7.534027099609375e-05, 0.0035756826400756836, 0.004359602928161621, -0.006506383419036865, 0.0040701329708099365, 0.007367953658103943, -0.016640305519104004, 0.036295413970947266, 0.029413580894470215, 0.0024163424968719482, 0.0007405877113342285, 0.0006093978881835938, -0.0008429586887359619, 0.0012728571891784668, 0.0011401176452636719, -0.0009649991989135742, 0.0006683915853500366, -0.00015356391668319702, -0.0002683401107788086, 0.0008393526077270508, -0.0013320446014404297, 0.0018362998962402344, -0.00016574561595916748, 0.0008067488670349121, 0.00041402876377105713, 0.00039952993392944336, -0.0010986030101776123, 0.0004808008670806885, -0.00048035383224487305, -0.0011651813983917236]]}, "dipole": {"__ndarray__": [[3], "float32", [-0.1517651528120041, 3.6040194034576416, -1.9871376752853394]]}}