{"forces": {"__ndarray__": [[29, 3], "float32", [0.0031714439392089844, -0.0015627145767211914, -0.0009813308715820312, -0.0008628964424133301, -0.0013139694929122925, -0.004553079605102539, 0.0001475811004638672, 0.0037107467651367188, -0.0016031861305236816, 0.001561492681503296, -0.0007655173540115356, 0.0003826022148132324, -0.0009180605411529541, 0.0005329698324203491, -0.00020879507064819336, 0.006934046745300293, 0.006027132272720337, 0.0033206939697265625, 0.0023795515298843384, -0.002220451831817627, -0.0008664727210998535, -0.0007094219326972961, -0.0014819279313087463, 4.9740076065063477e-05, 0.004136770963668823, 0.0023703575134277344, -0.0012189820408821106, -0.04408174753189087, 0.0024514198303222656, -0.04902338981628418, 0.13664495944976807, 0.05058598518371582, 0.20929819345474243, -0.053563058376312256, -0.054273247718811035, -0.07251524925231934, -0.05287724733352661, 0.006463244557380676, -0.0821182131767273, -0.0015804171562194824, -0.00035515427589416504, -0.0003746449947357178, 0.0008750855922698975, 0.0017242738977074623, 0.0005544424057006836, 0.000737268477678299, -0.0008895993232727051, -0.0005792379379272461, 8.621811866760254e-05, -0.001637786626815796, -0.0007860958576202393, -0.0012366771697998047, -0.0010187029838562012, 0.001260366290807724, -0.0004918873310089111, -0.00028002262115478516, 0.0004564523696899414, -0.0018781423568725586, 0.0005612373352050781, 7.599592208862305e-05, -0.0006053745746612549, 0.00029164552688598633, -0.0008005052804946899, -0.0007429718971252441, -0.0002015829086303711, -0.0007797330617904663, -0.0008926093578338623, -0.00030100345611572266, -0.001865983009338379, -0.001067325472831726, 0.0008439421653747559, -0.0008297562599182129, 0.001819223165512085, -0.0022340118885040283, -0.001413680613040924, -0.000418245792388916, -0.0028006434440612793, 0.0016393661499023438, -0.005546838045120239, 0.005326919257640839, -0.0038432925939559937, -0.00015195459127426147, -0.006621181964874268, 3.501772880554199e-05, 0.009131431579589844, -0.002931654453277588, 0.007287323474884033]]}, "dipole": {"__ndarray__": [[3], "float32", [-0.14785055816173553, 3.6068460941314697, -1.9912911653518677]]}}