{"forces": {"__ndarray__": [[29, 3], "float32", [-0.0033391714096069336, -0.000980079174041748, -0.0013079643249511719, 0.0015445947647094727, -0.004648491740226746, -0.00101470947265625, -0.0032247304916381836, 0.001021742820739746, -0.00039993226528167725, 0.00478699803352356, -0.005237072706222534, -0.0013726353645324707, -0.0009449124336242676, -0.0018972903490066528, -0.001919388771057129, 0.0007301121950149536, -0.004997879266738892, -0.002771914005279541, -0.0021241754293441772, 0.001841902732849121, 0.0020540356636047363, 0.001819666475057602, 0.0008144769817590714, 0.0009891688823699951, 0.002245306968688965, -0.0012117326259613037, 0.00112152099609375, -0.012716054916381836, -0.0067479610443115234, -0.0016116499900817871, 0.09360367059707642, 0.05829036235809326, 0.05242985486984253, -0.08720439672470093, -0.050736188888549805, -0.05104517936706543, -0.005356017500162125, 0.01352168619632721, 0.001804947853088379, 4.6700239181518555e-05, 0.0013695955276489258, -2.4259090423583984e-05, 0.0014034807682037354, 0.0003574155271053314, 0.001461416482925415, 0.00022685155272483826, -0.0003235936164855957, 0.0009626448154449463, 0.0016689002513885498, 0.000218123197555542, 0.0013506263494491577, 0.0016635656356811523, 0.0011080503463745117, 0.001031670719385147, 0.002638697624206543, 2.968311309814453e-05, -0.0009107142686843872, 0.0026607513427734375, 0.0027342140674591064, 0.0023019909858703613, -0.0004210472106933594, 0.00040787458419799805, -0.0012404173612594604, -0.00036579370498657227, -0.0009752511978149414, -0.0012193173170089722, -0.0009163022041320801, -0.0015381574630737305, -0.0012454390525817871, 2.594292163848877e-05, 0.000957190990447998, -0.0009927153587341309, -0.0015353560447692871, -0.0017428398132324219, -0.0009576044976711273, 0.0001621246337890625, -0.0008941441774368286, -0.0009569525718688965, -0.0013695359230041504, 7.033348083496094e-05, -0.00028330087661743164, 0.0032475702464580536, -0.0003811568021774292, 0.0045355260372161865, 0.0010421574115753174, -0.00043135881423950195, -0.0007686950266361237]]}, "dipole": {"__ndarray__": [[3], "float32", [-0.16670240461826324, 3.6057381629943848, -1.9931186437606812]]}}