{"forces": {"__ndarray__": [[29, 3], "float32", [-0.000171661376953125, -0.00017118453979492188, -0.006790876388549805, 0.012663841247558594, 0.004893004894256592, 0.004231572151184082, -0.0092848539352417, -0.011877357959747314, 0.11195757240056992, 0.022072970867156982, -0.004297196865081787, -0.2917511463165283, -0.0019266903400421143, -0.003639504313468933, 0.007067441940307617, 0.009838737547397614, 0.0017805695533752441, 0.008702099323272705, 0.0006684958934783936, -0.001864612102508545, 0.0035673975944519043, 0.0008691996335983276, -0.0007864814251661301, -4.3720006942749023e-05, 0.0008574426174163818, -0.0020799338817596436, 6.49765133857727e-05, -0.003231525421142578, 0.002963423728942871, 0.00114421546459198, -0.003490746021270752, 0.00018602609634399414, -0.001660764217376709, 0.001755356788635254, 0.0006486177444458008, 0.0007187724113464355, 0.001878242939710617, -0.003328859806060791, 0.00190049409866333, 0.018215008080005646, 0.006373301148414612, 0.03456202149391174, -0.012728452682495117, -0.030763674527406693, 0.05853229761123657, -0.03201736882328987, 0.03324747085571289, 0.06951683759689331, 0.0022500157356262207, 0.003925353288650513, -0.00017371773719787598, -0.003370046615600586, -0.000952601432800293, 0.0033766478300094604, 0.004493743181228638, 0.0011435449123382568, -0.0005500912666320801, -0.004809319972991943, -0.002084106206893921, -0.0006250143051147461, -0.002877146005630493, 0.002738475799560547, -0.003037199378013611, -0.002542257308959961, 0.00115889310836792, 0.0005295872688293457, 0.00013053417205810547, 0.0024045705795288086, -0.0010642409324645996, 0.00024928152561187744, 0.00331193208694458, -0.00040459632873535156, -0.00022202730178833008, -1.8343329429626465e-05, -0.0006104875355958939, -0.0001748204231262207, 0.0005747973918914795, 0.001314401626586914, 0.0015270709991455078, -0.0012031421065330505, 0.0010996013879776, -0.0004935413599014282, -0.000841185450553894, -0.0006484687328338623, -0.00012925267219543457, -0.0014420747756958008, -0.0009260773658752441]]}, "dipole": {"__ndarray__": [[3], "float32", [-0.15342630445957184, 3.605076551437378, -1.9861047267913818]]}}