{"forces": {"__ndarray__": [[29, 3], "float32", [-0.008258461952209473, -0.006269276142120361, 0.006170988082885742, -0.02183482050895691, -0.02351956069469452, 0.07193481922149658, 0.0036971569061279297, 0.0013521313667297363, -0.011836796998977661, 0.009051412343978882, 0.003687262535095215, 0.006323039531707764, -0.004454374313354492, -0.0009837597608566284, 0.0026893019676208496, -0.024517938494682312, -0.02841806411743164, -0.345350980758667, -0.00404869019985199, -0.003536522388458252, 0.05211938917636871, 0.006099529564380646, 0.003922887146472931, 0.0011101216077804565, 0.008202970027923584, 0.000844419002532959, 0.0013997778296470642, 0.03077554702758789, -0.0007132291793823242, 0.04395207762718201, -0.0059888362884521484, 0.007250070571899414, -0.003706216812133789, 3.6776065826416016e-05, 0.004903674125671387, 0.0009555220603942871, -0.0009783357381820679, -0.0022688359022140503, 0.002214193344116211, -0.0007889270782470703, -0.0006534308195114136, -0.0008195638656616211, 0.0026632845401763916, 0.0009093470871448517, 0.0026920437812805176, 0.0034857243299484253, -0.0011839866638183594, 0.0007069706916809082, 0.0011542737483978271, 0.0020768344402313232, -0.0013804137706756592, 0.0003440380096435547, 0.000494152307510376, 0.0004775412380695343, 0.0013707876205444336, 0.0005669444799423218, -0.002015829086303711, 0.003515303134918213, 0.03851151466369629, 0.19004487991333008, -0.0027114152908325195, -0.005535006523132324, -0.005762830376625061, 0.005540668964385986, 0.008337914943695068, -0.00959448516368866, -0.00012058019638061523, -0.000279843807220459, 0.00045540928840637207, -0.0008261203765869141, -0.0007253289222717285, 0.0011518001556396484, -0.0003510117530822754, -0.0019310042262077332, -0.0009437445551156998, 0.001430898904800415, 7.72327184677124e-05, -0.0011949539184570312, -0.001121222972869873, 0.0023212283849716187, -0.00027079880237579346, -7.098540663719177e-05, 0.0011813640594482422, -0.0006631612777709961, -0.0012971162796020508, -0.00041854381561279297, -0.000857863575220108]]}, "dipole": {"__ndarray__": [[3], "float32", [-0.15882761776447296, 3.606119155883789, -1.987985610961914]]}}