{"forces": {"__ndarray__": [[29, 3], "float32", [-0.0001875162124633789, 0.004884004592895508, -0.0068094730377197266, 0.004286020994186401, -0.005199551582336426, 0.0015797615051269531, -0.0008565187454223633, 0.0006167888641357422, -0.0002428591251373291, -0.003683093935251236, -0.0026802420616149902, -0.00029200315475463867, 0.0003994852304458618, -0.0012226700782775879, -0.00011157989501953125, -0.021547965705394745, -0.004365026950836182, -0.04404038190841675, 0.0006981343030929565, 0.0031276345252990723, 0.006872951984405518, 0.0036065317690372467, 0.00916479155421257, 0.002413228154182434, -0.014687687158584595, -0.009792059659957886, -0.04145590215921402, 0.07399260997772217, 0.0209120512008667, 0.12336476147174835, -0.03345566987991333, -0.018528401851654053, -0.05096679925918579, 0.0026848912239074707, -0.01459503173828125, 0.006026506423950195, 0.0024035945534706116, 0.006759822368621826, 0.00543937087059021, 0.0013414174318313599, 0.0006814301013946533, 0.0015905797481536865, 0.0013000965118408203, 0.0009588506072759628, 0.00018960237503051758, 0.0008749254047870636, 6.455183029174805e-05, -0.0015748441219329834, 0.0012624561786651611, -0.00017112493515014648, 0.0002950429916381836, -5.507469177246094e-05, -0.000245511531829834, -0.0003927871584892273, 0.0005508065223693848, 0.0015083849430084229, -0.0006680786609649658, -0.011064410209655762, 0.008245378732681274, 0.004423856735229492, -0.0012155473232269287, 0.001061946153640747, -0.002015411853790283, 0.0018459558486938477, -0.0022522807121276855, -0.0012529641389846802, 0.001611858606338501, 0.0024320483207702637, -0.0010540783405303955, 0.0014054030179977417, -0.000861823558807373, 9.781122207641602e-05, -4.482269287109375e-05, 0.006880179047584534, 0.0011305026710033417, -0.008108705282211304, -0.009813264012336731, 0.0007125735282897949, -0.00695464015007019, 0.002392910420894623, -0.0019752085208892822, 0.0027860626578330994, 0.002137795090675354, -0.0013544857501983643, 0.0008116662502288818, -0.002101689577102661, 7.117167115211487e-05]]}, "dipole": {"__ndarray__": [[3], "float32", [-0.1568218618631363, 3.603043556213379, -1.9913183450698853]]}}