{"forces": {"__ndarray__": [[29, 3], "float32", [0.0043648481369018555, 0.0051667094230651855, -0.0077702999114990234, -0.09557956457138062, -0.026416242122650146, 0.024327635765075684, -0.0026215314865112305, -0.005133152008056641, 0.010120481252670288, -0.012624941766262054, -0.002081260085105896, -0.011534810066223145, 0.006832972168922424, 0.001291036605834961, 0.004779994487762451, 0.29722848534584045, 0.02551715075969696, 0.022648334503173828, -0.05567328631877899, -0.006582856178283691, 0.0036724507808685303, -0.00409374013543129, -0.01678655482828617, 0.0006920099258422852, -0.014173746109008789, -0.0024490058422088623, -0.00930725783109665, -0.10165899991989136, -0.002001523971557617, -0.019372984766960144, -0.003377079963684082, 0.017895996570587158, 0.006294906139373779, 6.860494613647461e-05, 0.00240325927734375, 0.00022101402282714844, 0.0013827160000801086, 7.608532905578613e-05, -0.0037546753883361816, 0.005017384886741638, 0.0014683157205581665, 0.000601649284362793, 0.0007220804691314697, -0.0011384114623069763, -0.0012014806270599365, -0.0010613352060317993, 0.0041657984256744385, 0.0008487105369567871, 0.00022020936012268066, 0.001203298568725586, -0.001382589340209961, -0.0012038350105285645, 8.347630500793457e-05, -0.00014075636863708496, -0.00012364983558654785, -0.00038999319076538086, -0.00020107626914978027, -0.03985615074634552, -0.006259351968765259, -0.02040332555770874, 0.0037982165813446045, 0.0026117265224456787, 0.0035454630851745605, 0.0049495697021484375, 0.002886831760406494, -0.004475459456443787, 0.000848919153213501, 0.00039261579513549805, -0.0006580054759979248, 0.0024184435606002808, -0.00020688772201538086, -0.000276416540145874, 0.00290873646736145, 0.004635319113731384, 0.00019383709877729416, -0.00010633468627929688, 0.001627221703529358, 0.0001621842384338379, 0.0010833740234375, 0.00047163665294647217, 0.0013920217752456665, -0.0006333775818347931, -0.001337289810180664, -0.00016069412231445312, 0.0009434223175048828, -0.0011145472526550293, 0.0011389628052711487]]}, "dipole": {"__ndarray__": [[3], "float32", [-0.1460297554731369, 3.6078572273254395, -1.987259030342102]]}}