{"forces": {"__ndarray__": [[29, 3], "float32", [0.049908339977264404, -0.0016766786575317383, 0.01832437515258789, -0.3547300696372986, -0.05739447474479675, -0.017019271850585938, 0.18008947372436523, 0.039340317249298096, 0.02103877067565918, -0.01076451689004898, -0.004113033413887024, 0.012244045734405518, 0.024507686495780945, 0.005511239171028137, 0.0018116235733032227, 0.09435636550188065, 0.026615634560585022, -0.023628830909729004, -0.0037107914686203003, 0.0029717087745666504, 0.000348895788192749, -0.002979882061481476, -0.003920288756489754, -0.002613559365272522, -0.005132526159286499, 0.0002491176128387451, -0.0032627955079078674, 0.003674626350402832, -0.0004737377166748047, -0.0031474679708480835, 0.012561619281768799, -0.0010680556297302246, 0.00047516822814941406, 0.0008552074432373047, -0.004553556442260742, 0.0002561807632446289, -0.0003762096166610718, 0.0006749331951141357, -0.0021640360355377197, 0.0018342435359954834, 0.0019121617078781128, -0.0031071603298187256, 0.0011997222900390625, 0.000856451690196991, 0.0021504759788513184, 0.0034223422408103943, 0.0019587576389312744, 0.0024277567863464355, 0.0038307607173919678, -0.0023192167282104492, -0.001895904541015625, -0.006140530109405518, -0.0027365684509277344, 0.005661614239215851, 0.004910945892333984, 0.003627195954322815, -0.002463206648826599, 0.0004951059818267822, -0.0028142035007476807, -0.0080299973487854, -6.657838821411133e-05, 0.001087874174118042, 7.37607479095459e-05, 0.0012407302856445312, -0.0016393661499023438, -0.0006701350212097168, 0.00017088651657104492, -0.0006031394004821777, 0.0007147789001464844, -0.0009118616580963135, -0.0003216266632080078, -0.0001405477523803711, 0.0021547675132751465, 0.0011252164840698242, 0.0003687078133225441, -0.0004095733165740967, -0.0017446726560592651, 0.0005747079849243164, 0.0005331039428710938, 0.0008561909198760986, 0.0013135969638824463, 0.00010956078767776489, -0.00019991397857666016, 0.0002498626708984375, -0.0006328821182250977, -0.001208662986755371, 0.00010818988084793091]]}, "dipole": {"__ndarray__": [[3], "float32", [-0.14905324578285217, 3.6018857955932617, -1.9884859323501587]]}}