{"forces": {"__ndarray__": [[29, 3], "float32", [9.1552734375e-05, 0.0016224384307861328, -0.0015404224395751953, -0.0030139386653900146, -0.000807449221611023, -0.0040280818939208984, 0.005683422088623047, 0.001788496971130371, 0.0016032308340072632, -6.588920950889587e-05, 0.0007821023464202881, 0.000329434871673584, 0.0019765645265579224, -0.0002967417240142822, 0.00020563602447509766, -0.001052848994731903, 0.00042372941970825195, -9.566545486450195e-05, -0.0008249580860137939, 0.0012217164039611816, 0.0011601150035858154, -0.0009107701480388641, -0.001139489933848381, -0.001065567135810852, 0.001248866319656372, 0.0018242597579956055, -9.454786777496338e-05, 1.8358230590820312e-05, 0.0021990537643432617, -0.0004324913024902344, -0.0008676052093505859, -0.006299316883087158, -0.0111655592918396, 0.003901362419128418, 0.002361774444580078, 0.0047493577003479, 0.12359632551670074, 0.010159790515899658, -0.07988864183425903, 0.0024417564272880554, 0.0004681199789047241, 0.000254899263381958, -5.9664249420166016e-05, -0.00031630974262952805, 0.0005359351634979248, 2.2891908884048462e-05, 0.0012407898902893066, 0.0006330907344818115, 8.96751880645752e-05, -0.0001080632209777832, -0.00047250092029571533, 0.00030112266540527344, -0.0006927251815795898, 0.0002963505685329437, -0.0004946887493133545, 7.569789886474609e-06, 5.7190656661987305e-05, 0.0005141198635101318, -0.0011677742004394531, -0.000428617000579834, -0.000553518533706665, -0.0006273388862609863, -0.00035019218921661377, 0.0007585287094116211, -0.0007796883583068848, -0.0015272200107574463, 0.000552743673324585, -0.00025844573974609375, 0.00020745396614074707, 0.0003748089075088501, -0.0009424686431884766, 0.0006825923919677734, -0.0005331039428710938, 0.0014064908027648926, 0.0010571535676717758, -1.9431114196777344e-05, -0.00012154877185821533, -0.0017490386962890625, -0.008486926555633545, -0.003398016095161438, 0.003191620111465454, 0.0030944421887397766, 0.0013116896152496338, -0.0031323134899139404, -0.1277834177017212, -0.00986286997795105, 0.09100685268640518]]}, "dipole": {"__ndarray__": [[3], "float32", [-0.15101449191570282, 3.6062700748443604, -1.9862295389175415]]}}