{"forces": {"__ndarray__": [[29, 3], "float32", [-0.0023730993270874023, 0.0001474618911743164, -0.001809835433959961, -0.0008573532104492188, -0.0006841868162155151, 0.0016741752624511719, 0.0015159845352172852, -0.0002040266990661621, 0.0004273355007171631, 9.275972843170166e-05, -0.0021151304244995117, 0.001260221004486084, 0.0006977319717407227, -0.00017178058624267578, 0.0012033581733703613, 0.0007942318916320801, -0.0003280341625213623, 0.00021517276763916016, -0.00020816922187805176, 0.0015462040901184082, 0.0031147003173828125, 0.0002716556191444397, 0.0010187532752752304, 0.0008415579795837402, -0.0001957416534423828, -0.002216428518295288, 0.0003481358289718628, 0.006213545799255371, -0.0016647577285766602, -0.0012933015823364258, 0.003774404525756836, 0.006632864475250244, -0.0003815293312072754, -0.004899799823760986, -0.0040242671966552734, -0.0031870603561401367, 0.018940232694149017, 0.04344259202480316, -0.05341237783432007, -5.9857964515686035e-05, 0.0006257146596908569, -0.00026533007621765137, -0.0002516806125640869, 0.0014922022819519043, -7.56978988647461e-05, -0.0009561739861965179, 0.0008090436458587646, -0.0005019605159759521, 9.781122207641602e-05, 0.00024184584617614746, 0.0008433312177658081, -0.0019623637199401855, -9.60230827331543e-05, -0.0013001114130020142, 0.00032958388328552246, 0.00018087029457092285, -0.0005089491605758667, -0.0011518895626068115, 7.027387619018555e-05, 0.0002703666687011719, -0.0009902119636535645, -9.310245513916016e-05, -0.0021185874938964844, -0.0009300112724304199, -0.00028324127197265625, -0.0005375295877456665, -0.0006513595581054688, 2.6404857635498047e-05, -0.00016489624977111816, 0.0011122524738311768, 0.0007421374320983887, -0.0005996227264404297, -0.0001539289951324463, 0.0006536245346069336, 0.0002685636281967163, 0.00012612342834472656, -0.000545501708984375, -0.0007679462432861328, -0.008706420660018921, -0.017682865262031555, 0.008027121424674988, -0.01306278258562088, -0.042648375034332275, 0.0499076247215271, 0.003444463014602661, 0.015127480030059814, -0.0014762245118618011]]}, "dipole": {"__ndarray__": [[3], "float32", [-0.1539020985364914, 3.605746269226074, -1.9885978698730469]]}}