{"forces": {"__ndarray__": [[29, 3], "float32", [0.00018024444580078125, -0.0016501545906066895, 0.003641366958618164, -0.0019559264183044434, 0.0019460320472717285, 0.0013943910598754883, 0.016705870628356934, 0.046972811222076416, -0.005480378866195679, -0.017608851194381714, -0.37617015838623047, 0.0003820061683654785, -0.00542624294757843, 0.005303800106048584, -0.003951430320739746, 0.0029928386211395264, 0.0012990236282348633, 0.0050850510597229, -0.002768576145172119, 0.0001500844955444336, -0.0014806687831878662, 0.0006191879510879517, 0.0010473951697349548, 0.00018809735774993896, 0.0007963776588439941, -0.0008024275302886963, -0.00039968639612197876, 0.0008968114852905273, 0.0005518198013305664, 0.002561211585998535, 7.271766662597656e-05, 0.001966118812561035, -0.00022518634796142578, -0.0031232833862304688, 5.4836273193359375e-06, -7.426738739013672e-05, -0.002500481903553009, -0.0010078102350234985, 0.0010910630226135254, 0.03414304554462433, 0.04871927201747894, 0.008101195096969604, 0.019036322832107544, 0.15883031487464905, -0.04068714380264282, -0.0461859330534935, 0.11321789026260376, 0.03895309567451477, 0.00011995434761047363, -0.001511305570602417, -0.0013907849788665771, 0.0006598830223083496, 0.0016864240169525146, 8.516386151313782e-05, -0.0007269978523254395, -0.0006833523511886597, -0.00016328692436218262, 0.0005807876586914062, 0.002515643835067749, -0.0056288838386535645, -0.00014099478721618652, -0.0010249614715576172, 0.00038620829582214355, -0.0008940696716308594, -0.0005328059196472168, -0.001410260796546936, 0.000861823558807373, -0.0010205507278442383, 0.00047901272773742676, 0.0007167160511016846, 0.0015578269958496094, 0.0008226633071899414, -0.00017383694648742676, -0.001024104654788971, -1.8835067749023438e-05, 0.0002384185791015625, 6.499886512756348e-05, -0.0001291036605834961, 0.0009090304374694824, -0.00010737031698226929, -2.8207898139953613e-05, 0.000415019690990448, -5.97834587097168e-05, -0.0010190606117248535, 0.0015607476234436035, -0.0002397298812866211, -0.0010836385190486908]]}, "dipole": {"__ndarray__": [[3], "float32", [-0.15337704122066498, 3.6061387062072754, -1.9873765707015991]]}}