{"forces": {"__ndarray__": [[29, 3], "float32", [-0.006537914276123047, -0.0005671381950378418, -0.005244255065917969, -0.024201422929763794, -0.007804572582244873, 0.00048530101776123047, -0.09130454063415527, -0.023088693618774414, 0.03976774960756302, 0.010422378778457642, 0.005229681730270386, 0.003495931625366211, 0.33646976947784424, -0.041668087244033813, 0.04427379369735718, 0.00781375914812088, 0.002404719591140747, 0.004487335681915283, 0.002821505069732666, -0.0009264945983886719, -0.0007237493991851807, 0.0003493651747703552, 0.0002985876053571701, -0.0016685724258422852, -0.0014332830905914307, -0.0013786554336547852, -0.003651075065135956, 0.0001016855239868164, -0.0026546716690063477, 0.002346336841583252, -0.0014833807945251465, -0.001572728157043457, 0.001081705093383789, 0.00042617321014404297, 0.001991748809814453, -0.00041109323501586914, -0.0007323548197746277, 0.0036070942878723145, -0.0011289715766906738, -0.0010628923773765564, -0.0005843788385391235, -0.001607358455657959, 0.0005253255367279053, 0.0007857121527194977, -0.001177668571472168, 0.001953892409801483, -0.0010645389556884766, -0.0016855895519256592, -0.04575297236442566, 0.05170845985412598, -0.02056458592414856, -0.1370519995689392, -0.0061304569244384766, -0.07752828299999237, -0.0432797372341156, 0.02358485758304596, 0.019587188959121704, -0.0011566877365112305, -0.0022400319576263428, -0.0027093887329101562, -0.0009530484676361084, 0.0002892911434173584, -0.00017303228378295898, -0.0009039044380187988, 0.0006099939346313477, 0.0011760294437408447, -1.189112663269043e-05, -0.0005311965942382812, 0.0004620850086212158, 0.00044077634811401367, -0.00043398141860961914, 0.0005104541778564453, -0.0002480149269104004, 0.00031204521656036377, 0.0008464101701974869, -0.0009950697422027588, -0.0008792132139205933, -9.882450103759766e-05, -0.0021024346351623535, 0.0011483728885650635, -0.0009499639272689819, -0.000848524272441864, -0.0006625205278396606, 0.0009462833404541016, -0.0012645125389099121, 0.00021716952323913574, -0.00014378130435943604]]}, "dipole": {"__ndarray__": [[3], "float32", [-0.1534530520439148, 3.609398126602173, -1.9924219846725464]]}}