{"forces": {"__ndarray__": [[29, 3], "float32", [0.0011583566665649414, 0.0035904645919799805, 0.002552509307861328, -0.008899569511413574, -0.00619526207447052, -0.0023981332778930664, -0.01799905300140381, -0.04476815462112427, 0.021661952137947083, 0.0025247111916542053, -0.005657941102981567, 0.0026797056198120117, -0.04406546801328659, 0.4209568202495575, 0.003401339054107666, 0.005263194441795349, -0.002631247043609619, 0.0005096197128295898, 0.0011221468448638916, 0.00021576881408691406, 0.00022149085998535156, -0.0025862865149974823, -0.0008781291544437408, 0.00043088197708129883, -0.0018945038318634033, -0.0011018812656402588, -0.0005181431770324707, -0.0031114816665649414, -0.0025794506072998047, -0.0005184561014175415, -0.0013371706008911133, -0.0002981424331665039, 0.00029778480529785156, 0.0031061768531799316, 0.0005866289138793945, 0.0009127259254455566, 0.0014562904834747314, 0.0014150291681289673, -9.992718696594238e-05, 0.00031118839979171753, -0.0004028230905532837, 0.0005172193050384521, 0.0005630552768707275, 0.0013206638395786285, 8.45491886138916e-05, -0.0004438403993844986, 0.0019079744815826416, -0.0012806057929992676, 0.0465470552444458, -0.19954818487167358, 0.04959091544151306, -0.0046610236167907715, -0.051415830850601196, -0.008345061913132668, 0.023119628429412842, -0.11429112404584885, -0.06713831424713135, 0.00012040138244628906, -0.00015461444854736328, 0.0007788538932800293, 0.00029164552688598633, 0.00011777877807617188, -8.738040924072266e-05, 0.00010323524475097656, -0.0002834796905517578, -0.0011818110942840576, 7.018446922302246e-05, -0.00048172473907470703, 0.00013488531112670898, -0.0005482137203216553, -0.0007429122924804688, -0.0001525282859802246, -2.22623348236084e-05, -0.00011013448238372803, 1.8402934074401855e-06, 7.3015689849853516e-06, -0.0007432699203491211, -0.00046747922897338867, 0.00022083520889282227, 0.0009272396564483643, -0.0008362382650375366, -9.172782301902771e-05, 0.0005379915237426758, -0.0002396106719970703, -0.0003255009651184082, 0.0007072687149047852, -0.0005125105381011963]]}, "dipole": {"__ndarray__": [[3], "float32", [-0.15178784728050232, 3.60794734954834, -1.9890210628509521]]}}