{"forces": {"__ndarray__": [[29, 3], "float32", [-0.0036840438842773438, 0.0019693970680236816, -0.008996248245239258, -0.004708200693130493, -0.00044570863246917725, 0.0066634416580200195, -0.002750396728515625, 0.009164810180664062, 0.014173179864883423, 0.000604730099439621, 0.0007853955030441284, -0.007742583751678467, -0.04464156925678253, 0.022836998105049133, 0.02578604221343994, 0.0017897337675094604, -0.0002617835998535156, -0.001251518726348877, 0.0007154345512390137, 0.000471651554107666, -0.0003477632999420166, -0.0007243677973747253, -0.004407510161399841, 0.0013549625873565674, -0.0010297000408172607, 0.0007259547710418701, 0.0007268786430358887, -0.0012743473052978516, 0.0029183626174926758, 0.0014845728874206543, 5.412101745605469e-05, -0.0019943714141845703, -0.0011536478996276855, 0.0005225539207458496, 0.001142263412475586, 0.0009855031967163086, -0.0010152459144592285, 0.00012564659118652344, 0.001071333885192871, 0.0022959336638450623, 0.0010173171758651733, 0.0013512372970581055, 0.0003860294818878174, -0.0014349529519677162, 0.001062840223312378, -0.0006999373435974121, 0.0017738938331604004, 0.0022478699684143066, -0.0002963840961456299, 0.0032757818698883057, 0.006874158978462219, 0.006210386753082275, -0.011252671480178833, -0.011435631662607193, 0.05310848355293274, -0.02705976366996765, -0.033018261194229126, -0.00036856532096862793, -0.0003928840160369873, 0.0009184479713439941, -0.0004316270351409912, -0.00018274784088134766, 0.0003093928098678589, 0.0003161430358886719, -0.000510096549987793, -0.0012897849082946777, -0.00010406970977783203, 0.00046896934509277344, -0.00017136335372924805, 0.000212743878364563, 0.000821232795715332, 0.0006562173366546631, -0.0011695623397827148, -0.00015569478273391724, 0.00047880690544843674, -0.00018537044525146484, 0.0004973262548446655, -6.127357482910156e-05, -0.0011244714260101318, 0.0011656954884529114, -0.000723913311958313, -0.0011929981410503387, -0.0003342926502227783, 0.0002346336841583252, -0.0008151233196258545, -0.0007278919219970703, -0.00018835440278053284]]}, "dipole": {"__ndarray__": [[3], "float32", [-0.15316647291183472, 3.6057491302490234, -1.9892123937606812]]}}