{"forces": {"__ndarray__": [[29, 3], "float32", [-0.0005587339401245117, 0.000422060489654541, -0.0012822151184082031, -0.0013737976551055908, 0.0021706223487854004, -0.0008553266525268555, 0.0028390884399414062, 0.0008085370063781738, 0.0019825249910354614, -0.03347282111644745, -0.046259358525276184, -0.005754351615905762, 7.767975330352783e-05, -0.0006650388240814209, 0.002068042755126953, 0.00041399896144866943, 7.665157318115234e-05, 0.0011601448059082031, -0.0006947070360183716, 0.0001304149627685547, 0.0010022521018981934, -0.0003218725323677063, -0.0004807431250810623, 0.0014398694038391113, 0.00021639466285705566, 0.0007803738117218018, 0.001273907721042633, -0.0008748769760131836, -0.0011730194091796875, 0.0007437318563461304, -0.0009175539016723633, 0.0005138516426086426, -0.0014681220054626465, 0.0002535581588745117, -0.0011109113693237305, 0.0019845962524414062, 0.0009061917662620544, -0.0006082653999328613, -0.00032913684844970703, 0.03761473298072815, 0.045621275901794434, 0.0048632025718688965, -0.0180513858795166, -0.003361588343977928, 0.00015690922737121582, 0.015457358211278915, 0.0033229589462280273, 0.00031372904777526855, -0.000484466552734375, 0.0019102990627288818, -0.00016868114471435547, -0.001549839973449707, -0.0030506551265716553, -0.000321023166179657, 0.0015664994716644287, 0.0012197941541671753, -0.000881001353263855, 0.0006572306156158447, 0.002191781997680664, -0.0012685060501098633, -0.0003368556499481201, 1.3560056686401367e-05, -5.875527858734131e-05, 1.430511474609375e-05, -0.0009030699729919434, -0.0016779005527496338, -0.00013589859008789062, 0.0003018975257873535, 5.644559860229492e-05, 6.192922592163086e-05, -0.0015769004821777344, -0.0007690489292144775, -0.0011808574199676514, -0.0007762089371681213, -0.0008229929953813553, 5.772709846496582e-05, -0.00025141239166259766, -0.0009897947311401367, -0.00017306208610534668, 0.00023441016674041748, -0.0004785507917404175, -9.381771087646484e-05, -0.00023892521858215332, 0.00035700201988220215, 8.377432823181152e-05, 0.0007382333278656006, -0.0002770833671092987]]}, "dipole": {"__ndarray__": [[3], "float32", [-0.15350325405597687, 3.6057560443878174, -1.9858063459396362]]}}