{"forces": {"__ndarray__": [[29, 3], "float32", [-0.0009812116622924805, -0.0012107491493225098, 0.0004773139953613281, 0.004286915063858032, 0.0033603012561798096, 0.0021457672119140625, -0.0021507740020751953, -0.0027031898498535156, -0.002413034439086914, -0.0007423758506774902, -0.0009325742721557617, -0.0008949041366577148, -0.003192313015460968, -0.0008904784917831421, 0.0011455416679382324, 0.002102687954902649, -0.0006138086318969727, -0.0008202195167541504, -0.004468649625778198, 0.001317143440246582, -0.0006081461906433105, 0.00022254139184951782, 0.0002641472965478897, -0.005756840109825134, -0.04852673411369324, -0.0010757744312286377, -0.01235789805650711, 7.95125961303711e-05, -0.0030930042266845703, -0.009016141295433044, -0.00047266483306884766, 0.0038069486618041992, -0.0013591647148132324, 0.0011605024337768555, -0.0012243986129760742, 0.0021628141403198242, 0.0002609938383102417, 8.879601955413818e-05, 0.0023817121982574463, 0.0012495741248130798, 0.000303119421005249, -0.0007585585117340088, -0.0007123053073883057, 0.0011759325861930847, 0.000467836856842041, -0.0005475077778100967, 0.000487595796585083, 0.00028651952743530273, 6.601214408874512e-05, -0.0004729032516479492, 0.00043176114559173584, -0.0008388757705688477, -9.053945541381836e-05, -0.0002649892121553421, 0.0006268024444580078, 0.0009361803531646729, -0.0007931292057037354, -0.00031375885009765625, 0.0003603994846343994, -0.0003573298454284668, 4.684925079345703e-05, 0.00018852949142456055, -0.0012995749711990356, 0.0011404156684875488, -0.001028299331665039, -0.0003582686185836792, 0.0021054744720458984, -0.000699162483215332, 0.000836491584777832, 0.0016154050827026367, 0.00013935565948486328, 0.000262528657913208, 0.006608188152313232, 0.0023287758231163025, 0.01777922734618187, 0.03945013880729675, 8.612871170043945e-06, 0.011022984981536865, 0.0005674064159393311, 0.00023765116930007935, -0.0005051940679550171, 0.0005636736750602722, 0.00013589859008789062, -0.001033872365951538, 0.0007935166358947754, -0.0011042952537536621, -0.0008030906319618225]]}, "dipole": {"__ndarray__": [[3], "float32", [-0.15367873013019562, 3.606323480606079, -1.9853019714355469]]}}