{"forces": {"__ndarray__": [[29, 3], "float32", [-0.001004338264465332, -0.0014503002166748047, -9.894371032714844e-05, -0.0008901655673980713, 0.004003584384918213, -0.0004254579544067383, 0.00319671630859375, -0.0014705657958984375, -0.001333475112915039, 0.04420934617519379, 0.01806098222732544, -0.01237797737121582, 0.0011539310216903687, -0.00030823051929473877, 0.0012895464897155762, 0.00022111833095550537, -0.001376330852508545, 0.0026608705520629883, 0.00012473762035369873, 0.0010187625885009766, 0.0022287070751190186, -0.0005774497985839844, -0.001110302284359932, 0.0028100162744522095, 0.00036397576332092285, 0.0010189712047576904, 0.0009384378790855408, -0.0016207695007324219, 0.0018999576568603516, -0.001714274287223816, -0.00029200315475463867, -0.0037646889686584473, -0.0017620325088500977, 0.001658022403717041, 0.00072479248046875, 0.002306818962097168, 0.0021857544779777527, -0.0013778209686279297, 0.001875758171081543, -0.003999397158622742, 0.01850058138370514, -0.006705969572067261, -0.04248657822608948, -0.02405037172138691, 0.005749732255935669, -0.004075229167938232, -0.007870912551879883, 0.006639003753662109, -0.0004259645938873291, 0.00013375282287597656, -1.2278556823730469e-05, -0.0028972625732421875, -0.0015955567359924316, 0.0007949024438858032, -1.940131187438965e-05, 0.0013314485549926758, -0.0006615668535232544, 0.0027348697185516357, -0.003706514835357666, 0.0020605921745300293, -0.0007627606391906738, -0.0003560185432434082, 2.802908420562744e-05, -0.001230776309967041, -0.00012725591659545898, -0.00022745132446289062, 0.0013970434665679932, 0.0018432140350341797, -0.001430213451385498, 0.0009734779596328735, 0.0005819201469421387, -0.0004998147487640381, -0.00015756487846374512, -0.0005144476890563965, 4.861503839492798e-06, 0.0004124641418457031, 0.0003990679979324341, -0.0005744695663452148, 0.0004982054233551025, -0.0003014206886291504, -0.000723615288734436, 0.0008460283279418945, 0.0004956871271133423, -3.314018249511719e-05, 0.00046434998512268066, -0.0006324648857116699, -0.0008069723844528198]]}, "dipole": {"__ndarray__": [[3], "float32", [-0.1525757759809494, 3.604412794113159, -1.989370584487915]]}}