{"forces": {"__ndarray__": [[29, 3], "float32", [-0.0023854970932006836, 0.002477109432220459, -0.006292581558227539, 0.004729658365249634, -0.0005840957164764404, 0.0019229650497436523, -0.008649587631225586, -0.00037598609924316406, -0.0105266273021698, -0.0020147226750850677, -0.0012653619050979614, 0.0022492408752441406, 0.07568171620368958, 0.010574966669082642, 0.10634762048721313, 0.000357113778591156, -0.0016018152236938477, -0.0007038116455078125, 0.0016240030527114868, -0.00035506486892700195, 0.00019818544387817383, -0.00046925991773605347, -0.0013472288846969604, -0.0008013695478439331, -0.0012150406837463379, -0.00047662854194641113, 0.00047864019870758057, 0.0005782842636108398, -0.0021151304244995117, 0.001595228910446167, -0.0020978450775146484, 0.0009636282920837402, -0.00087738037109375, 0.0018017292022705078, 0.00037097930908203125, 0.00048673152923583984, -0.00031106919050216675, 0.00014638900756835938, 0.0007867217063903809, 0.00032898783683776855, 0.0009281039237976074, 0.0052176713943481445, 0.0012634992599487305, 0.0003076381981372833, -0.0011934936046600342, 0.000894252210855484, 0.0020137429237365723, -0.0013481974601745605, 0.007851332426071167, -0.0061383843421936035, 0.004164755344390869, -0.08841431140899658, -0.009515136480331421, -0.11366148293018341, 0.011948764324188232, 0.005148187279701233, 0.010608121752738953, 0.00020256638526916504, 0.0008854568004608154, 0.0012599825859069824, -0.0013853609561920166, -0.00023895502090454102, -0.0007194578647613525, 0.00011873245239257812, -2.6226043701171875e-06, 0.0004988312721252441, -0.00036078691482543945, 6.890296936035156e-05, -0.00022608041763305664, 0.0001872628927230835, -2.086162567138672e-05, 0.0006824731826782227, -0.0005716085433959961, -0.0003596171736717224, -0.0001031290739774704, 0.0003782510757446289, -0.0001591891050338745, -0.00036966800689697266, 7.909536361694336e-05, 0.00019881129264831543, -0.000215873122215271, 0.00035521388053894043, 0.0006731897592544556, 0.0001780986785888672, -0.0005051493644714355, -0.00020140409469604492, 0.000364154577255249]]}, "dipole": {"__ndarray__": [[3], "float32", [-0.14843542873859406, 3.605891466140747, -1.988100528717041]]}}