{"forces": {"__ndarray__": [[29, 3], "float32", [0.0011584758758544922, 0.0002739429473876953, 0.0026895999908447266, -0.004024147987365723, -0.0006796866655349731, -0.0016219615936279297, 0.0013521909713745117, 0.0006823539733886719, 0.00032076239585876465, -0.0007117092609405518, -0.0012310892343521118, 0.0017095208168029785, 0.002509884536266327, 0.00020936131477355957, -0.0015968680381774902, 0.0010678693652153015, 0.0012733936309814453, 1.3947486877441406e-05, 0.00459270179271698, -0.0008810162544250488, -0.0031422674655914307, 0.006174467504024506, 0.0577874556183815, -0.02983078360557556, 0.005194485187530518, -0.0020370781421661377, -0.00874841958284378, 5.650520324707031e-05, 0.00036704540252685547, -0.0012068003416061401, 0.00018155574798583984, -0.0013946294784545898, 0.0010006427764892578, 5.3048133850097656e-05, -0.0006045103073120117, 0.000593721866607666, -0.0011854395270347595, 0.0015233159065246582, 0.00048294663429260254, 0.0019202008843421936, 0.0011219382286071777, 0.0005576908588409424, 0.0010750889778137207, 0.00025291554629802704, 0.0006740689277648926, 0.0015335530042648315, 0.0016876161098480225, 0.0009308755397796631, -1.621246337890625e-05, -0.0005545616149902344, -0.00013774633407592773, -0.0005884766578674316, 9.480118751525879e-05, 0.00020761042833328247, -5.7697296142578125e-05, 0.000771835446357727, -0.0008434951305389404, 0.00018069148063659668, -2.703070640563965e-05, -0.002051413059234619, -0.0023061633110046387, -0.00023958086967468262, -0.002463892102241516, -0.0011903643608093262, -0.0006115436553955078, 0.0005995482206344604, -0.010873571038246155, -0.0502282977104187, 0.026870250701904297, -0.005180612206459045, -0.005942821502685547, 0.018657803535461426, -0.0007579922676086426, -0.0018626302480697632, -0.0015668682754039764, 0.000582277774810791, -0.0016085952520370483, 0.0020028352737426758, -6.0498714447021484e-05, 0.0008234009146690369, -0.0019410699605941772, -0.0004208125174045563, 0.0004869401454925537, -0.0005868375301361084, -0.0002599656581878662, 0.0005466043949127197, -0.0015742294490337372]]}, "dipole": {"__ndarray__": [[3], "float32", [-0.15470768511295319, 3.606419324874878, -1.9865925312042236]]}}