{"forces": {"__ndarray__": [[29, 3], "float32", [-0.0010228157043457031, 0.000813603401184082, -0.0022020339965820312, -0.00034803152084350586, -0.0033003687858581543, 0.0025701522827148438, 0.0024422407150268555, 0.0015301108360290527, -0.0013545453548431396, 0.0002745389938354492, -0.0010955184698104858, 0.0010649561882019043, 0.0003862828016281128, -0.0018127262592315674, 0.0021761655807495117, -0.003273993730545044, -0.0017127394676208496, -0.002580106258392334, -0.04110611975193024, 0.0632096529006958, -0.048394039273262024, -0.004058334976434708, -0.003460012376308441, 0.006204664707183838, -0.002783358097076416, 0.00018173456192016602, -7.0132315158844e-05, 0.0009317398071289062, -0.004992127418518066, -0.00018593668937683105, 0.00036329030990600586, -0.0014563202857971191, -0.0006082653999328613, 0.0013129711151123047, -0.0008699893951416016, 0.00042235851287841797, -0.00023347139358520508, 0.002765163779258728, -0.0009966790676116943, 0.0017601177096366882, 0.0008674710988998413, -0.0007016956806182861, 0.00018289685249328613, 0.0013694986701011658, 0.0008065700531005859, -0.0005681030452251434, 0.0005761981010437012, -2.54213809967041e-05, 2.9325485229492188e-05, 0.0007689297199249268, -0.0005103796720504761, -0.0002688169479370117, 0.00044995546340942383, -0.0006743259727954865, 0.000505983829498291, 0.0013500601053237915, -0.0005210191011428833, -0.0013468563556671143, 0.0015465319156646729, -0.000780642032623291, 0.04139801859855652, -0.049686312675476074, 0.04328310489654541, 0.006240248680114746, -0.004321873188018799, 0.003204718232154846, 0.0011768937110900879, -0.0009178519248962402, -0.0003981292247772217, -0.001040235161781311, -0.0015190839767456055, 0.000560075044631958, 0.00042045116424560547, -0.0007310211658477783, -0.0007689930498600006, -0.0004552006721496582, 0.00017808377742767334, -0.00024640560150146484, -0.00013777613639831543, 0.0007862523198127747, -0.0006160885095596313, -0.0002202056348323822, -0.0009046792984008789, 2.467632293701172e-05, -0.0005616247653961182, 0.0003870725631713867, 0.0013173297047615051]]}, "dipole": {"__ndarray__": [[3], "float32", [-0.15377692878246307, 3.607724905014038, -1.9889357089996338]]}}