{"forces": {"__ndarray__": [[29, 3], "float32", [0.0009784698486328125, -0.0007469654083251953, 0.0007040500640869141, 0.0013511180877685547, 5.0693750381469727e-05, 0.005238771438598633, -0.013944506645202637, -0.0012325644493103027, -0.005518913269042969, -0.023836731910705566, -0.007351621985435486, -0.03384369611740112, -0.00038501620292663574, -0.0004197806119918823, -0.005471467971801758, 0.0019120275974273682, -0.00014069676399230957, -0.0004398822784423828, -0.0005844533443450928, 0.00031638145446777344, 0.0012268126010894775, -0.00015877559781074524, 9.875930845737457e-05, 0.00044645369052886963, 0.0009803175926208496, -0.000287473201751709, 0.0004084855318069458, -0.0002951622009277344, 0.002269268035888672, 0.0015056133270263672, -5.358457565307617e-05, -0.0014112591743469238, -7.867813110351562e-05, -0.00027042627334594727, -0.0009435415267944336, 0.001330733299255371, 0.0013134181499481201, -0.0020956099033355713, -0.0008838474750518799, 0.020748943090438843, 0.0058116912841796875, 0.04469209909439087, 0.007116973400115967, 0.005095969885587692, -0.0019018054008483887, 0.01204940676689148, -0.00070953369140625, -0.0024729371070861816, 3.921985626220703e-05, -0.0003014802932739258, 0.002796262502670288, -0.0037801265716552734, -0.0010923445224761963, -0.00492887943983078, 0.0008896589279174805, 0.0004712045192718506, 0.001317828893661499, -0.0008965134620666504, 0.00016266107559204102, 0.00043135881423950195, -0.0007777214050292969, 0.0005184412002563477, -0.0013800114393234253, -0.0009869933128356934, 0.000606536865234375, -0.0007589161396026611, -5.0961971282958984e-06, 2.5987625122070312e-05, 0.00017976760864257812, -0.00041387975215911865, 0.00032722949981689453, -0.00046569108963012695, -0.0004971325397491455, -0.00019212812185287476, -0.00017494149506092072, 0.00025525689125061035, 0.0003238171339035034, -0.0010342001914978027, -0.00010839104652404785, -9.447336196899414e-06, -0.0007112473249435425, 0.00018724799156188965, 0.0007606744766235352, -0.0003279745578765869, -0.0008269250392913818, 9.527802467346191e-05, 0.00011400878429412842]]}, "dipole": {"__ndarray__": [[3], "float32", [-0.15078502893447876, 3.6050875186920166, -1.9885270595550537]]}}