{"forces": {"__ndarray__": [[29, 3], "float32", [0.008319973945617676, 0.0010849833488464355, 0.004691123962402344, 0.02557864785194397, 0.009275779128074646, 0.0012415647506713867, 0.09052670001983643, 0.02340179681777954, -0.043401747941970825, -0.010386601090431213, -0.006157010793685913, -0.0053383708000183105, -0.3337670862674713, 0.041780248284339905, -0.03319603204727173, -0.005240358412265778, -0.00044846534729003906, -0.0027456283569335938, 3.892183303833008e-05, -0.001372992992401123, 0.0049218833446502686, 0.00013241171836853027, -0.0020347554236650467, 0.0001831352710723877, 0.0006624758243560791, -0.0002783834934234619, 0.0018786713480949402, -0.0012992620468139648, 0.0030971765518188477, -0.0014568418264389038, -0.0007996559143066406, -0.0016478896141052246, -0.000810086727142334, 0.0007238984107971191, -5.269050598144531e-05, 0.0025650858879089355, 0.0015068985521793365, -0.0034666061401367188, 0.002101421356201172, 0.0027618035674095154, 0.0002434849739074707, 0.0021990537643432617, -0.0011075139045715332, -0.0002749636769294739, 0.0012110471725463867, -0.002372041344642639, 0.0007497072219848633, 0.0004200935363769531, 0.04619354009628296, -0.052696406841278076, 0.01857292652130127, 0.13140660524368286, 0.006270796060562134, 0.06896837800741196, 0.04301410913467407, -0.022947534918785095, -0.018347859382629395, 0.0009022951126098633, 0.00013959407806396484, 0.0005310177803039551, -0.0012992024421691895, 0.0015355050563812256, -0.002658560872077942, -0.0007503628730773926, 0.0008960962295532227, 0.0004362761974334717, 0.0009118318557739258, 0.000850975513458252, -0.00032761693000793457, 0.0003651082515716553, 0.0029063820838928223, 4.410743713378906e-06, -0.00027683377265930176, 3.952533006668091e-05, -0.0008937586098909378, 0.0009124279022216797, 0.0009153932332992554, 0.00041991472244262695, 0.0013211071491241455, -0.0013166069984436035, 4.380941390991211e-06, 0.000555139034986496, 0.00023561716079711914, -0.0005660355091094971, 0.0014647245407104492, -0.0007296204566955566, -0.0006074942648410797]]}, "dipole": {"__ndarray__": [[3], "float32", [-0.15309399366378784, 3.6044905185699463, -1.9851195812225342]]}}