{"forces": {"__ndarray__": [[29, 3], "float32", [-0.0032231807708740234, 0.0031612515449523926, -0.006206035614013672, -0.002526521682739258, -0.0007597804069519043, 0.003955245018005371, 0.004646897315979004, 0.00041288137435913086, 0.002924218773841858, 0.000518210232257843, -0.0019636601209640503, -9.489059448242188e-05, 0.0010299384593963623, -0.0006087422370910645, 0.0009030699729919434, -0.003606170415878296, 0.001207590103149414, 0.007401883602142334, -0.014329314231872559, 0.042389094829559326, 0.03722912073135376, -0.001393880695104599, -0.004846133291721344, -0.004147261381149292, -0.0039698779582977295, -0.0004729330539703369, -0.0008894577622413635, -0.0027375221252441406, 0.0015153884887695312, 0.0030777305364608765, 0.0008044242858886719, -0.003723740577697754, -0.0019120573997497559, 0.0010399818420410156, -0.00012421607971191406, 0.001545548439025879, -0.0008910708129405975, 0.0036078989505767822, 0.0008522868156433105, 0.0012418776750564575, 0.000125885009765625, -0.0005776882171630859, 0.00029602646827697754, 0.0010374542325735092, 0.0003135800361633301, 0.0003128461539745331, 0.0024791061878204346, 0.0003559291362762451, 0.0013145208358764648, 0.000600278377532959, 0.0005575418472290039, -0.00016230344772338867, 1.958012580871582e-05, 0.0003550685942173004, 0.0005191266536712646, -0.00017404556274414062, -0.00016203522682189941, 0.00039705634117126465, -0.0040222108364105225, -0.0034648776054382324, 0.003682255744934082, -0.002365022897720337, -0.010629892349243164, 0.01604670286178589, -0.03724008798599243, -0.029997631907463074, -0.0007668435573577881, 8.702278137207031e-05, -0.0008207857608795166, 0.0012884736061096191, 0.0009782910346984863, -0.00043016672134399414, 0.0008666515350341797, -0.001344919204711914, -0.00036447495222091675, 0.0006893277168273926, -0.0005210638046264648, 0.00039714574813842773, -0.0006472468376159668, 0.0007527545094490051, -0.0005584359169006348, -0.000969909131526947, -0.000822797417640686, 0.0006172060966491699, 0.0005293786525726318, 0.0006152689456939697, -0.00023004785180091858]]}, "dipole": {"__ndarray__": [[3], "float32", [-0.15380872786045074, 3.6083061695098877, -1.9887454509735107]]}}