{"forces": {"__ndarray__": [[29, 3], "float32", [-0.0004609823226928711, 0.0010008811950683594, -0.0018024444580078125, -0.0006000399589538574, -0.0020025670528411865, 0.002637624740600586, -0.0006070137023925781, 0.004416167736053467, -0.00165654718875885, 0.07512108981609344, -0.0461786687374115, -0.03271341323852539, -0.0009189844131469727, -6.462633609771729e-05, 0.0025194883346557617, 0.0021252185106277466, 0.0007906556129455566, 0.0019295811653137207, -0.00119096040725708, 0.0008230805397033691, 0.0011596977710723877, -0.0004015602171421051, 0.00021372176706790924, 0.0018623024225234985, 0.00029772520065307617, -0.0009059607982635498, -0.0003080815076828003, -0.0033347606658935547, 0.002253890037536621, -0.0008874833583831787, 0.0013335943222045898, -0.00301516056060791, 0.0003229379653930664, 0.0002747178077697754, 0.0005086660385131836, -0.00023049116134643555, -0.0001575946807861328, -0.0020845532417297363, 0.0009683966636657715, 0.008078992366790771, -0.01533558964729309, -0.011661142110824585, -0.004175692796707153, 0.001071370206773281, 0.004922330379486084, -0.07617850601673126, 0.052404433488845825, 0.03316175937652588, 9.804964065551758e-06, 0.0018385052680969238, 0.0011633485555648804, -0.0027617812156677246, 0.00026848912239074707, 0.0002171006053686142, -8.574128150939941e-05, 0.0002336353063583374, -0.000230446457862854, 0.0003237128257751465, 0.00010442733764648438, 0.0023661255836486816, -0.0016007721424102783, 0.0005354881286621094, -0.0010453015565872192, -0.001119077205657959, 0.00019180774688720703, -6.468594074249268e-05, 0.0012850165367126465, 0.001966238021850586, -0.0020059943199157715, 0.0009664297103881836, 0.0003923177719116211, -0.0005904138088226318, 0.0007522702217102051, 0.00045906007289886475, -0.0006040353327989578, 0.00026601552963256836, 0.0006703734397888184, 0.001269996166229248, 0.0010986328125, 0.00010620057582855225, 0.000752374529838562, -5.62518835067749e-07, -9.648501873016357e-05, -4.7266483306884766e-05, 0.001661151647567749, -0.0005651712417602539, -0.001405317336320877]]}, "dipole": {"__ndarray__": [[3], "float32", [-0.15157130360603333, 3.605166435241699, -1.9887267351150513]]}}