{"forces": {"__ndarray__": [[29, 3], "float32", [-0.0010266304016113281, 0.0029160380363464355, -0.0014734268188476562, 0.006869852542877197, -0.005403101444244385, 0.0015631914138793945, 0.0010933876037597656, -0.005936980247497559, 0.0014431774616241455, 0.0023420825600624084, 0.0006976127624511719, -0.0023461580276489258, -0.0004432946443557739, -0.0001579076051712036, 0.002713441848754883, 0.00248834490776062, -0.012010857462882996, -0.006160259246826172, -0.004587143659591675, 0.0029169321060180664, 0.0006490349769592285, -0.0030884481966495514, -0.002863943576812744, -0.0006679147481918335, -0.0002976953983306885, 0.0021801888942718506, 0.001126021146774292, -0.016492366790771484, -0.019851326942443848, -0.014712035655975342, -0.0408477783203125, -0.1180424690246582, -0.05439412593841553, 0.05134469270706177, 0.16141021251678467, 0.07814079523086548, 0.0035994797945022583, 0.0003351569175720215, 0.0019487440586090088, 0.0007038787007331848, -0.0019804537296295166, 0.0004749298095703125, -0.0016384124755859375, -0.001440688967704773, -0.0010372400283813477, -0.0012254007160663605, 6.973743438720703e-05, 0.0002536475658416748, -0.0012076497077941895, -0.0014777183532714844, -0.0007173269987106323, -0.00047653913497924805, -0.00028952956199645996, -0.0014415793120861053, 0.00046938657760620117, -0.0005569159984588623, -0.0008064955472946167, 0.002433091402053833, -0.0036162734031677246, -0.002230346202850342, 0.0016710460186004639, 0.00027674436569213867, 0.0002853572368621826, 0.0029162168502807617, 0.0008047819137573242, -0.00041334331035614014, 0.0016300082206726074, 0.00042498111724853516, 0.0016556382179260254, 0.00340290367603302, 0.0011751055717468262, 0.0004166066646575928, -0.001536726951599121, 0.001086123287677765, 0.0017454549670219421, -0.00013533234596252441, 0.0001714080572128296, -0.0022428035736083984, -0.0005812644958496094, 0.0019313693046569824, -0.0012408792972564697, -0.005345415323972702, -0.002885162830352783, -0.001964777708053589, -0.002034395933151245, 0.00011646747589111328, -0.0005678683519363403]]}, "dipole": {"__ndarray__": [[3], "float32", [-0.15045303106307983, 3.609245777130127, -1.988761067390442]]}}