{"forces": {"__ndarray__": [[29, 3], "float32", [-0.0010364055633544922, 0.0029401183128356934, -0.0050127506256103516, -0.0031759142875671387, -0.003856867551803589, 0.000506281852722168, 0.004307150840759277, 0.0018532872200012207, 0.0029226988554000854, -0.003995686769485474, 0.0002130568027496338, -0.0006061196327209473, 0.002802744507789612, -0.0013343989849090576, 0.0012158751487731934, 0.002124302089214325, -0.0008944272994995117, 0.0028167366981506348, 0.0029692500829696655, -0.0011710524559020996, 0.0013657212257385254, -0.0028906017541885376, -0.0027854032814502716, 0.005524307489395142, 0.04615364968776703, -0.000946730375289917, 0.010973066091537476, -0.0018712282180786133, 0.0018764734268188477, 0.009055107831954956, -0.0017116665840148926, -0.0019378662109375, -0.0011199712753295898, 0.0016996264457702637, 0.0008397102355957031, 0.00023090839385986328, -0.0018658041954040527, -0.0008624941110610962, 0.0006726980209350586, 0.0033589527010917664, 0.0006874948740005493, 0.0006120204925537109, 0.0005806386470794678, -0.0003456100821495056, 0.00016164779663085938, -0.0001038871705532074, 0.0015356242656707764, 0.0007182955741882324, 0.000545114278793335, 0.0016416311264038086, -0.0005677491426467896, -0.0013416409492492676, -0.00015300512313842773, -0.001138739287853241, -4.684925079345703e-05, 0.00023877620697021484, 0.0002871602773666382, 0.0003444254398345947, 0.0001977682113647461, -0.0005564689636230469, -9.322166442871094e-05, -0.0012484490871429443, 0.0003699958324432373, -0.00047779083251953125, 0.0016430020332336426, 0.000520169734954834, -6.517767906188965e-05, 0.001547098159790039, -0.0015384256839752197, -0.001181378960609436, 0.00039005279541015625, 0.0005962848663330078, -0.007258325815200806, -0.0026893019676208496, -0.017788009718060493, -0.03861403465270996, 0.0004789978265762329, -0.009547889232635498, 0.0007774531841278076, 0.0002736896276473999, -0.00030988454818725586, 6.677210330963135e-05, 0.0009311139583587646, -0.0005269050598144531, 2.9802322387695312e-08, 0.0009379982948303223, 0.00016311556100845337]]}, "dipole": {"__ndarray__": [[3], "float32", [-0.15192623436450958, 3.605391263961792, -1.9881218671798706]]}}