{"forces": {"__ndarray__": [[29, 3], "float32", [8.034706115722656e-05, 0.0003402829170227051, -0.003301858901977539, -0.0025165677070617676, 0.0009154677391052246, 0.0014482736587524414, 0.0010123252868652344, -0.0006733536720275879, 0.000258028507232666, -0.0019267797470092773, -0.0009856373071670532, 0.00023949146270751953, -0.0004690513014793396, -0.00026692450046539307, -0.000455319881439209, 0.0001674741506576538, 0.0008554160594940186, 0.001431882381439209, 0.002698644995689392, -0.0025583505630493164, 0.0002830922603607178, -0.0015841573476791382, -0.010063474997878075, -0.006391271948814392, -0.0010120570659637451, 0.046496033668518066, 0.0067713335156440735, 0.002198934555053711, -0.0038177967071533203, 0.010806933045387268, -0.000553131103515625, 0.00647813081741333, 0.002618074417114258, -0.0004749894142150879, 6.628036499023438e-05, 4.9054622650146484e-05, -0.002017159014940262, 0.0040813833475112915, 5.1468610763549805e-05, 0.001860290765762329, 0.0010311752557754517, 0.0007763803005218506, 0.00016131997108459473, 0.000650433823466301, 0.00047007203102111816, 0.0002767033874988556, 0.0002421736717224121, -7.173418998718262e-05, 0.0011664032936096191, -6.479024887084961e-05, 0.0001957714557647705, 9.137392044067383e-05, 9.140372276306152e-05, 0.00045761093497276306, -0.00037807226181030273, 0.0002229064702987671, -0.000186040997505188, -0.00021722912788391113, -0.0005659162998199463, 0.0008121132850646973, -0.0013913214206695557, 0.0007928311824798584, -0.0013179928064346313, -4.220008850097656e-05, -0.0004120469093322754, -0.00027541816234588623, 0.0017375051975250244, -0.0013145208358764648, 0.0010870695114135742, 0.00036713480949401855, 0.0006889700889587402, -0.002032339572906494, -0.0003102421760559082, 0.0010969340801239014, 0.0033360980451107025, -7.635354995727539e-05, -0.043462276458740234, -0.01827847957611084, 5.885958671569824e-05, 0.0010831952095031738, 0.0005502402782440186, 0.0002766251564025879, 0.0006870478391647339, 0.0010160505771636963, 0.0008151829242706299, -0.0016354620456695557, -0.00034798309206962585]]}, "dipole": {"__ndarray__": [[3], "float32", [-0.15477369725704193, 3.6086363792419434, -1.9889588356018066]]}}