{"forces": {"__ndarray__": [[29, 3], "float32", [0.0008615255355834961, -0.001542210578918457, 0.008016824722290039, 0.005167335271835327, 0.0033738911151885986, -0.005919456481933594, -0.003891587257385254, -0.0012854337692260742, -0.0018783658742904663, -0.0007641948759555817, -0.0004902631044387817, -0.0008439421653747559, -0.0015841200947761536, -0.0007279813289642334, 0.0008389949798583984, -0.016659900546073914, -0.017058178782463074, -0.008605420589447021, -0.0187566876411438, 0.016416490077972412, 0.0012071728706359863, -0.06449286639690399, 0.02836003713309765, -0.008604824542999268, 0.3499961793422699, -0.026747852563858032, -0.012847468256950378, -0.087948739528656, -0.009934186935424805, -0.01354360580444336, 0.02085322141647339, -0.0012427568435668945, 0.00278627872467041, -0.0003292560577392578, -0.002535581588745117, -8.940696716308594e-07, -0.00047273188829421997, -0.0012295246124267578, 0.0017729997634887695, 0.00034662336111068726, 0.00016704201698303223, 0.0003267526626586914, -0.0006537437438964844, 0.0009921565651893616, -0.0009992718696594238, 4.3155625462532043e-05, -0.0016697049140930176, -0.0008540749549865723, -0.0014096200466156006, -0.0013037621974945068, 0.0007905066013336182, 0.00033104419708251953, 0.00023216009140014648, 0.0010273326188325882, -0.000349581241607666, 0.00031785666942596436, -0.00039239227771759033, 0.0039262473583221436, -0.0009087324142456055, 0.0015137195587158203, 0.005202949047088623, 0.0015880465507507324, -0.0018934011459350586, -0.0009930729866027832, 0.0033723115921020508, -0.0017300993204116821, 0.005766823887825012, -0.004908621311187744, 0.0011499226093292236, 0.005285695195198059, -0.002391815185546875, 0.003567308187484741, -0.15111267566680908, 0.014665380120277405, 0.044532660394907, -0.04777410626411438, 0.0016157478094100952, -0.006779015064239502, -0.0005945563316345215, 0.0020546093583106995, -0.002263173460960388, -0.0002525411546230316, 0.0008207857608795166, 6.42538070678711e-05, 0.00025919079780578613, -5.066394805908203e-07, -0.0004379749298095703]]}, "dipole": {"__ndarray__": [[3], "float32", [-0.15740899741649628, 3.604764223098755, -1.9869186878204346]]}}