{"forces": {"__ndarray__": [[29, 3], "float32", [0.0007686614990234375, 0.0020427703857421875, -0.005614519119262695, 0.004487335681915283, 0.006936103105545044, 0.00021529197692871094, 0.0006997585296630859, 0.0029735565185546875, 0.0018779784440994263, -0.003068089485168457, 0.001038670539855957, -0.002220451831817627, -0.0012976229190826416, -0.0014096200466156006, -0.0004029273986816406, 0.006333194673061371, 0.10187000036239624, -0.0026268959045410156, 0.043670639395713806, -0.2713733911514282, 0.02618458867073059, 0.011880170553922653, 0.05044831335544586, 0.005200713872909546, -0.015370666980743408, -0.002391636371612549, -0.0027787312865257263, -0.011228442192077637, 0.011572957038879395, -0.001971721649169922, 0.0070809125900268555, -0.002666950225830078, 0.0014463067054748535, -0.0008632540702819824, -0.002647995948791504, 0.001925349235534668, -0.001948714256286621, 0.0016111135482788086, -0.0002633333206176758, 0.0013055503368377686, 0.0002525597810745239, 8.344650268554688e-05, 0.0004430115222930908, -0.0011611077934503555, 0.0007879436016082764, -0.0013370141386985779, -0.001442253589630127, -0.0007499456405639648, 0.00019246339797973633, -0.00014963746070861816, 0.0009087175130844116, -0.0003234744071960449, -0.0006327033042907715, 0.00036098435521125793, -0.00039136409759521484, 0.0007529258728027344, 0.0012711882591247559, 0.006737053394317627, 0.0003059804439544678, 0.005763649940490723, -0.04393687844276428, 0.06233265995979309, -0.04656609892845154, -0.01790940761566162, 0.042584776878356934, 0.02484530210494995, 0.003115355968475342, 8.749961853027344e-05, -0.00306856632232666, 0.011066287755966187, 0.002477288246154785, -0.003756284713745117, 0.0002377927303314209, -0.001430697739124298, 0.000720098614692688, 5.841255187988281e-05, -0.001594454050064087, -7.092952728271484e-05, 0.000703275203704834, -2.5510787963867188e-05, -9.430944919586182e-05, -0.0007806345820426941, 0.00016707181930541992, -0.0005823969841003418, -0.00032445788383483887, -0.0005283057689666748, -0.0008244365453720093]]}, "dipole": {"__ndarray__": [[3], "float32", [-0.15037433803081512, 3.608788251876831, -1.9898567199707031]]}}