{"forces": {"__ndarray__": [[29, 3], "float32", [-0.0008291006088256836, 0.0009505152702331543, -0.001149892807006836, -0.0011244118213653564, 0.0006609559059143066, 0.0009454488754272461, 0.0006453990936279297, 0.013379335403442383, -0.003149554133415222, 0.01315317302942276, 0.036178380250930786, -0.058595478534698486, -0.00011235475540161133, -0.002472802996635437, 0.002163112163543701, -0.0013865455985069275, 2.530217170715332e-05, -0.0013150572776794434, 0.0016978979110717773, 0.0005692839622497559, 0.0006377100944519043, -0.00046351179480552673, -0.0008330885320901871, -0.0003678351640701294, -0.00039264559745788574, 3.6329030990600586e-05, 0.0007410123944282532, -0.0002142190933227539, 0.0016914606094360352, 0.0018997043371200562, 0.0017482638359069824, -0.0006895065307617188, -0.00021976232528686523, -0.0005391836166381836, -0.000956416130065918, 6.431341171264648e-05, -0.002011515200138092, 0.001944124698638916, -0.00020551681518554688, 0.003501318395137787, 0.0007322728633880615, -0.00036147236824035645, -0.005824178457260132, -0.04347570985555649, 0.06137275695800781, -0.00531851127743721, -0.009748280048370361, 0.004541158676147461, 0.0013266801834106445, 0.0028217434883117676, -0.0009778738021850586, -0.0009098649024963379, 0.0007102787494659424, 0.0013213269412517548, 0.0005928277969360352, -9.256601333618164e-05, -0.0009062588214874268, -0.0012591183185577393, -0.0001404881477355957, -0.0024278759956359863, -0.0022069215774536133, -0.0007132589817047119, -0.0036153644323349, -0.000567018985748291, 9.828805923461914e-05, 0.0005676746368408203, 0.0004836916923522949, -0.00016772747039794922, 0.0004456639289855957, -0.0007407069206237793, -2.1457672119140625e-05, 6.973743438720703e-05, -0.0004177689552307129, -0.0006712302565574646, 0.0001229662448167801, 0.0003692507743835449, 0.0004574209451675415, -0.0008470416069030762, 0.0005659162998199463, 0.000784747302532196, -0.00019051134586334229, -0.0006284713745117188, -0.0010822415351867676, 0.00021478533744812012, 0.0008612275123596191, 2.3752450942993164e-05, -0.0007780641317367554]]}, "dipole": {"__ndarray__": [[3], "float32", [-0.1541413813829422, 3.6082231998443604, -1.989696741104126]]}}