{
  "train_loss": [
    431.96688442230226,
    54.697764325141904,
    22.122884976863862,
    13.593952250480651,
    10.217434966564179,
    8.466452181339264,
    7.446442550420761,
    6.756797605752945,
    6.237902456521988,
    5.943248915672302
  ],
  "val_loss": [
    598.7918884277344,
    596.8609130859375,
    593.5914978027344,
    588.5735717773438,
    581.4166320800781,
    571.907080078125,
    559.9342651367188,
    545.5016967773438,
    528.838247680664,
    510.10007934570314
  ],
  "val_energy_mae": [
    9.93140926361084,
    9.917930603027344,
    9.896251487731934,
    9.862316703796386,
    9.811899757385254,
    9.74132843017578,
    9.647572994232178,
    9.528575992584228,
    9.384094142913819,
    9.213913631439208
  ],
  "val_forces_mae": [
    0.24166349917650223,
    0.24093180000782013,
    0.2395818278193474,
    0.23753211945295333,
    0.23479661643505095,
    0.2314564362168312,
    0.22746152728796004,
    0.2229338765144348,
    0.217945197224617,
    0.2124425306916237
  ],
  "val_dipole_mae": [
    0.25606778264045715,
    0.25615680664777757,
    0.256120839715004,
    0.2559876024723053,
    0.25578832179307937,
    0.2555271163582802,
    0.25520835518836976,
    0.25483783334493637,
    0.25441422015428544,
    0.2539351761341095
  ],
  "val_esp_mae": [
    0.01626540534198284,
    0.016028691083192825,
    0.01562691107392311,
    0.015147737227380276,
    0.014703936874866486,
    0.01443031057715416,
    0.014543034136295319,
    0.015303966589272022,
    0.016909722238779068,
    0.019280502572655678
  ],
  "epoch_times": [
    94.87204313278198,
    4.574923992156982,
    4.646850824356079,
    4.5482337474823,
    4.465197801589966,
    4.52742075920105,
    4.543006181716919,
    4.510262489318848,
    4.522493839263916,
    4.486016511917114
  ]
}