{
  "n_molecules": 50,
  "n_atoms": 500,
  "n_atoms_per_molecule": 10,
  "cutoff_params": {
    "ml_cutoff": 0.0010000000474974513,
    "mm_switch_on": 7.248701572418213,
    "mm_cutoff": 4.750025272369385
  },
  "cluster_file": "cluster_50molecules.xyz",
  "checkpoint_path": "/pchem-data/meuwly/boittier/home/ckpts/eq_acetone-a114f328-a678-4999-904a-ef8ff78a7eb1"
}