{
  "n_molecules": 50,
  "n_atoms": 500,
  "n_atoms_per_molecule": 10,
  "cutoff_params": {
    "ml_cutoff": 0.009999999776482582,
    "mm_switch_on": 8.100105285644531,
    "mm_cutoff": 2.900082588195801
  },
  "cluster_file": "cluster_50molecules.xyz",
  "checkpoint_path": "/pchem-data/meuwly/boittier/home/ckpts/eq_acetone-46a8cd1d-880c-427b-8c3f-c206c3b75a19"
}