{
  "train_loss": [
    562.1270011901855,
    294.9803804397583,
    65.09952871799469,
    29.355617332458497,
    18.345031583309172,
    13.717465555667877,
    11.700233626365662,
    10.11458991765976,
    9.342019319534302,
    8.487106627225875
  ],
  "val_loss": [
    648.6020080566407,
    616.5236328125,
    596.1515014648437,
    579.98134765625,
    564.5034240722656,
    549.7738586425781,
    533.3993988037109,
    514.5860534667969,
    493.4249206542969,
    470.7565399169922
  ],
  "val_energy_mae": [
    9.901119327545166,
    9.858097076416016,
    9.788954734802246,
    9.702355766296387,
    9.597564697265625,
    9.471981620788574,
    9.325094509124757,
    9.156434535980225,
    8.96569890975952,
    8.753184795379639
  ],
  "val_forces_mae": [
    0.2840565860271454,
    0.26487707644701003,
    0.25453032553195953,
    0.247136589884758,
    0.24119903445243834,
    0.23763991743326188,
    0.23439621329307556,
    0.23048624247312546,
    0.2258627399802208,
    0.22099867165088655
  ],
  "val_dipole_mae": [
    0.2736931085586548,
    0.2717371881008148,
    0.26951796412467954,
    0.26763333678245543,
    0.2661900132894516,
    0.26501237154006957,
    0.26405175775289536,
    0.2631727531552315,
    0.2623069554567337,
    0.2615034893155098
  ],
  "val_esp_mae": [
    0.016128379851579666,
    0.015928005799651146,
    0.015686476603150368,
    0.015414374880492687,
    0.015109210275113583,
    0.014750191010534763,
    0.014351250603795052,
    0.013965213671326637,
    0.013647228479385376,
    0.013445046730339527
  ],
  "epoch_times": [
    94.92834806442261,
    4.5580644607543945,
    4.5717315673828125,
    4.56180477142334,
    4.602822303771973,
    4.5893425941467285,
    4.637702703475952,
    4.568179607391357,
    4.592649221420288,
    4.5683441162109375
  ]
}