{
  "train_loss": [
    390.53258714675906,
    58.5184250831604,
    26.643376493453978,
    16.261673784255983,
    11.662753242254258,
    9.097662669420242,
    7.90185638666153,
    7.022536659240723,
    6.496641063690186,
    6.052233880758285
  ],
  "val_loss": [
    598.9435424804688,
    597.061669921875,
    593.6146118164063,
    588.26669921875,
    580.6343688964844,
    570.5314270019531,
    557.9144104003906,
    542.7036560058593,
    524.875033569336,
    504.6160186767578
  ],
  "val_energy_mae": [
    9.931349277496338,
    9.916200733184814,
    9.889491653442382,
    9.847891807556152,
    9.787897205352783,
    9.706646537780761,
    9.601720714569092,
    9.471579265594482,
    9.315454292297364,
    9.133648872375488
  ],
  "val_forces_mae": [
    0.24193156510591507,
    0.24149774461984636,
    0.2404714494943619,
    0.23874452263116835,
    0.23624270558357238,
    0.23303369134664537,
    0.22921400666236877,
    0.22476537972688676,
    0.21969669312238693,
    0.21409493684768677
  ],
  "val_dipole_mae": [
    0.2552844822406769,
    0.2548597976565361,
    0.25436234176158906,
    0.2537389725446701,
    0.25296643376350403,
    0.25208277255296707,
    0.25110430270433426,
    0.24999741166830064,
    0.24874204993247986,
    0.24737102389335633
  ],
  "val_esp_mae": [
    0.016362253576517105,
    0.01631840318441391,
    0.016259057447314262,
    0.01617773249745369,
    0.016069695353507996,
    0.015932748094201088,
    0.015764137730002403,
    0.015557157807052135,
    0.015309762209653854,
    0.015024182386696339
  ],
  "epoch_times": [
    97.5823302268982,
    4.55779504776001,
    4.691466808319092,
    4.581763505935669,
    4.57200026512146,
    4.686398029327393,
    4.709648609161377,
    4.928560018539429,
    4.707755088806152,
    4.673781871795654
  ]
}