{
  "train_loss": [
    431.2161729812622,
    55.100668692588805,
    22.38650050163269,
    13.857611787319183,
    10.268464344739915,
    8.278789275884629,
    7.37343470454216,
    6.760594987869263,
    6.39952837228775,
    6.061947238445282
  ],
  "val_loss": [
    598.5037292480469,
    596.55419921875,
    593.3280334472656,
    588.4183715820312,
    581.4367370605469,
    572.1441589355469,
    560.3948669433594,
    546.0176147460937,
    528.9289947509766,
    509.46234741210935
  ],
  "val_energy_mae": [
    9.931394672393798,
    9.91794662475586,
    9.896494007110595,
    9.86331901550293,
    9.814526748657226,
    9.74612979888916,
    9.655189704895019,
    9.539713191986085,
    9.398628330230713,
    9.232089805603028
  ],
  "val_forces_mae": [
    0.24166115373373032,
    0.24092313945293425,
    0.23955552130937577,
    0.23748313188552855,
    0.23472474813461303,
    0.23138515204191207,
    0.22748373150825502,
    0.22301034927368163,
    0.21777766048908234,
    0.2121652290225029
  ],
  "val_dipole_mae": [
    0.2560674175620079,
    0.25617726892232895,
    0.25618284195661545,
    0.25610668808221815,
    0.25595881044864655,
    0.2557423412799835,
    0.2554503813385963,
    0.2550825759768486,
    0.25463745594024656,
    0.25411498099565505
  ],
  "val_esp_mae": [
    0.015357988886535168,
    0.015040193684399128,
    0.01470987405627966,
    0.014372858218848705,
    0.014032903127372265,
    0.013693539425730705,
    0.013358013704419136,
    0.013029305264353752,
    0.012709356844425201,
    0.012399913743138313
  ],
  "epoch_times": [
    23.32998824119568,
    3.6631617546081543,
    3.7004404067993164,
    3.7336883544921875,
    3.7170073986053467,
    3.718947410583496,
    3.710179328918457,
    3.7458651065826416,
    3.7495381832122803,
    3.7235586643218994
  ]
}