{
  "mae": 0.16495062410831451,
  "rmse": 0.24452997744083405,
  "r2": 0.998714804649353,
  "mean_error": -0.07611396163702011,
  "std_error": 0.2323823720216751,
  "max_abs_error": 1.9548110961914062,
  "mae_kcal_mol": 3.803819179534912,
  "rmse_kcal_mol": 5.638947010040283,
  "mean_error_kcal_mol": -1.7552145719528198,
  "std_error_kcal_mol": 5.358819007873535,
  "max_abs_error_kcal_mol": 45.07862854003906,
  "mae_overall": 0.01861318200826645,
  "rmse_overall": 0.025698209181427956,
  "r2_overall": 0.9649785161018372,
  "r_overall": 0.9823627369865388,
  "mae_x": 0.01879316195845604,
  "mae_y": 0.01871565915644169,
  "mae_z": 0.018330717459321022,
  "r2_x": 0.9643928408622742,
  "r2_y": 0.9668104648590088,
  "r2_z": 0.9636263251304626,
  "mae_components": [
    0.30617159605026245,
    0.303298681974411,
    0.3055398166179657
  ],
  "mae_magnitude": 0.018764443695545197,
  "rmse_magnitude": 0.02728406712412834,
  "r2_magnitude": 0.9481173753738403,
  "mae_overall_kcal_mol_ang": 7.033484935760498,
  "rmse_overall_kcal_mol_ang": 11.468705177307129,
  "mae_x_kcal_mol_ang": 7.060424327850342,
  "mae_y_kcal_mol_ang": 6.994174003601074,
  "mae_z_kcal_mol_ang": 7.0458550453186035,
  "mae_magnitude_kcal_mol_ang": 9.146332740783691,
  "rmse_magnitude_kcal_mol_ang": 15.071197509765625,
  "r": 0.9993601440384002,
  "mae_overall_debye": 0.01861318200826645,
  "rmse_overall_debye": 0.025698209181427956,
  "mae_x_debye": 0.01879316195845604,
  "mae_y_debye": 0.01871565915644169,
  "mae_z_debye": 0.018330717459321022,
  "mae_magnitude_debye": 0.018764443695545197,
  "rmse_magnitude_debye": 0.02728406712412834
}