{
  "mae": 0.05892843008041382,
  "rmse": 0.07375376671552658,
  "r2": 0.9994184970855713,
  "mean_error": 0.005776639096438885,
  "std_error": 0.07352719455957413,
  "max_abs_error": 0.31575775146484375,
  "mae_kcal_mol": 1.3589102029800415,
  "rmse_kcal_mol": 1.7007876634597778,
  "mean_error_kcal_mol": 0.13321131467819214,
  "std_error_kcal_mol": 1.6955628395080566,
  "max_abs_error_kcal_mol": 7.281484603881836,
  "mae_overall": 0.04856661334633827,
  "rmse_overall": 0.06620150059461594,
  "r2_overall": -2.978577136993408,
  "r_overall": -0.9913030155078509,
  "mae_x": 0.0421513095498085,
  "mae_y": 0.0501619353890419,
  "mae_z": 0.053386591374874115,
  "r2_x": -2.982086420059204,
  "r2_y": -2.9922430515289307,
  "r2_z": -2.945906162261963,
  "mae_components": [
    0.022767988964915276,
    0.022401588037610054,
    0.019543979316949844
  ],
  "mae_magnitude": 0.048958659172058105,
  "rmse_magnitude": 0.06285510212182999,
  "r2_magnitude": 0.9827021360397339,
  "mae_overall_kcal_mol_ang": 0.49743908643722534,
  "rmse_overall_kcal_mol_ang": 0.7533241510391235,
  "mae_x_kcal_mol_ang": 0.5250378251075745,
  "mae_y_kcal_mol_ang": 0.5165884494781494,
  "mae_z_kcal_mol_ang": 0.45069101452827454,
  "mae_magnitude_kcal_mol_ang": 0.03933161124587059,
  "rmse_magnitude_kcal_mol_ang": 0.05349605157971382,
  "r": 0.9997212517278863,
  "mae_overall_debye": 0.04856661334633827,
  "rmse_overall_debye": 0.06620150059461594,
  "mae_x_debye": 0.0421513095498085,
  "mae_y_debye": 0.0501619353890419,
  "mae_z_debye": 0.053386591374874115,
  "mae_magnitude_debye": 0.048958659172058105,
  "rmse_magnitude_debye": 0.06285510212182999
}