scale,cc_path,mesh_path,n_cc,n_mesh,js_pca2d,kl_pca2d_ab,kl_pca2d_ba,mmd_rbf,w1_pca_dim0,w1_pca_dim1,n_subsample
1.0,/home/ericb/mmml/mmml/generate/sample/benchmark_out/cc_scale_1.000.xyz,/home/ericb/mmml/mmml/generate/sample/benchmark_out/mesh_scale_1.000.xyz,500,500,0.913670208065877,40.93974229847198,36.58675941277998,0.20814415084410687,7.060155416757988,20.722926257687757,500.0
1.2,/home/ericb/mmml/mmml/generate/sample/benchmark_out/cc_scale_1.200.xyz,/home/ericb/mmml/mmml/generate/sample/benchmark_out/mesh_scale_1.200.xyz,500,500,0.8432486866121736,37.19369971072591,30.760113514129905,0.18256166963188014,6.703361710861682,19.313240818793084,500.0
1.4,/home/ericb/mmml/mmml/generate/sample/benchmark_out/cc_scale_1.400.xyz,/home/ericb/mmml/mmml/generate/sample/benchmark_out/mesh_scale_1.400.xyz,500,500,0.8294413624335406,35.224991188777025,35.426603013044016,0.17836893514099073,5.126441325328817,19.091615953184128,500.0
1.5,/home/ericb/mmml/mmml/generate/sample/benchmark_out/cc_scale_1.500.xyz,/home/ericb/mmml/mmml/generate/sample/benchmark_out/mesh_scale_1.500.xyz,500,500,0.7877634347793974,35.82044783770184,28.42753064712626,0.17533909898080036,5.266391064356128,19.588205911155264,500.0
2.0,/home/ericb/mmml/mmml/generate/sample/benchmark_out/cc_scale_2.000.xyz,/home/ericb/mmml/mmml/generate/sample/benchmark_out/mesh_scale_2.000.xyz,500,500,0.8000289056698799,35.528638709324916,31.968132886007044,0.15276175161480166,3.5887717272655038,17.81856685783741,500.0
