{
  "mae": 0.4463336169719696,
  "rmse": 0.6091706156730652,
  "r2": 0.3839637041091919,
  "mean_error": -0.02845068834722042,
  "std_error": 0.60850590467453,
  "max_abs_error": 3.7236557006835938,
  "mae_kcal_mol": 10.292609214782715,
  "rmse_kcal_mol": 14.047687530517578,
  "mean_error_kcal_mol": -0.6560828685760498,
  "std_error_kcal_mol": 14.03235912322998,
  "max_abs_error_kcal_mol": 85.86880493164062,
  "mae_overall": 0.35826608538627625,
  "rmse_overall": 0.5746712684631348,
  "r2_overall": 0.9031966924667358,
  "r_overall": 0.9505035366627097,
  "mae_x": 0.3623044490814209,
  "mae_y": 0.3643921911716461,
  "mae_z": 0.3481016159057617,
  "r2_x": 0.904370903968811,
  "r2_y": 0.9046199917793274,
  "r2_z": 0.9005509614944458,
  "mae_components": [
    0.5225797891616821,
    0.5258068442344666,
    0.5204768180847168
  ],
  "mae_magnitude": 0.3770838975906372,
  "rmse_magnitude": 0.6134732961654663,
  "r2_magnitude": 0.8700755834579468,
  "mae_overall_kcal_mol_ang": 12.059513092041016,
  "rmse_overall_kcal_mol_ang": 19.06743812561035,
  "mae_x_kcal_mol_ang": 12.050872802734375,
  "mae_y_kcal_mol_ang": 12.125289916992188,
  "mae_z_kcal_mol_ang": 12.0023775100708,
  "mae_magnitude_kcal_mol_ang": 15.161426544189453,
  "rmse_magnitude_kcal_mol_ang": 23.84966468811035,
  "r": 0.620120064167253,
  "mae_overall_debye": 0.35826608538627625,
  "rmse_overall_debye": 0.5746712684631348,
  "mae_x_debye": 0.3623044490814209,
  "mae_y_debye": 0.3643921911716461,
  "mae_z_debye": 0.3481016159057617,
  "mae_magnitude_debye": 0.3770838975906372,
  "rmse_magnitude_debye": 0.6134732961654663
}