{
  "dcmnet": {
    "name": "DCMNet (Equivariant)",
    "training_time": 701.6878216266632,
    "inference_time": 1.0517690515518188,
    "memory_usage_mb": 0.0,
    "num_parameters": 324004,
    "val_energy_mae": 0.06588422516360878,
    "val_forces_mae": 0.004331665369682014,
    "val_dipole_mae": 0.045631603617221114,
    "val_esp_mae": 0.0043726032599806786,
    "rotation_error_dipole": 0.00023094175504709087,
    "rotation_error_esp": 3.5735931305680424e-05,
    "translation_error_dipole": 3.0572532523365226e-06,
    "translation_error_esp": 6.128664722382382e-07
  },
  "noneq": {
    "name": "Non-Equivariant",
    "training_time": 506.91051864624023,
    "inference_time": 0.5772163152694703,
    "memory_usage_mb": 0.0,
    "num_parameters": 121954,
    "val_energy_mae": 0.07174820201471448,
    "val_forces_mae": 0.004053695127367973,
    "val_dipole_mae": 0.03939225650392473,
    "val_esp_mae": 0.003746908623725176,
    "rotation_error_dipole": 0.09210445963976009,
    "rotation_error_esp": 0.0049069346860051155,
    "translation_error_dipole": 3.6153993278276175e-05,
    "translation_error_esp": 3.909430233761668e-06
  },
  "args": {
    "train_efd": "energies_forces_dipoles_train.npz",
    "train_esp": "grids_esp_train.npz",
    "valid_efd": "energies_forces_dipoles_valid.npz",
    "valid_esp": "grids_esp_valid.npz",
    "epochs": 100,
    "batch_size": 25,
    "seed": 42,
    "physnet_features": 64,
    "dcmnet_features": 128,
    "n_dcm": 3,
    "comparison_name": "test2.100.25",
    "output_dir": "comparisons",
    "skip_training": false,
    "equivariance_samples": 20
  }
}