{
  "mae": 0.4460790455341339,
  "rmse": 0.6160756349563599,
  "r2": 0.47571104764938354,
  "mean_error": -0.008029073476791382,
  "std_error": 0.6160233020782471,
  "max_abs_error": 3.8475494384765625,
  "mae_kcal_mol": 10.286739349365234,
  "rmse_kcal_mol": 14.20691967010498,
  "mean_error_kcal_mol": -0.18515324592590332,
  "std_error_kcal_mol": 14.205713272094727,
  "max_abs_error_kcal_mol": 88.72583770751953,
  "mae_overall": 0.3533424139022827,
  "rmse_overall": 0.5757961273193359,
  "r2_overall": 0.9001917243003845,
  "r_overall": 0.9489269776705472,
  "mae_x": 0.35737180709838867,
  "mae_y": 0.3518091142177582,
  "mae_z": 0.3508462905883789,
  "r2_x": 0.902389645576477,
  "r2_y": 0.9005478620529175,
  "r2_z": 0.8975381851196289,
  "mae_components": [
    0.532651960849762,
    0.5317642688751221,
    0.5309543013572693
  ],
  "mae_magnitude": 0.3782181441783905,
  "rmse_magnitude": 0.6132057309150696,
  "r2_magnitude": 0.8658201694488525,
  "mae_overall_kcal_mol_ang": 12.263266563415527,
  "rmse_overall_kcal_mol_ang": 19.361122131347656,
  "mae_x_kcal_mol_ang": 12.283141136169434,
  "mae_y_kcal_mol_ang": 12.262670516967773,
  "mae_z_kcal_mol_ang": 12.24399185180664,
  "mae_magnitude_kcal_mol_ang": 15.502985000610352,
  "rmse_magnitude_kcal_mol_ang": 24.23708724975586,
  "r": 0.6898736519337711,
  "mae_overall_debye": 0.3533424139022827,
  "rmse_overall_debye": 0.5757961273193359,
  "mae_x_debye": 0.35737180709838867,
  "mae_y_debye": 0.3518091142177582,
  "mae_z_debye": 0.3508462905883789,
  "mae_magnitude_debye": 0.3782181441783905,
  "rmse_magnitude_debye": 0.6132057309150696
}