{
  "train_loss": [
    429.94115142822267,
    58.91043839454651,
    21.761345863342285,
    14.565425205230714,
    11.432328701019287,
    9.665673488378525,
    8.684740829467774,
    7.756446480751038,
    7.462713450193405,
    6.929676753282547
  ],
  "val_loss": [
    598.450341796875,
    595.8855773925782,
    591.8011047363282,
    585.6365234375,
    577.1118408203125,
    566.2117858886719,
    552.9887268066407,
    537.2695983886719,
    519.1727355957031,
    498.9629211425781
  ],
  "val_energy_mae": [
    9.926904296875,
    9.907644462585449,
    9.880780792236328,
    9.842866516113281,
    9.789920043945312,
    9.718110179901123,
    9.62466459274292,
    9.50801420211792,
    9.367384338378907,
    9.201974868774414
  ],
  "val_forces_mae": [
    0.24174333810806276,
    0.24111306816339492,
    0.23965241760015488,
    0.23721419870853425,
    0.2336651414632797,
    0.22941960990428925,
    0.22471195459365845,
    0.2193300023674965,
    0.21316356509923934,
    0.20647444278001786
  ],
  "val_dipole_mae": [
    0.25651228576898577,
    0.2567276835441589,
    0.25696287155151365,
    0.2572569206357002,
    0.2575893923640251,
    0.25792538523674013,
    0.2581840828061104,
    0.2583353787660599,
    0.25835721343755724,
    0.25824790447950363
  ],
  "val_esp_mae": [
    0.016336960718035698,
    0.01597321592271328,
    0.015620394609868526,
    0.015266742557287216,
    0.014907293021678925,
    0.014546792022883892,
    0.014183281920850277,
    0.013820051215589046,
    0.013460838235914707,
    0.013106399215757847
  ],
  "epoch_times": [
    21.14923644065857,
    3.4372611045837402,
    3.4314913749694824,
    3.440986156463623,
    3.4081132411956787,
    3.427647829055786,
    3.4199507236480713,
    3.4278385639190674,
    3.436819076538086,
    3.405653715133667
  ]
}