{
  "train_loss": [
    485.6422458648682,
    75.09386816024781,
    17.785451459884644,
    11.434420692920686,
    8.67857821583748,
    7.4428729057312015,
    6.744768446683883,
    6.144355124235153,
    5.86484723687172,
    5.541570830345154,
    5.382677537202835,
    5.251376986503601,
    5.308737933635712,
    5.035626727342605,
    4.911434757709503,
    4.881244671344757,
    4.76618270277977,
    4.603378230333329,
    4.621193420886994,
    4.697266316413879,
    4.49053053855896,
    4.414136135578156,
    4.327112370729447,
    4.337854069471359,
    4.354139745235443,
    4.27547177374363,
    4.05989148914814,
    4.115347135066986,
    4.141233047842979,
    3.8827610433101656,
    3.8448104918003083,
    3.911876529455185,
    3.7994287699460982,
    3.707039102911949,
    3.6360915184020994,
    3.402280423045158,
    3.3535121262073515,
    3.2967333614826204,
    3.224118101596832,
    3.0668638408184052,
    3.053661435842514,
    2.995392581820488,
    3.1559053122997285,
    2.9220064133405685,
    2.6657241702079775,
    2.627698373794556,
    2.5994040697813032,
    2.422160843014717,
    2.3757018119096758,
    2.357408639788628
  ],
  "val_loss": [
    599.0940795898438,
    595.8079345703125,
    590.6299133300781,
    583.4348999023438,
    574.109326171875,
    562.3678283691406,
    548.1216796875,
    531.4482147216797,
    512.6157073974609,
    492.21111450195315,
    470.45440368652345,
    447.5470245361328,
    423.8357727050781,
    399.58729858398436,
    375.0154174804687,
    350.2460540771484,
    325.72426452636716,
    301.659619140625,
    278.2968292236328,
    255.7116928100586,
    234.02252502441405,
    213.48389282226563,
    194.06490936279297,
    175.78195190429688,
    158.76085968017577,
    143.06405029296874,
    128.53075103759767,
    115.20882034301758,
    103.07781219482422,
    91.9343505859375,
    81.86161041259766,
    72.7866310119629,
    64.61502723693847,
    57.280219650268556,
    50.73013610839844,
    44.90647087097168,
    39.699285888671874,
    35.095591354370114,
    30.9951171875,
    27.38767433166504,
    24.185714721679688,
    21.360947036743163,
    18.876086807250978,
    16.721892833709717,
    14.806119251251221,
    13.157546329498292,
    11.670961856842041,
    10.394642448425293,
    9.271204853057862,
    8.320721960067749
  ],
  "val_energy_mae": [
    9.921734619140626,
    9.89302568435669,
    9.851876068115235,
    9.794439506530761,
    9.718328285217286,
    9.621416282653808,
    9.502097415924073,
    9.359692001342774,
    9.19361515045166,
    9.004644012451172,
    8.793362903594971,
    8.561363410949706,
    8.311274242401122,
    8.045728731155396,
    7.766614151000977,
    7.475230312347412,
    7.176672172546387,
    6.872966575622558,
    6.5662548542022705,
    6.258859348297119,
    5.952917146682739,
    5.65070219039917,
    5.354939413070679,
    5.063390493392944,
    4.780528974533081,
    4.5065192699432375,
    4.2423731803894045,
    3.9871586084365847,
    3.7436717748641968,
    3.509098505973816,
    3.2854187726974486,
    3.0729262113571165,
    2.8701313018798826,
    2.6777374744415283,
    2.4960862159729005,
    2.325762891769409,
    2.162657928466797,
    2.0100435972213746,
    1.8651658415794372,
    1.7309775829315186,
    1.6056812405586243,
    1.4862545728683472,
    1.3743129134178163,
    1.2703656911849976,
    1.1717467069625855,
    1.0801560282707214,
    0.9919491171836853,
    0.9121753633022308,
    0.8391684591770172,
    0.7711880028247833
  ],
  "val_forces_mae": [
    0.24248698353767395,
    0.24253381490707399,
    0.2418385311961174,
    0.24060906767845153,
    0.23865914046764375,
    0.23595710694789887,
    0.23257114589214326,
    0.22845699936151503,
    0.22378838509321214,
    0.21875955462455748,
    0.21336563378572465,
    0.20754448026418687,
    0.2013598769903183,
    0.19479255080223085,
    0.18789439648389816,
    0.18074640184640883,
    0.17340257167816162,
    0.16598109602928163,
    0.15868680328130721,
    0.15149665623903275,
    0.14428862184286118,
    0.13725877553224564,
    0.13012166917324067,
    0.12343408018350602,
    0.1167883351445198,
    0.11055307686328888,
    0.10437794104218483,
    0.09866188243031501,
    0.09300456866621971,
    0.08768388479948044,
    0.08264670222997665,
    0.07789512425661087,
    0.0734301321208477,
    0.06938907876610756,
    0.06552508398890496,
    0.06192900687456131,
    0.058655024692416194,
    0.055591468885540965,
    0.05273455157876015,
    0.050130142271518706,
    0.04759578965604305,
    0.04521796964108944,
    0.04321134947240353,
    0.04133816994726658,
    0.039570277556777,
    0.03809152580797672,
    0.036470791324973106,
    0.03506096303462982,
    0.033721279725432395,
    0.032461396604776385
  ],
  "val_dipole_mae": [
    0.254327355325222,
    0.25332521796226504,
    0.2521789938211441,
    0.2509118735790253,
    0.2496478646993637,
    0.24851108342409134,
    0.24755941778421403,
    0.24679772257804872,
    0.24619351476430892,
    0.24577252119779586,
    0.24549342393875123,
    0.24531953036785126,
    0.2452396497130394,
    0.2452021434903145,
    0.24520427882671356,
    0.2451955184340477,
    0.24518580585718155,
    0.24512365758419036,
    0.2450443372130394,
    0.2449000969529152,
    0.24470941126346588,
    0.24444705247879028,
    0.24411239773035048,
    0.24371966272592543,
    0.24321955144405366,
    0.24259886741638184,
    0.2418928861618042,
    0.24106447845697404,
    0.2401205286383629,
    0.23905271738767625,
    0.23783216029405593,
    0.23651602268218994,
    0.23508228212594987,
    0.23355490565299988,
    0.23187465369701385,
    0.23010025471448897,
    0.22817523330450057,
    0.22617134153842927,
    0.22407326847314835,
    0.22188584357500077,
    0.21962328851222992,
    0.217287877202034,
    0.21491095572710037,
    0.21251181960105897,
    0.21001720428466797,
    0.20744809806346892,
    0.20482021570205688,
    0.20212479531764985,
    0.199436017870903,
    0.19683374613523483
  ],
  "val_esp_mae": [
    0.016733692958950996,
    0.016385961323976517,
    0.01585719920694828,
    0.015275695361196995,
    0.014743003062903881,
    0.014358625747263432,
    0.014243216253817081,
    0.014571843668818474,
    0.015608984045684338,
    0.017544426023960114,
    0.02026296593248844,
    0.023409612476825714,
    0.026638658717274666,
    0.029804447665810585,
    0.03275078535079956,
    0.03536524623632431,
    0.03764829784631729,
    0.03952012211084366,
    0.04102235287427902,
    0.042092181742191315,
    0.042817167937755585,
    0.043229080736637115,
    0.04333225265145302,
    0.043097034096717834,
    0.04264865815639496,
    0.0420147068798542,
    0.0411573089659214,
    0.04016101732850075,
    0.039071328938007355,
    0.03781520947813988,
    0.036498866975307465,
    0.03514278680086136,
    0.03378201648592949,
    0.03234831988811493,
    0.030940629541873932,
    0.029522377997636795,
    0.028135010972619057,
    0.026765380054712296,
    0.025444084778428078,
    0.024113530293107033,
    0.02277935855090618,
    0.021575896069407463,
    0.020361222326755524,
    0.019241388887166977,
    0.0181821770966053,
    0.017173776403069496,
    0.01623375713825226,
    0.015325524844229221,
    0.01441198866814375,
    0.013637729920446873
  ],