{
  "train_loss": [
    230.84668422341346,
    17.346123526990414,
    10.04787895232439,
    7.648459739983082,
    6.524652606248855,
    6.074199748039246,
    5.558573111146688,
    5.531854185461998,
    4.946437418460846,
    5.146534275263548,
    4.5373751692473885,
    4.495706380158663,
    4.588551057130099,
    4.425759965181351,
    3.845754995942116,
    3.57118473649025,
    3.698997635394335,
    3.7587008133530615,
    2.789824705570936,
    2.660994949564338,
    2.469754825532436,
    2.5284943886101248,
    2.375527872517705,
    1.9126465443521738,
    1.8918946228921414,
    1.8652777079492808,
    1.8239366360008717,
    1.5441741932183504,
    1.3633082097396254,
    1.5288121558725833,
    1.3823193410411476,
    1.4074020048603415,
    1.5908126739785076,
    1.0111700795590877,
    1.4948985781520605,
    1.1606549320742487,
    1.0240092042833566,
    0.9485624177381397,
    1.2595460282638669,
    0.9176890395581723,
    0.8009302187711,
    0.9289786938577891,
    0.819251533318311,
    1.0682457512244583,
    1.0801355227828027,
    0.7518336527049542,
    0.8479850591160357,
    0.8875792661681772,
    0.7292514057829976,
    1.0880661910399794,
    0.8400204424746335,
    0.7645371743477881,
    0.6710914976894855,
    0.6150062802247703,
    0.6490208602510392,
    0.8350558187812567,
    0.7294221223331988,
    1.092615050636232,
    1.4838083025068045,
    0.8892441626638175,
    0.5783220272511244,
    0.5395848057232797,
    0.5417348567396403,
    0.6104775881394744,
    0.5565613161772489,
    0.6053431917913258,
    0.5917117851786315,
    0.5779295703396201,
    0.5989032609388232,
    0.5842398100532591,
    0.4974200680851936,
    0.49666364304721355,
    0.7600104724057019,
    0.7196777692995966,
    0.4771646878682077,
    0.48556618569418786,
    0.5305537277832627,
    0.5218538559041918,
    0.4803454536013305,
    0.5059551859274507,
    0.5211402538232506,
    0.4953003914095461,
    0.5473554784432053,
    0.5099645295180381,
    0.5015050562098622,
    0.5069683423265815,
    0.49040945833548905,
    0.6085544482804834,
    0.5811869069933892,
    0.44443045407533643,
    0.4226717988029122,
    0.46489458084106444,
    0.4303881655447185,
    0.4743439363315701,
    0.45903078056871893,
    0.49399394607171415,
    0.6514048249460757,
    0.40360070606693627,
    0.402042247261852,
    0.422889887355268
  ],
  "val_loss": [
    584.6903564453125,
    531.915071105957,
    443.0064811706543,
    341.8087043762207,
    247.96105346679687,
    170.29102325439453,
    111.87764358520508,
    70.98253774642944,
    44.13835153579712,
    27.43391056060791,
    17.283957386016844,
    11.386402440071105,
    8.099177420139313,
    6.026928973197937,
    4.831684929132462,
    4.048538249731064,
    3.523473882675171,
    3.289023870229721,
    3.0210180938243867,
    2.7895772635936735,
    2.5486383855342867,
    2.3157593995332717,
    2.078311887383461,
    2.015754848718643,
    1.921323961019516,
    1.7398651450872422,
    1.547395122051239,
    1.3951679363846778,
    1.2703119173645974,
    1.1819794788956641,
    1.1312448397278785,
    1.174505576491356,
    1.0652191400527955,
    1.0371160238981247,
    1.0063665226101874,
    1.0411601200699807,
    0.9640561208128929,
    0.8933878675103187,
    0.8281404182314873,
    0.7760068267583847,
    0.7215792775154114,
    0.6830226376652717,
    0.6647838339209556,
    0.6437164798378945,
    0.7707062140107155,
    0.8416194453835487,
    0.7807489216327668,
    0.6855143710970879,
    0.6034921132028103,
    0.5886188499629498,
    0.5704842209815979,
    0.5892259895801544,
    0.5487809516489506,
    0.5125420942902565,
    0.4858589738607407,
    0.5189626216888428,
    0.5448581255972386,
    0.6430360570549964,
    0.8363434001803398,
    0.8454135775566101,
    0.712392444908619,
    0.60134332254529,
    0.5340343810617924,
    0.48402644842863085,
    0.4847535535693169,
    0.477281241863966,
    0.4966623365879059,
    0.5539632230997086,
    0.5311538204550743,
    0.44939393997192384,
    0.4089957013726234,
    0.39788937047123907,
    0.42015708312392236,
    0.5105045847594738,
    0.5026225462555886,
    0.47664635851979253,
    0.4442781075835228,
    0.4050688534975052,
    0.4035914368927479,
    0.41384926736354827,
    0.39532490745186805,
    0.3763792686164379,
    0.3676361866295338,
    0.3641989827156067,
    0.358317905664444,
    0.3548989608883858,
    0.35312672704458237,
    0.3562107555568218,
    0.3584680773317814,
    0.35541845560073854,
    0.35168426260352137,
    0.3485225155949593,
    0.3452027477324009,
    0.34318063259124754,
    0.34234982207417486,
    0.34485728293657303,
    0.36312285512685777,
    0.36488756686449053,
    0.35027152448892596,
    0.34193483740091324
  ],
  "val_energy_mae": [
    9.796868777275085,
    9.343610501289367,
    8.512782657146454,
    7.407053673267365,
    6.192801439762116,
    5.0103765487670895,
    3.951405441761017,
    3.0553749203681946,
    2.3247940480709075,
    1.7471174955368043,
    1.2981969445943833,
    0.9552602306008339,
    0.7095279484987259,
    0.5402058303356171,
    0.43069426342844963,
    0.36500714272260665,
    0.32956131026148794,
    0.3062618974596262,
    0.2819488987326622,
    0.2603411264717579,
    0.23879148550331591,
    0.2194430034607649,
    0.20203603878617288,
    0.19064840339124203,
    0.1735448308289051,
    0.1572797391563654,
    0.14592959638684988,
    0.13663919921964407,
    0.12841417249292136,
    0.125509138032794,
    0.12432628609240055,
    0.125636363402009,
    0.12911701947450638,
    0.12173996660858392,
    0.12454019896686078,
    0.12332186438143253,
    0.12001204900443554,
    0.11395442429929972,
    0.11720905173569918,
    0.114127391949296,
    0.10890932772308588,
    0.10467092394828796,
    0.10171944573521614,
    0.10460275392979383,
    0.1127614127472043,
    0.10877950675785542,
    0.10201206598430872,
    0.10058840736746788,
    0.09476593798026442,
    0.09335289588198066,
    0.09271667851135135,
    0.09077297346666455,
    0.0875597826205194,
    0.08458177233114839,
    0.08214389281347394,
    0.0837301773019135,
    0.08524335054680705,
    0.0966950012370944,
    0.11614930406212806,
    0.12143309358507395,
    0.11145774163305759,
    0.10078355446457862,
    0.09330030903220177,
    0.08834919966757297,
    0.08616390936076641,
    0.08661559820175171,
    0.0852200597524643,
    0.08377379747107624,
    0.08251348230987787,
    0.08127715894952417,
    0.07951363176107407,
    0.0779660596512258,
    0.08227800205349922,
    0.08472284730523824,
    0.08305026609450579,
    0.08209373159334063,
    0.08152614394202828,
    0.07916103946045042,
    0.0776389199309051,
    0.07661629673093558,
    0.0754713418893516,
    0.0742041571997106,
    0.07379323802888393,
    0.0732824807986617,
    0.07243943931534887,
    0.07199686989188195,
    0.07158595761284232,
    0.07228125575929881,
    0.07239339128136635,
    0.07180734528228641,
    0.07108679125085474,
    0.0700016281567514,
    0.0693675646558404,
    0.0689092643558979,
    0.06819729637354613,
    0.06758782910183073,
    0.06914315791800618,
    0.06796000571921468,
    0.06696950709447265,
    0.06588422516360878
  ],