{
  "mae": 0.4463135302066803,
  "rmse": 0.6091575026512146,
  "r2": 0.48337435722351074,
  "mean_error": -0.028463214635849,
  "std_error": 0.6084921360015869,
  "max_abs_error": 3.7227554321289062,
  "mae_kcal_mol": 10.292146682739258,
  "rmse_kcal_mol": 14.047385215759277,
  "mean_error_kcal_mol": -0.6563717126846313,
  "std_error_kcal_mol": 14.032041549682617,
  "max_abs_error_kcal_mol": 85.8480453491211,
  "mae_overall": 0.35614442825317383,
  "rmse_overall": 0.5746670365333557,
  "r2_overall": 0.9031952619552612,
  "r_overall": 0.9505027591831922,
  "mae_x": 0.3600670397281647,
  "mae_y": 0.35897085070610046,
  "mae_z": 0.34939542412757874,
  "r2_x": 0.9059245586395264,
  "r2_y": 0.9031068086624146,
  "r2_z": 0.900415301322937,
  "mae_components": [
    0.5242413282394409,
    0.5259342789649963,
    0.5203689932823181
  ],
  "mae_magnitude": 0.3770813047885895,
  "rmse_magnitude": 0.6134747266769409,
  "r2_magnitude": 0.8700737357139587,
  "mae_overall_kcal_mol_ang": 12.072436332702637,
  "rmse_overall_kcal_mol_ang": 19.06757926940918,
  "mae_x_kcal_mol_ang": 12.089188575744629,
  "mae_y_kcal_mol_ang": 12.128229141235352,
  "mae_z_kcal_mol_ang": 11.99989128112793,
  "mae_magnitude_kcal_mol_ang": 15.161587715148926,
  "rmse_magnitude_kcal_mol_ang": 23.84983253479004,
  "r": 0.695543844444982,
  "mae_overall_debye": 0.35614442825317383,
  "rmse_overall_debye": 0.5746670365333557,
  "mae_x_debye": 0.3600670397281647,
  "mae_y_debye": 0.35897085070610046,
  "mae_z_debye": 0.34939542412757874,
  "mae_magnitude_debye": 0.3770813047885895,
  "rmse_magnitude_debye": 0.6134747266769409
}