{
  "train_loss": [
    376.8659243583679,
    45.09411153793335,
    22.370622360706328,
    15.266309511661529,
    11.698073863983154,
    9.904532116651534,
    8.679344218969344,
    7.699740451574326,
    7.100808829069138,
    6.581823474168777
  ],
  "val_loss": [
    600.6441162109375,
    598.8967468261719,
    596.1228942871094,
    591.9964233398438,
    586.1640014648438,
    578.2427429199219,
    567.9523498535157,
    555.2069702148438,
    539.8116271972656,
    521.899951171875
  ],
  "val_energy_mae": [
    9.932228946685791,
    9.920886325836182,
    9.901603317260742,
    9.870909500122071,
    9.82491397857666,
    9.760147666931152,
    9.673404884338378,
    9.56303653717041,
    9.427852249145507,
    9.26762523651123
  ],
  "val_forces_mae": [
    0.2417283073067665,
    0.24130899906158448,
    0.2405276209115982,
    0.2393856331706047,
    0.23784091472625732,
    0.2358747124671936,
    0.23348395079374312,
    0.23065155297517775,
    0.227219919860363,
    0.2232104018330574
  ],
  "val_dipole_mae": [
    0.25621973276138305,
    0.2560529425740242,
    0.2558849021792412,
    0.25570673048496245,
    0.25550493150949477,
    0.2552743047475815,
    0.2550082355737686,
    0.25469519942998886,
    0.2543223828077316,
    0.2538884922862053
  ],
  "val_esp_mae": [
    0.020934680476784706,
    0.020255882292985916,
    0.01963278278708458,
    0.01901170238852501,
    0.018401890993118286,
    0.01779993064701557,
    0.017209453508257866,
    0.016628364101052284,
    0.016062380746006966,
    0.015511436387896538
  ],
  "epoch_times": [
    22.592251300811768,
    3.5843870639801025,
    3.646042585372925,
    3.6314985752105713,
    3.5930075645446777,
    3.6293203830718994,
    3.6725246906280518,
    3.6846461296081543,
    3.675909996032715,
    3.6700174808502197
  ]
}