{
  "train_loss": [
    578.9077453613281,
    526.9815292358398,
    447.01599884033203,
    345.93384170532227,
    257.0203170776367,
    189.19696617126465,
    148.70458030700684,
    114.93279647827148,
    80.24277591705322,
    45.05861568450928,
    22.335206031799316,
    14.280967712402344,
    11.31786823272705,
    9.758121490478516,
    8.828638195991516,
    8.155254185199738,
    7.595810532569885,
    7.289464235305786,
    6.921761214733124,
    6.681086421012878,
    6.493123471736908,
    6.316549122333527,
    6.194750905036926,
    6.081138253211975,
    5.9616058468818665,
    5.856235861778259,
    5.750863432884216,
    5.743359744548798,
    5.636856257915497,
    5.536888957023621,
    5.511757016181946,
    5.458939909934998,
    5.436070203781128,
    5.36207777261734,
    5.3541929721832275,
    5.3301830887794495,
    5.285735309123993,
    5.266925156116486,
    5.235928297042847,
    5.213490724563599,
    5.169735491275787,
    5.135523319244385,
    5.134509742259979,
    5.107644617557526,
    5.067231118679047,
    5.031702637672424,
    5.0150697231292725,
    5.012024760246277,
    4.962215721607208,
    4.9221450090408325,
    4.907398164272308,
    4.957202315330505,
    4.906795680522919,
    4.8967607617378235,
    4.880600869655609,
    4.832181096076965,
    4.832790374755859,
    4.809720098972321,
    4.826642453670502,
    4.840985417366028,
    4.827114284038544,
    4.795926213264465,
    4.768828809261322,
    4.739811718463898,
    4.721225321292877,
    4.733849823474884,
    4.717346727848053,
    4.690572082996368,
    4.702639162540436,
    4.752419471740723,
    4.724028766155243,
    4.652080297470093,
    4.632674932479858,
    4.612344264984131,
    4.60777348279953,
    4.591351568698883,
    4.600350558757782,
    4.590955317020416,
    4.576964855194092,
    4.60901665687561,
    4.5672062039375305,
    4.537194490432739,
    4.509274005889893,
    4.500032842159271,
    4.470630645751953,
    4.519340932369232,
    4.4878880977630615,
    4.530698180198669,
    4.521636724472046,
    4.580361902713776,
    4.633106350898743,
    4.647101938724518,
    4.568138897418976,
    4.480287492275238,
    4.517574071884155,
    4.53882622718811,
    4.457747995853424,
    4.4125800132751465,
    4.378435373306274,
    4.315255522727966
  ],
  "val_loss": [
    599.524658203125,
    599.4003295898438,
    599.240478515625,
    599.052734375,
    598.838134765625,
    598.5885009765625,
    598.3068237304688,
    597.9962158203125,
    597.6530151367188,
    597.2753295898438,
    596.8724365234375,
    596.457275390625,
    596.0216674804688,
    595.5711669921875,
    595.1007690429688,
    594.6095581054688,
    594.103515625,
    593.5808715820312,
    593.0451049804688,
    592.486328125,
    591.9129028320312,
    591.3184814453125,
    590.7055053710938,
    590.0680541992188,
    589.4202270507812,
    588.7454223632812,
    588.056396484375,
    587.3473510742188,
    586.6161499023438,
    585.8715209960938,
    585.0987548828125,
    584.3031005859375,
    583.493896484375,
    582.6674194335938,
    581.8067016601562,
    580.9338989257812,
    580.0450439453125,
    579.1246337890625,
    578.1803588867188,
    577.2280883789062,
    576.2411499023438,
    575.2503051757812,
    574.2132568359375,
    573.1615600585938,
    572.09228515625,
    571.0006713867188,
    569.8859252929688,
    568.7496948242188,
    567.5964965820312,
    566.4016723632812,
    565.1842651367188,
    563.969482421875,
    562.7239379882812,
    561.4417724609375,
    560.1392211914062,
    558.8137817382812,
    557.4782104492188,
    556.1246948242188,
    554.7203979492188,
    553.3078002929688,
    551.88037109375,
    550.4090576171875,
    548.9140014648438,
    547.3939208984375,
    545.8712768554688,
    544.3018798828125,
    542.732421875,
    541.1202392578125,
    539.4805297851562,
    537.8109130859375,
    536.1533203125,
    534.44580078125,
    532.7224731445312,
    530.9733276367188,
    529.1829223632812,
    527.3845825195312,
    525.5682983398438,
    523.7054443359375,
    521.8455810546875,
    519.9552612304688,
    518.0271606445312,
    516.0826416015625,
    514.1031494140625,
    512.0888061523438,
    510.0673828125,
    508.0450134277344,
    505.9799499511719,
    503.8683776855469,
    501.7508239746094,
    499.6087646484375,
    497.45025634765625,
    495.27423095703125,
    493.0603332519531,
    490.8324890136719,
    488.591064453125,
    486.3370056152344,
    484.04931640625,
    481.7325134277344,
    479.3806457519531,
    477.04791259765625
  ],
  "val_energy_mae": [
    9.916131973266602,
    9.915416717529297,
    9.914284706115723,
    9.912772178649902,
    9.910898208618164,
    9.90873908996582,
    9.906355857849121,
    9.90377426147461,
    9.901012420654297,
    9.898157119750977,
    9.89533805847168,
    9.892548561096191,
    9.889718055725098,
    9.886831283569336,
    9.883851051330566,
    9.880742073059082,
    9.877511978149414,
    9.874152183532715,
    9.870677947998047,
    9.867045402526855,
    9.863275527954102,
    9.859342575073242,
    9.855254173278809,
    9.851017951965332,
    9.846627235412598,
    9.842074394226074,
    9.837409019470215,
    9.832539558410645,
    9.827481269836426,
    9.822331428527832,
    9.816959381103516,
    9.811356544494629,
    9.805617332458496,
    9.799701690673828,
    9.79360580444336,
    9.787287712097168,
    9.780839920043945,
    9.774134635925293,
    9.767280578613281,
    9.760252952575684,
    9.752949714660645,
    9.745528221130371,
    9.737773895263672,
    9.729860305786133,
    9.721714973449707,
    9.71338939666748,
    9.70486831665039,
    9.69607925415039,
    9.68715763092041,
    9.677842140197754,
    9.668352127075195,
    9.658758163452148,
    9.648824691772461,
    9.638701438903809,
    9.628283500671387,
    9.617697715759277,
    9.606852531433105,
    9.595805168151855,
    9.584381103515625,
    9.572834014892578,
    9.561049461364746,
    9.548930168151855,
    9.536537170410156,
    9.523902893066406,
    9.511073112487793,
    9.4979887008667,
    9.484703063964844,
    9.471099853515625,
    9.4571533203125,
    9.44291877746582,
    9.428666114807129,
    9.414072036743164,
    9.399182319641113,
    9.384101867675781,
    9.36849594116211,
    9.352815628051758,
    9.336894035339355,
    9.32059383392334,
    9.304158210754395,
    9.28751277923584,
    9.270490646362305,
    9.253162384033203,
    9.235599517822266,
    9.217756271362305,
    9.199742317199707,
    9.18146800994873,
    9.162834167480469,
    9.143770217895508,
    9.124711990356445,
    9.105388641357422,
    9.085707664489746,
    9.065873146057129,
    9.04567813873291,
    9.02524471282959,
    9.004547119140625,
    8.98375415802002,
    8.96248722076416,
    8.941117286682129,
    8.919400215148926,
    8.897601127624512
  ],