{
  "dcmnet": {
    "name": "DCMNet (Equivariant)",
    "training_time": 6705.174128293991,
    "inference_time": 1.9049725532531738,
    "memory_usage_mb": 0.0,
    "num_parameters": 324004,
    "val_energy_mae": 0.4034132070541382,
    "val_forces_mae": 0.02253848159161862,
    "val_dipole_mae": 0.10370568814773287,
    "val_esp_mae": 0.004529320634901524,
    "rotation_error_dipole": 9.628228829001222e-05,
    "rotation_error_esp": 1.4488034139503725e-05,
    "translation_error_dipole": 2.601121309453447e-07,
    "translation_error_esp": 1.5538930142611207e-08
  },
  "noneq": {
    "name": "Non-Equivariant",
    "training_time": 5135.2009172439575,
    "inference_time": 0.9616542434692383,
    "memory_usage_mb": 0.0,
    "num_parameters": 121954,
    "val_energy_mae": 0.40172399425506594,
    "val_forces_mae": 0.022673456368385813,
    "val_dipole_mae": 0.1047256514352921,
    "val_esp_mae": 0.004031408578157425,
    "rotation_error_dipole": 0.014777986492912745,
    "rotation_error_esp": 0.004794212989509106,
    "translation_error_dipole": 6.354453034873586e-06,
    "translation_error_esp": 7.334496103794663e-07
  },
  "args": {
    "train_efd": "../physnet_train_charges/energies_forces_dipoles_train.npz",
    "train_esp": "../dcmnet_train/grids_esp_train.npz",
    "valid_efd": "../physnet_train_charges/energies_forces_dipoles_valid.npz",
    "valid_esp": "../dcmnet_train/grids_esp_valid.npz",
    "epochs": 10,
    "batch_size": 1,
    "seed": 42,
    "physnet_features": 64,
    "dcmnet_features": 128,
    "n_dcm": 3,
    "comparison_name": "test1",
    "output_dir": "comparisons",
    "skip_training": false,
    "equivariance_samples": 20
  }
}