{
  "dcmnet": {
    "name": "DCMNet (Equivariant)",
    "training_time": 2477.7554247379303,
    "inference_time": 1.0182599592208863,
    "memory_usage_mb": 0.0,
    "num_parameters": 324004,
    "val_energy_mae": 0.044896214827895166,
    "val_forces_mae": 0.0032070168061181905,
    "val_dipole_mae": 0.03968739807605744,
    "val_esp_mae": 0.00434093177318573,
    "rotation_error_dipole": 0.00018710636243141087,
    "rotation_error_esp": 3.4377015253994614e-05,
    "translation_error_dipole": 1.1368817922630114e-06,
    "translation_error_esp": 1.978727794949009e-07
  },
  "noneq": {
    "name": "Non-Equivariant",
    "training_time": 2082.604132413864,
    "inference_time": 0.5599805068969727,
    "memory_usage_mb": 0.0,
    "num_parameters": 121954,
    "val_energy_mae": 0.043350865319371226,
    "val_forces_mae": 0.003210800001397729,
    "val_dipole_mae": 0.03226806130260229,
    "val_esp_mae": 0.0036716226022690535,
    "rotation_error_dipole": 0.08188562775693238,
    "rotation_error_esp": 0.004578722640872002,
    "translation_error_dipole": 3.532335540512577e-05,
    "translation_error_esp": 4.065891516802367e-06
  },
  "args": {
    "train_efd": "energies_forces_dipoles_train.npz",
    "train_esp": "grids_esp_train.npz",
    "valid_efd": "energies_forces_dipoles_valid.npz",
    "valid_esp": "grids_esp_valid.npz",
    "epochs": 1000,
    "batch_size": 100,
    "seed": 42,
    "physnet_features": 64,
    "dcmnet_features": 128,
    "n_dcm": 3,
    "comparison_name": "test1",
    "output_dir": "comparisons",
    "skip_training": false,
    "equivariance_samples": 20
  }
}