{
  "dcmnet": {
    "name": "DCMNet (Equivariant)",
    "training_time": 1094.981167793274,
    "inference_time": 1.9157960271835328,
    "memory_usage_mb": 0.0,
    "num_parameters": 324004,
    "val_energy_mae": 0.12912398278713227,
    "val_forces_mae": 0.012922556605190039,
    "val_dipole_mae": 0.0984972134232521,
    "val_esp_mae": 0.004633807111531496,
    "rotation_error_dipole": 0.00015663554556083812,
    "rotation_error_esp": 2.9732644179603085e-05,
    "translation_error_dipole": 1.9493646163937228e-07,
    "translation_error_esp": 1.1508678454674737e-08
  },
  "noneq": {
    "name": "Non-Equivariant",
    "training_time": 807.1450989246368,
    "inference_time": 0.9593930673599244,
    "memory_usage_mb": 0.0,
    "num_parameters": 121954,
    "val_energy_mae": 0.13127939030528069,
    "val_forces_mae": 0.012025985680520535,
    "val_dipole_mae": 0.1022499606013298,
    "val_esp_mae": 0.004259750247001648,
    "rotation_error_dipole": 0.030502421408026347,
    "rotation_error_esp": 0.00576342549175024,
    "translation_error_dipole": 3.529403329594061e-05,
    "translation_error_esp": 6.724557806592202e-06
  },
  "args": {
    "train_efd": 