{
  "dcmnet": {
    "name": "DCMNet (Equivariant)",
    "training_time": 3001.4258019924164,
    "inference_time": 1.827815661430359,
    "memory_usage_mb": 0.0,
    "num_parameters": 324004,
    "val_energy_mae": 0.12301778793334961,
    "val_forces_mae": 0.013880242593586445,
    "val_dipole_mae": 0.0928611010313034,
    "val_esp_mae": 0.004649857524782419,
    "rotation_error_dipole": 0.00020975129339183995,
    "rotation_error_esp": 4.370261012809351e-05,
    "translation_error_dipole": 6.164017349874484e-07,
    "translation_error_esp": 8.591795364054633e-08
  },
  "noneq": {
    "name": "Non-Equivariant",
    "training_time": 2374.5876224040985,
    "inference_time": 0.9362276411056518,
    "memory_usage_mb": 0.0,
    "num_parameters": 121954,
    "val_energy_mae": 0.1305447518825531,
    "val_forces_mae": 0.014885964803397655,
    "val_dipole_mae": 0.08870137482881546,
    "val_esp_mae": 0.004171018488705158,
    "rotation_error_dipole": 0.036526275981325865,
    "rotation_error_esp": 0.0053503611125051975,
    "translation_error_dipole": 1.9287359464215115e-05,
    "translation_error_esp": 4.0029931369645055e-06
  },
  "args": {
    "train_efd": "../physnet_train_charges/energies_forces_dipoles_train.npz",
    "train_esp": "../dcmnet_train/grids_esp_train.npz",
    "valid_efd": "../physnet_train_charges/energies_forces_dipoles_valid.npz",
    "valid_esp": "../dcmnet_train/grids_esp_valid.npz",
    "epochs": 1000,
    "batch_size": 1000,
    "seed": 42,
    "physnet_features": 64,
    "dcmnet_features": 128,
    "n_dcm": 3,
    "comparison_name": "test1",
    "output_dir": "comparisons",
    "skip_training": false,
    "equivariance_samples": 20
  }
}