{
  "dcmnet": {
    "name": "DCMNet (Equivariant)",
    "training_time": 326.647513628006,
    "inference_time": 2.1076764392852785,
    "memory_usage_mb": 0.0,
    "num_parameters": 324004,
    "val_energy_mae": 9.002963066101074,
    "val_forces_mae": 0.2184908375144005,
    "val_dipole_mae": 0.2466504082083702,
    "val_esp_mae": 0.016932938247919083,
    "rotation_error_dipole": 2.869427222672322e-06,
    "rotation_error_esp": 4.3027270635320747e-07,
    "translation_error_dipole": 1.5108678041997337e-07,
    "translation_error_esp": 1.9860484812284085e-08
  },
  "noneq": {
    "name": "Non-Equivariant",
    "training_time": 99.54053282737732,
    "inference_time": 1.0599424648284912,
    "memory_usage_mb": 0.0,
    "num_parameters": 121954,
    "val_energy_mae": 9.002186012268066,
    "val_forces_mae": 0.2196669712662697,
    "val_dipole_mae": 0.24611360728740692,
    "val_esp_mae": 0.01351425051689148,
    "rotation_error_dipole": 0.008984609559921437,
    "rotation_error_esp": 0.0004901778302155435,
    "translation_error_dipole": 3.5599834973254474e-06,
    "translation_error_esp": 4.618824789304199e-07
  },
  "args": {
    "train_efd": "../physnet_train_charges/energies_forces_dipoles_train.npz",
    "train_esp": "../dcmnet_train/grids_esp_train.npz",
    "valid_efd": "../physnet_train_charges/energies_forces_dipoles_valid.npz",
    "valid_esp": "../dcmnet_train/grids_esp_valid.npz",
    "epochs": 10,
    "batch_size": 100,
    "seed": 42,
    "physnet_features": 64,
    "dcmnet_features": 128,
    "n_dcm": 3,
    "comparison_name": "test1",
    "output_dir": "comparisons",
    "skip_training": false,
    "equivariance_samples": 20
  }
}