{
  "replica_0": {
    "mean": 5.385999437119133,
    "std": 0.010104336269493319,
    "min": 5.365556932153223,
    "max": 5.400998079365318,
    "drift": -6.598761438070255e-05,
    "drift_pct": -0.0012227385236784586,
    "quality": "Poor"
  },
  "replica_1": {
    "mean": 5.386641287928793,
    "std": 0.006754035676799968,
    "min": 5.367221887989657,
    "max": 5.399647443405141,
    "drift": -0.007643340809161181,
    "drift_pct": -0.1416297186172887,
    "quality": "Fair"
  },
  "replica_2": {
    "mean": 5.384346034388341,
    "std": 0.009504199037606423,
    "min": 5.366389121005552,
    "max": 5.400044661473247,
    "drift": -0.018892949131714687,
    "drift_pct": -0.3500829200456857,
    "quality": "Fair"
  },
  "replica_3": {
    "mean": 5.38972742789795,
    "std": 0.007463780957899528,
    "min": 5.366948637689299,
    "max": 5.403297792920134,
    "drift": -0.02579526696299972,
    "drift_pct": -0.477981617311715,
    "quality": "Fair"
  },
  "replica_4": {
    "mean": 5.388961953610421,
    "std": 0.010768947494059891,
    "min": 5.365587525140006,
    "max": 5.403859828084007,
    "drift": 0.0009539670670157818,
    "drift_pct": 0.01767683669288496,
    "quality": "Poor"
  },
  "replica_5": {
    "mean": 5.3860582449387415,
    "std": 0.010115906897842048,
    "min": 5.3667689227405155,
    "max": 5.400350625196253,
    "drift": -0.005955170095833573,
    "drift_pct": -0.1103482215499381,
    "quality": "Poor"
  },
  "replica_6": {
    "mean": 5.384476470630629,
    "std": 0.009532498940782869,
    "min": 5.365987362948219,
    "max": 5.399286462711595,
    "drift": -0.029459893818451377,
    "drift_pct": -0.5458864881442297,
    "quality": "Fair"
  },
  "replica_7": {
    "mean": 5.38321693550876,
    "std": 0.009013402816274205,
    "min": 5.366077082392377,
    "max": 5.3989858636013786,
    "drift": -0.008045390286886445,
    "drift_pct": -0.14907962250384668,
    "quality": "Fair"
  },
  "replica_8": {
    "mean": 5.388540856886942,
    "std": 0.007093052626251163,
    "min": 5.36749421424037,
    "max": 5.400601105996984,
    "drift": -0.013353292783370385,
    "drift_pct": -0.24743409285848295,
    "quality": "Fair"
  },
  "replica_9": {
    "mean": 5.385032241351583,
    "std": 0.009759767176961334,
    "min": 5.366588312854161,
    "max": 5.3996560530916655,
    "drift": -0.008009847907856305,
    "drift_pct": -0.14842102866815193,
    "quality": "Fair"
  },
  "replica_10": {
    "mean": 5.387898714226626,
    "std": 0.006828849154491393,
    "min": 5.3669120857523875,
    "max": 5.399530523305331,
    "drift": -2.283731445906767e-05,
    "drift_pct": -0.00042317129401524847,
    "quality": "Fair"
  },
  "replica_11": {
    "mean": 5.385853568077886,
    "std": 0.009065881061739691,
    "min": 5.366386621891485,
    "max": 5.399635515286601,
    "drift": -0.026460710993360337,
    "drift_pct": -0.49031217447626885,
    "quality": "Fair"
  },
  "replica_12": {
    "mean": 5.3845485072065795,
    "std": 0.008666417195514562,
    "min": 5.365622798515466,
    "max": 5.3989858636013786,
    "drift": -0.022632176902548373,
    "drift_pct": -0.4193701323068967,
    "quality": "Fair"
  },
  "replica_13": {
    "mean": 5.386893162395065,
    "std": 0.010366894894126354,
    "min": 5.3657162428128045,
    "max": 5.401196740205141,
    "drift": -0.010586346682803338,
    "drift_pct": -0.19616308356594792,
    "quality": "Poor"
  },
  "replica_14": {
    "mean": 5.387760574456255,
    "std": 0.006996622810627673,
    "min": 5.36676697876553,
    "max": 5.3997946348607915,
    "drift": -0.010015252322076229,
    "drift_pct": -0.185580808663754,
    "quality": "Fair"
  },
  "replica_15": {
    "mean": 5.386171785021737,
    "std": 0.01019343283030108,
    "min": 5.366435769272137,
    "max": 5.402842636883231,
    "drift": 0.0015264504480283492,
    "drift_pct": 0.0282848498889866,
    "quality": "Poor"
  },
  "overall": {
    "mean": 5.38638295010284,
    "std": 0.009167129516237688,
    "relative_std": 0.0017019082380807446,
    "max_drift": 0.028288607010673594,
    "final_drift": -0.011528627881928877
  }
}