{
  "replica_0": {
    "mean": 5.386915757189039,
    "std": 0.012563060319547391,
    "min": 5.363060883468556,
    "max": 5.405897966968073,
    "drift": -0.005637574549730573,
    "drift_pct": -0.10439797899186672,
    "quality": "Poor"
  },
  "replica_1": {
    "mean": 5.389981816639498,
    "std": 0.010772663422298418,
    "min": 5.364753277925171,
    "max": 5.421230528722138,
    "drift": -0.01399631071758023,
    "drift_pct": -0.2591870917835422,
    "quality": "Poor"
  },
  "replica_2": {
    "mean": 5.386915757189039,
    "std": 0.012563060319547391,
    "min": 5.363060883468556,
    "max": 5.405897966968073,
    "drift": -0.005637574549730573,
    "drift_pct": -0.10439797899186672,
    "quality": "Poor"
  },
  "replica_3": {
    "mean": 5.391778016445647,
    "std": 0.0110803237499431,
    "min": 5.364017619045503,
    "max": 5.40752834764041,
    "drift": -0.006303673179413494,
    "drift_pct": -0.11673295569766871,
    "quality": "Poor"
  },
  "replica_4": {
    "mean": 5.386915757189039,
    "std": 0.012563060319547391,
    "min": 5.363060883468556,
    "max": 5.405897966968073,
    "drift": -0.005637574549730573,
    "drift_pct": -0.10439797899186672,
    "quality": "Poor"
  },
  "replica_5": {
    "mean": 5.386535327827272,
    "std": 0.012399435785527192,
    "min": 5.362787477754504,
    "max": 5.404955803532293,
    "drift": -0.0013581804511346718,
    "drift_pct": -0.025151116487053447,
    "quality": "Poor"
  },
  "replica_6": {
    "mean": 5.391668587389071,
    "std": 0.012380902167495978,
    "min": 5.363513017584039,
    "max": 5.407550719307921,
    "drift": -0.013841908369427003,
    "drift_pct": -0.25632783148346056,
    "quality": "Poor"
  },
  "replica_7": {
    "mean": 5.386435459856096,
    "std": 0.012427347447106397,
    "min": 5.362530244740234,
    "max": 5.406193412250446,
    "drift": -0.0028037678721641868,
    "drift_pct": -0.051920856537543525,
    "quality": "Poor"
  },
  "replica_8": {
    "mean": 5.388523348055501,
    "std": 0.009571859032026904,
    "min": 5.364102486013869,
    "max": 5.410039564560487,
    "drift": -0.02034579949590487,
    "drift_pct": -0.376768471903883,
    "quality": "Fair"
  },
  "replica_9": {
    "mean": 5.39173009739084,
    "std": 0.012263849046035825,
    "min": 5.362904220060093,
    "max": 5.409425926881801,
    "drift": -0.010926852551600419,
    "drift_pct": -0.2023461176551046,
    "quality": "Poor"
  },
  "replica_10": {
    "mean": 5.38834523905993,
    "std": 0.009723598476908844,
    "min": 5.364382176729254,
    "max": 5.410961931159486,
    "drift": -0.0034783243971237,
    "drift_pct": -0.06441245860867098,
    "quality": "Fair"
  },
  "replica_11": {
    "mean": 5.386952434113157,
    "std": 0.012573021382448646,
    "min": 5.362519414598072,
    "max": 5.406169893164913,
    "drift": -4.837649506317376e-05,
    "drift_pct": -0.0008958477215253365,
    "quality": "Poor"
  },
  "replica_12": {
    "mean": 5.38903395050867,
    "std": 0.010429980692786668,
    "min": 5.364102486013869,
    "max": 5.419566352457208,
    "drift": -0.0004598199555836402,
    "drift_pct": -0.008515057963243457,
    "quality": "Poor"
  },
  "replica_13": {
    "mean": 5.388682466789055,
    "std": 0.012790769227363587,
    "min": 5.36309633791628,
    "max": 5.406884970780399,
    "drift": 0.005294790417415207,
    "drift_pct": 0.09805021891729439,
    "quality": "Poor"
  },
  "replica_14": {
    "mean": 5.388038936118742,
    "std": 0.009505631933898173,
    "min": 5.364102486013869,
    "max": 5.407536982715214,
    "drift": -0.024841257075218337,
    "drift_pct": -0.4600164505840806,
    "quality": "Fair"
  },
  "replica_15": {
    "mean": 5.390569821537285,
    "std": 0.012629561840285127,
    "min": 5.363131254150442,
    "max": 5.411522193180983,
    "drift": 0.007293903238579702,
    "drift_pct": 0.13507027718264833,
    "quality": "Poor"
  },
  "overall": {
    "mean": 5.3886889233311175,
    "std": 0.011849102768877646,
    "relative_std": 0.0021988841696864744,
    "max_drift": 0.035228270674735995,
    "final_drift": -0.006420518784588047
  }
}