{
  "replica_0": {
    "mean": 5.385883808135986,
    "std": 0.010106473229825497,
    "min": 5.365530014038086,
    "max": 5.400719165802002,
    "drift": -0.0017290115356445312,
    "drift_pct": -0.03203022480010986,
    "quality": "Poor"
  },
  "replica_1": {
    "mean": 5.386542797088623,
    "std": 0.0067598409950733185,
    "min": 5.367217540740967,
    "max": 5.399531364440918,
    "drift": -0.009131431579589844,
    "drift_pct": -0.16916127502918243,
    "quality": "Fair"
  },
  "replica_2": {
    "mean": 5.384230613708496,
    "std": 0.009509323164820671,
    "min": 5.366347312927246,
    "max": 5.400043487548828,
    "drift": -0.020555973052978516,
    "drift_pct": -0.38080278038978577,
    "quality": "Fair"
  },
  "replica_3": {
    "mean": 5.389612197875977,
    "std": 0.007465819828212261,
    "min": 5.366943836212158,
    "max": 5.4031982421875,
    "drift": -0.027161598205566406,
    "drift_pct": -0.5031730532646179,
    "quality": "Fair"
  },
  "replica_4": {
    "mean": 5.388845920562744,
    "std": 0.010768188163638115,
    "min": 5.365574836730957,
    "max": 5.403553485870361,
    "drift": -0.0007090568542480469,
    "drift_pct": -0.013135395012795925,
    "quality": "Poor"
  },
  "replica_5": {
    "mean": 5.3859429359436035,
    "std": 0.010117195546627045,
    "min": 5.3666605949401855,
    "max": 5.400328636169434,
    "drift": -0.007387638092041016,
    "drift_pct": -0.13685721158981323,
    "quality": "Poor"
  },
  "replica_6": {
    "mean": 5.3843913078308105,
    "std": 0.00953744724392891,
    "min": 5.365984916687012,
    "max": 5.399286270141602,
    "drift": -0.030942916870117188,
    "drift_pct": -0.5732226371765137,
    "quality": "Fair"
  },
  "replica_7": {
    "mean": 5.383102893829346,
    "std": 0.00901526864618063,
    "min": 5.3658037185668945,
    "max": 5.39898157119751,
    "drift": -0.00941610336303711,
    "drift_pct": -0.1744348704814911,
    "quality": "Fair"
  },
  "replica_8": {
    "mean": 5.3884429931640625,
    "std": 0.007099658716470003,
    "min": 5.367458343505859,
    "max": 5.400444030761719,
    "drift": -0.014798164367675781,
    "drift_pct": -0.2741384208202362,
    "quality": "Fair"
  },
  "replica_9": {
    "mean": 5.384929656982422,
    "std": 0.009760955348610878,
    "min": 5.366549015045166,
    "max": 5.399612903594971,
    "drift": -0.009423255920410156,
    "drift_pct": -0.17456737160682678,
    "quality": "Fair"
  },
  "replica_10": {
    "mean": 5.387806415557861,
    "std": 0.006831298116594553,
    "min": 5.366861820220947,
    "max": 5.399517059326172,
    "drift": -0.0013980865478515625,
    "drift_pct": -0.02589978277683258,
    "quality": "Fair"
  },
  "replica_11": {
    "mean": 5.3857502937316895,
    "std": 0.009071008302271366,
    "min": 5.366146087646484,
    "max": 5.3995361328125,
    "drift": -0.027991771697998047,
    "drift_pct": -0.5185521841049194,
    "quality": "Fair"
  },
  "replica_12": {
    "mean": 5.384451866149902,
    "std": 0.008669057860970497,
    "min": 5.365530014038086,
    "max": 5.39898157119751,
    "drift": -0.024028778076171875,
    "drift_pct": -0.44513705372810364,
    "quality": "Fair"
  },
  "replica_13": {
    "mean": 5.386799335479736,
    "std": 0.010368455201387405,
    "min": 5.365530014038086,
    "max": 5.401144981384277,
    "drift": -0.011983394622802734,
    "drift_pct": -0.22199435532093048,
    "quality": "Poor"
  },
  "replica_14": {
    "mean": 5.387670993804932,
    "std": 0.007001702673733234,
    "min": 5.366693496704102,
    "max": 5.399709224700928,
    "drift": -0.01142120361328125,
    "drift_pct": -0.21157968044281006,
    "quality": "Fair"
  },
  "replica_15": {
    "mean": 5.3860602378845215,
    "std": 0.01020054891705513,
    "min": 5.366428852081299,
    "max": 5.402798175811768,
    "drift": 0.00016832351684570312,
    "drift_pct": 0.0031182209495455027,
    "quality": "Poor"
  },
  "overall": {
    "mean": 5.386279106140137,
    "std": 0.009170304983854294,
    "relative_std": 0.0017025305423885584,
    "max_drift": 0.029898643493652344,
    "final_drift": -0.012994766235351562
  }
}