{
  "train_loss": [
    386.93356437683104,
    57.64715163707733,
    19.00409324169159,
    12.763883805274963,
    10.232409858703614,
    8.731574445962906,
    7.370295405387878,
    6.646447312831879,
    5.833714294433594,
    5.231749767065049
  ],
  "val_loss": [
    597.9707641601562,
    594.0063354492188,
    587.9836669921875,
    579.7154663085937,
    569.0052856445312,
    555.6687377929687,
    540.0315979003906,
    522.2231262207031,
    502.42625427246094,
    480.55967102050784
  ],
  "val_energy_mae": [
    9.925807189941406,
    9.897566890716552,
    9.8544358253479,
    9.792314529418945,
    9.707873630523682,
    9.599058818817138,
    9.465132331848144,
    9.305920696258545,
    9.121856212615967,
    8.914186382293702
  ],
  "val_forces_mae": [
    0.2414064347743988,
    0.2400388240814209,
    0.23793309330940246,
    0.23529269248247148,
    0.2321358874440193,
    0.2283710718154907,
    0.22449616044759751,
    0.22050559520721436,
    0.21666031330823898,
    0.21229510009288788
  ],
  "val_dipole_mae": [
    0.25582391768693924,
    0.25558188557624817,
    0.25538561344146726,
    0.25521192997694014,
    0.25503101348876955,
    0.2548499658703804,
    0.25466613918542863,
    0.25446290224790574,
    0.2542270287871361,
    0.253949348628521
  ],
  "val_esp_mae": [
    0.016295433044433594,
    0.016186973080039024,
    0.01607896387577057,
    0.015982214361429214,
    0.01591278798878193,
    0.01587415300309658,
    0.01586858369410038,
    0.015891974791884422,
    0.015939397737383842,
    0.016003068536520004
  ],
  "epoch_times": [
    94.38158297538757,
    4.519481897354126,
    4.53183126449585,
    4.55904483795166,
    4.540542840957642,
    4.472665548324585,
    4.554158449172974,
    4.557186603546143,
    4.540891408920288,
    4.4698028564453125
  ]
}