{
  "n_molecules": 50,
  "n_atoms": 500,
  "n_atoms_per_molecule": 10,
  "cutoff_params": {
    "ml_cutoff": 0.009999999776482582,
    "mm_switch_on": 10.059867858886719,
    "mm_cutoff": 3.940001964569092
  },
  "cluster_file": "cluster_50molecules.xyz",
  "checkpoint_path": "/pchem-data/meuwly/boittier/home/ckpts/eq_acetone-30992b21-acbc-4076-ba35-e5c30d3f6876"
}