{
  "dcmnet": {
    "name": "DCMNet (Equivariant)",
    "training_time": 174.0074667930603,
    "inference_time": 1.4867319583892822,
    "memory_usage_mb": 0.0,
    "num_parameters": 322420,
    "val_energy_mae": 8.753184795379639,
    "val_forces_mae": 0.22099867165088655,
    "val_dipole_mae": 0.2615034893155098,
    "val_esp_mae": 0.013445046730339527,
    "rotation_error_dipole": 1.4039991678908596e-06,
    "rotation_error_esp": 1.6699233640338207e-07,
    "translation_error_dipole": 3.674066206826865e-08,
    "translation_error_esp": 3.8045149253207455e-09
  },
  "noneq": {
    "name": "Non-Equivariant",
    "training_time": 63.6318085193634,
    "inference_time": 0.7860013389587402,
    "memory_usage_mb": 0.0,
    "num_parameters": 120922,
    "val_energy_mae": 8.750157165527344,
    "val_forces_mae": 0.22196843475103378,
    "val_dipole_mae": 0.25991814136505126,
    "val_esp_mae": 0.013164451345801353,
    "rotation_error_dipole": 0.010775012931780915,
    "rotation_error_esp": 0.0006297930958680809,
    "translation_error_dipole": 2.30403884415864e-06,
    "translation_error_esp": 6.092049034123193e-07
  },
  "args": {
    "train_efd": "energies_forces_dipoles_train.npz",
    "train_esp": "grids_esp_train.npz",
    "valid_efd": "energies_forces_dipoles_valid.npz",
    "valid_esp": "grids_esp_valid.npz",
    "epochs": 10,
    "batch_size": 100,
    "seed": 60808594,
    "physnet_features": 64,
    "dcmnet_features": 128,
    "n_dcm": 1,
    "comparison_name": "dcm1test60808594",
    "output_dir": "comparisons",
    "skip_training": false,
    "equivariance_samples": 20
  }
}