{
  "min_inter_after_step0_style_build_A": 2.248615129362093,
  "com_distance_A": 3.9999999999989995
}