{
  "train_loss": [
    378.87394390106203,
    46.38513143062592,
    21.973329973220824,
    14.647243618965149,
    11.017750084400177,
    9.135414314270019,
    7.977956426143646,
    7.149913012981415,
    6.63707515001297,
    6.432939302921295
  ],
  "val_loss": [
    599.0581604003906,
    597.3969299316407,
    594.7393188476562,
    590.7306701660157,
    584.9796691894531,
    577.1866516113281,
    566.9868408203125,
    554.2063842773438,
    538.7248291015625,
    520.6071197509766
  ],
  "val_energy_mae": [
    9.93221435546875,
    9.920570850372314,
    9.900870513916015,
    9.869700145721435,
    9.823166656494141,
    9.75795955657959,
    9.670689105987549,
    9.559360218048095,
    9.423051166534425,
    9.261696147918702
  ],
  "val_forces_mae": [
    0.2417290523648262,
    0.2413266733288765,
    0.24058190137147903,
    0.23943920731544494,
    0.23785985261201859,
    0.2359202817082405,
    0.23358557969331742,
    0.2308084025979042,
    0.22739035040140151,
    0.22322202175855638
  ],
  "val_dipole_mae": [
    0.25621855109930036,
    0.2560484156012535,
    0.2558787643909454,
    0.25570008158683777,
    0.25550713390111923,
    0.2552955999970436,
    0.2550572961568832,
    0.2547827079892159,
    0.2544643715023994,
    0.25410179793834686
  ],
  "val_esp_mae": [
    0.01672845147550106,
    0.016193442046642303,
    0.015831999480724335,
    0.01554203126579523,
    0.01527292188256979,
    0.015001864172518253,
    0.014714377000927925,
    0.014409654773771763,
    0.014084605500102043,
    0.013750243000686169
  ],
  "epoch_times": [
    93.68879914283752,
    4.4075071811676025,
    4.518680095672607,
    4.496819496154785,
    4.480707168579102,
    4.446902275085449,
    4.474256277084351,
    4.508609056472778,
    4.474738836288452,
    4.49571967124939
  ]
}