{
  "mae": 0.15519894659519196,
  "rmse": 0.23737497627735138,
  "r2": 0.9988482594490051,
  "mean_error": -0.00842401385307312,
  "std_error": 0.2372254580259323,
  "max_abs_error": 1.6747207641601562,
  "mae_kcal_mol": 3.578942060470581,
  "rmse_kcal_mol": 5.473949909210205,
  "mean_error_kcal_mol": -0.19426071643829346,
  "std_error_kcal_mol": 5.4705023765563965,
  "max_abs_error_kcal_mol": 38.61964797973633,
  "mae_overall": 0.01934479922056198,
  "rmse_overall": 0.026112202554941177,
  "r2_overall": 0.9636394381523132,
  "r_overall": 0.9817066464507381,
  "mae_x": 0.019692912697792053,
  "mae_y": 0.01924416981637478,
  "mae_z": 0.01909732259809971,
  "r2_x": 0.9639603495597839,
  "r2_y": 0.9639632701873779,
  "r2_z": 0.9629900455474854,
  "mae_components": [
    0.31465548276901245,
    0.31488198041915894,
    0.31456005573272705
  ],
  "mae_magnitude": 0.018663177266716957,
  "rmse_magnitude": 0.025117825716733932,
  "r2_magnitude": 0.9461523294448853,
  "mae_overall_kcal_mol_ang": 7.257073402404785,
  "rmse_overall_kcal_mol_ang": 11.685908317565918,
  "mae_x_kcal_mol_ang": 7.256065845489502,
  "mae_y_kcal_mol_ang": 7.261288642883301,
  "mae_z_kcal_mol_ang": 7.2538652420043945,
  "mae_magnitude_kcal_mol_ang": 9.391796112060547,
  "rmse_magnitude_kcal_mol_ang": 15.35395336151123,
  "r": 0.9994257293571005,
  "mae_overall_debye": 0.01934479922056198,
  "rmse_overall_debye": 0.026112202554941177,
  "mae_x_debye": 0.019692912697792053,
  "mae_y_debye": 0.01924416981637478,
  "mae_z_debye": 0.01909732259809971,
  "mae_magnitude_debye": 0.018663177266716957,
  "rmse_magnitude_debye": 0.025117825716733932
}