{
  "mae": 0.16467715799808502,
  "rmse": 0.24450315535068512,
  "r2": 0.9989539384841919,
  "mean_error": -0.07632774114608765,
  "std_error": 0.23228402435779572,
  "max_abs_error": 1.9558944702148438,
  "mae_kcal_mol": 3.797513008117676,
  "rmse_kcal_mol": 5.638328552246094,
  "mean_error_kcal_mol": -1.7601444721221924,
  "std_error_kcal_mol": 5.356551170349121,
  "max_abs_error_kcal_mol": 45.10361099243164,
  "mae_overall": 0.018508637323975563,
  "rmse_overall": 0.025719717144966125,
  "r2_overall": 0.9649766683578491,
  "r_overall": 0.9823617447281129,
  "mae_x": 0.018145203590393066,
  "mae_y": 0.01825585402548313,
  "mae_z": 0.01912485808134079,
  "r2_x": 0.965967059135437,
  "r2_y": 0.9652931690216064,
  "r2_z": 0.9636204838752747,
  "mae_components": [
    0.30525559186935425,
    0.3051084280014038,
    0.3056052625179291
  ],
  "mae_magnitude": 0.018807049840688705,
  "rmse_magnitude": 0.027320004999637604,
  "r2_magnitude": 0.9481168389320374,
  "mae_overall_kcal_mol_ang": 7.040857315063477,
  "rmse_overall_kcal_mol_ang": 11.469016075134277,
  "mae_x_kcal_mol_ang": 7.039300918579102,
  "mae_y_kcal_mol_ang": 7.03590726852417,
  "mae_z_kcal_mol_ang": 7.047364234924316,
  "mae_magnitude_kcal_mol_ang": 9.146910667419434,
  "rmse_magnitude_kcal_mol_ang": 15.071276664733887,
  "r": 0.9994784161239,
  "mae_overall_debye": 0.018508637323975563,
  "rmse_overall_debye": 0.025719717144966125,
  "mae_x_debye": 0.018145203590393066,
  "mae_y_debye": 0.01825585402548313,
  "mae_z_debye": 0.01912485808134079,
  "mae_magnitude_debye": 0.018807049840688705,
  "rmse_magnitude_debye": 0.027320004999637604
}