{
  "geometry": {
    "initial_com_separation_A": 5.0,
    "seed_com_separation_A": 4.999999999999999,
    "note": "Every \u03bb window and repeat starts from the same seed with this COM separation (before minimization/MD)."
  },
  "description": {
    "delta_F_couple_eV": "TI integral \u222b_0^1 \u27e8\u2202U/\u2202\u03bb\u27e9 d\u03bb (turn on intermolecular coupling)",
    "delta_F_diss_eV": "Negative of delta_F_couple (decouple along same path)",
    "lambda_definition": "lambda_monomer[0] varies; lambda_monomer[1]=1"
  },
  "delta_F_couple_eV": -0.02067520739605379,
  "delta_F_couple_kcal_mol": -0.47678889023965687,
  "delta_F_diss_eV": 0.02067520739605379,
  "delta_F_diss_kcal_mol": 0.47678889023965687,
  "mbar": {
    "Delta_f_lambda1_minus_lambda0_kT": -0.7590715950271409,
    "dDelta_f_kT": 0.10353495987531218,
    "Delta_F_couple_eV": -0.00654117068394724,
    "dDelta_F_couple_eV": 0.0008921949506960945,
    "Delta_F_couple_kcal_mol": -0.1508452830254389,
    "dDelta_F_couple_kcal_mol": 0.020574818538507563,
    "Delta_F_diss_eV": 0.00654117068394724,
    "Delta_F_diss_kcal_mol": 0.1508452830254389,
    "N_k": [
      100,
      100,
      100,
      100,
      100,
      100,
      100,
      100,
      100,
      100,
      100
    ],
    "N_k_effective": [
      8,
      11,
      6,
      15,
      4,
      98,
      24,
      8,
      85,
      7,
      42
    ],
    "g_k": [
      12.836983097617145,
      9.065808203865156,
      18.292243269380815,
      6.925028280479332,
      25.0586025924503,
      1.0242674401745175,
      4.295042156309955,
      13.601226537569765,
      1.1723881188892609,
      14.380697915627172,
      2.4170825711135593
    ],
    "note": "Coupling \u0394F = F(\u03bb=1) - F(\u03bb=0) from MBAR; dissociation is the negative."
  },
  "windows": [
    {
      "window": 0,
      "lambda_decoupled_monomer": 0.0,
      "decouple_monomer_index": 0,
      "repeats_per_window": 1,
      "mean_dUdlambda_eV": 0.0008370158455727506,
      "std_dUdlambda_eV": 0.002021866498133357,
      "n_samples": 100,
      "repeat_stats": [
        {
          "repeat": 0,
          "n_samples": 100,
          "mean_dUdlambda_eV": 0.0008370158455727506,
          "std_dUdlambda_eV": 0.002021866498133357,
          "traj": "/mmhome/boittier/home/mmml/scripts/artifacts/meoh_dimer_lambda_ti/trajectories/win_00_rep00_lam0.00_prod.traj"
        }
      ]
    },
    {
      "window": 1,
      "lambda_decoupled_monomer": 0.1,
      "decouple_monomer_index": 0,
      "repeats_per_window": 1,
      "mean_dUdlambda_eV": -0.003558161551109151,
      "std_dUdlambda_eV": 0.006033011333394933,
      "n_samples": 100,
      "repeat_stats": [
        {
          "repeat": 0,
          "n_samples": 100,
          "mean_dUdlambda_eV": -0.003558161551109151,
          "std_dUdlambda_eV": 0.006033011333394933,
          "traj": "/mmhome/boittier/home/mmml/scripts/artifacts/meoh_dimer_lambda_ti/trajectories/win_01_rep00_lam0.10_prod.traj"
        }
      ]
    },
    {
      "window": 2,
      "lambda_decoupled_monomer": 0.2,
      "decouple_monomer_index": 0,
      "repeats_per_window": 1,
      "mean_dUdlambda_eV": -0.035766858808037795,
      "std_dUdlambda_eV": 0.06502930611180185,
      "n_samples": 100,
      "repeat_stats": [
        {
          "repeat": 0,
          "n_samples": 100,
          "mean_dUdlambda_eV": -0.035766858808037795,
          "std_dUdlambda_eV": 0.06502930611180185,
          "traj": "/mmhome/boittier/home/mmml/scripts/artifacts/meoh_dimer_lambda_ti/trajectories/win_02_rep00_lam0.20_prod.traj"
        }
      ]
    },
    {
      "window": 3,
      "lambda_decoupled_monomer": 0.3,
      "decouple_monomer_index": 0,
      "repeats_per_window": 1,
      "mean_dUdlambda_eV": -0.009624874874571105,
      "std_dUdlambda_eV": 0.011817734224512471,
      "n_samples": 100,
      "repeat_stats": [
        {
          "repeat": 0,
          "n_samples": 100,
          "mean_dUdlambda_eV": -0.009624874874571105,
          "std_dUdlambda_eV": 0.011817734224512471,
          "traj": "/mmhome/boittier/home/mmml/scripts/artifacts/meoh_dimer_lambda_ti/trajectories/win_03_rep00_lam0.30_prod.traj"
        }
      ]
    },
    {
      "window": 4,
      "lambda_decoupled_monomer": 0.4,
      "decouple_monomer_index": 0,
      "repeats_per_window": 1,
      "mean_dUdlambda_eV": -0.043683242659435566,
      "std_dUdlambda_eV": 0.020439429800123,
      "n_samples": 100,
      "repeat_stats": [
        {
          "repeat": 0,
          "n_samples": 100,
          "mean_dUdlambda_eV": -0.043683242659435566,
          "std_dUdlambda_eV": 0.020439429800123,
          "traj": "/mmhome/boittier/home/mmml/scripts/artifacts/meoh_dimer_lambda_ti/trajectories/win_04_rep00_lam0.40_prod.traj"
        }
      ]
    },
    {
      "window": 5,
      "lambda_decoupled_monomer": 0.5,
      "decouple_monomer_index": 0,
      "repeats_per_window": 1,
      "mean_dUdlambda_eV": 0.007232349382247776,
      "std_dUdlambda_eV": 0.001922766146586041,
      "n_samples": 100,
      "repeat_stats": [
        {
          "repeat": 0,
          "n_samples": 100,
          "mean_dUdlambda_eV": 0.007232349382247776,
          "std_dUdlambda_eV": 0.001922766146586041,
          "traj": "/mmhome/boittier/home/mmml/scripts/artifacts/meoh_dimer_lambda_ti/trajectories/win_05_rep00_lam0.50_prod.traj"
        }
      ]
    },
    {
      "window": 6,
      "lambda_decoupled_monomer": 0.6,
      "decouple_monomer_index": 0,
      "repeats_per_window": 1,
      "mean_dUdlambda_eV": -0.048223844407996236,
      "std_dUdlambda_eV": 0.013999899709251957,
      "n_samples": 100,
      "repeat_stats": [
        {
          "repeat": 0,
          "n_samples": 100,
          "mean_dUdlambda_eV": -0.048223844407996236,
          "std_dUdlambda_eV": 0.013999899709251957,
          "traj": "/mmhome/boittier/home/mmml/scripts/artifacts/meoh_dimer_lambda_ti/trajectories/win_06_rep00_lam0.60_prod.traj"
        }
      ]
    },
    {
      "window": 7,
      "lambda_decoupled_monomer": 0.7,
      "decouple_monomer_index": 0,
      "repeats_per_window": 1,
      "mean_dUdlambda_eV": -0.016742965691064454,
      "std_dUdlambda_eV": 0.013806712123404521,
      "n_samples": 100,
      "repeat_stats": [
        {
          "repeat": 0,
          "n_samples": 100,
          "mean_dUdlambda_eV": -0.016742965691064454,
          "std_dUdlambda_eV": 0.013806712123404521,
          "traj": "/mmhome/boittier/home/mmml/scripts/artifacts/meoh_dimer_lambda_ti/trajectories/win_07_rep00_lam0.70_prod.traj"
        }
      ]
    },
    {
      "window": 8,
      "lambda_decoupled_monomer": 0.8,
      "decouple_monomer_index": 0,
      "repeats_per_window": 1,
      "mean_dUdlambda_eV": -0.015469917813809388,
      "std_dUdlambda_eV": 0.01107886553298308,
      "n_samples": 100,
      "repeat_stats": [
        {
          "repeat": 0,
          "n_samples": 100,
          "mean_dUdlambda_eV": -0.015469917813809388,
          "std_dUdlambda_eV": 0.01107886553298308,
          "traj": "/mmhome/boittier/home/mmml/scripts/artifacts/meoh_dimer_lambda_ti/trajectories/win_08_rep00_lam0.80_prod.traj"
        }
      ]
    },
    {
      "window": 9,
      "lambda_decoupled_monomer": 0.9,
      "decouple_monomer_index": 0,
      "repeats_per_window": 1,
      "mean_dUdlambda_eV": -0.03444823168721087,
      "std_dUdlambda_eV": 0.015040018972336788,
      "n_samples": 100,
      "repeat_stats": [
        {
          "repeat": 0,
          "n_samples": 100,
          "mean_dUdlambda_eV": -0.03444823168721087,
          "std_dUdlambda_eV": 0.015040018972336788,
          "traj": "/mmhome/boittier/home/mmml/scripts/artifacts/meoh_dimer_lambda_ti/trajectories/win_09_rep00_lam0.90_prod.traj"
        }
      ]
    },
    {
      "window": 10,
      "lambda_decoupled_monomer": 1.0,
      "decouple_monomer_index": 0,
      "repeats_per_window": 1,
      "mean_dUdlambda_eV": -0.01376966754467503,