{
  "dcmnet": {
    "name": "DCMNet (Equivariant)",
    "training_time": 5589.343948602676,
    "inference_time": 3.1252004957199095,
    "memory_usage_mb": 0.0,
    "num_parameters": 324004,
    "val_energy_mae": 0.04313143752515316,
    "val_forces_mae": 0.003137514367699623,
    "val_dipole_mae": 0.03950970955193043,
    "val_esp_mae": 0.004360247869044542,
    "rotation_error_dipole": 2.053250637608342e-07,
    "rotation_error_esp": 5.6563084882554904e-08,
    "translation_error_dipole": 3.347237793605018e-07,
    "translation_error_esp": 4.442581058583528e-08
  },
  "noneq": {
    "name": "Non-Equivariant",
    "training_time": 4516.791661739349,
    "inference_time": 1.6478082513809205,
    "memory_usage_mb": 0.0,
    "num_parameters": 121954,
    "val_energy_mae": 0.04391170889139175,
    "val_forces_mae": 0.003159847040660679,
    "val_dipole_mae": 0.0294923547655344,
    "val_esp_mae": 0.0037353048101067543,
    "rotation_error_dipole": 0.09352731984021476,
    "rotation_error_esp": 0.00507108960300684,
    "translation_error_dipole": 5.568307415160234e-07,
    "translation_error_esp": 2.841521151708548e-08
  },
  "args": {
    "train_efd": "energies_forces_dipoles_train.npz",
    "train_esp": "grids_esp_train.npz",
    "valid_efd": "energies_forces_dipoles_valid.npz",
    "valid_esp": "grids_esp_valid.npz",
    "epochs": 1000,
    "batch_size": 100,
    "seed": 42,
    "physnet_features": 64,
    "dcmnet_features": 128,
    "n_dcm": 3,
    "comparison_name": "test1",
    "output_dir": "comparisons",
    "skip_training": false,
    "equivariance_samples": 20
  }
}