ray,direction,orientation,r_A,E_int_kcal,E_MM_kcal,E_ML_kcal,ml_scale,wall_eV,mean_abs_F_eV_A,max_abs_F_eV_A,mean_abs_dF_kcal_A,max_abs_dF_kcal_A,dFcom_kcal_A
0,0,0,2.8,230.62377464959144,227.09360292532273,3.530171724268693,1.0,9.846672421818754,18.499311982158762,88.14283848038042,60.633643219676635,142.95982075928825,17.396969203296656
0,0,0,3.0628571428571427,81.36870895491771,63.27734452093201,18.0913644339857,1.0,2.742912381733295,7.758802890002021,36.247936100235364,46.04656166696366,126.3960117700495,123.58813106659008
0,0,0,3.3257142857142856,14.981788370484574,2.235114230358548,12.746674140126027,1.0,0.09586525393582909,1.596960831498939,4.510163669107335,44.25643391737874,139.59228563624862,136.81095420662373
0,0,0,3.588571428571428,17.320670856004746,0.02441354197136123,17.296257314033387,1.0,0.0,1.5842915896115817,3.5732474804536767,19.429017604611804,40.89345335670406,55.30376292229322
0,0,0,3.8514285714285714,25.159664452838847,0.02441354197136123,25.135250910867487,1.0,0.0,1.332033264746791,2.5700336302527713,30.217220869422846,115.56638454066328,84.7456718069179
0,0,0,4.114285714285714,11.925778614872305,0.02441354197136123,11.901365072900942,1.0,0.0,1.3140932819489977,2.1841344228026687,17.926628986478978,45.21882162068848,18.945075749515375
0,0,0,4.377142857142857,7.699318560300012,0.02441354197136123,7.67490501832865,1.0,0.0,1.329309088007192,2.7039087091909995,23.086769293226197,54.30103335266465,56.40275592761864
0,0,0,4.64,5.740875716858227,0.02441354197136123,5.716462174886866,1.0,0.0,1.2066687112838959,2.24424240179219,10.305481239537443,21.489402075559504,13.750787590613037
0,0,0,4.902857142857142,-0.08636010021437833,0.02441354197136123,-0.11077364218573955,1.0,0.0,0.9882155057334794,1.4935651881347989,14.488297737828285,44.4518513470371,35.05316779814462
0,0,0,5.1657142857142855,-0.872693790627319,0.02441354197136123,-0.8971073325986803,1.0,0.0,0.956346319715327,1.5043848406730822,6.271310065311245,11.94571461718811,12.432944698701146
0,0,0,5.428571428571429,-1.1589113067863275,0.02441354197136123,-1.1833248487576886,1.0,0.0,0.9557458796955691,1.453839866471017,2.596378554653665,4.338997185648296,2.289145026949618
0,0,0,5.691428571428571,-1.0460673501937239,0.02441354197136123,-1.070480892165085,1.0,0.0,0.9565771339510727,1.4710045893271761,1.1629705910754466,1.5931445089454128,0.7582608926443357
0,0,0,5.954285714285714,-0.8615165137770046,0.02441354197136123,-0.8859300557483658,1.0,0.0,0.9581546066358643,1.4623632577508843,1.2139403444164771,2.690536042048098,0.9277364831610917
0,0,0,6.217142857142857,-0.7543859191005172,0.02441354197136123,-0.7787994610718784,1.0,0.0,0.9568958753457724,1.4578093661017861,1.1049614550596751,2.8029615570942217,1.5462708656925557
0,0,0,6.4799999999999995,-0.6628535065026773,0.02441354197136123,-0.6872670484740386,1.0,0.0,0.9551364006378875,1.4504149461207325,0.7480761267242767,1.4456199297648866,1.4688100992276503
0,0,0,6.742857142857142,-0.5748430467586789,0.022081701089260598,-0.5969247478479395,0.9671991017264268,0.0,0.953688210144626,1.4399782532672478,0.6610640622352922,1.1613248035470713,1.0160671677597906
0,0,0,7.005714285714285,-0.47260797277978495,-0.03762684060698401,-0.434981132172801,0.7844476532096384,0.0,0.9547894722219372,1.4311360858064968,0.6102435777825123,1.0425574436207006,0.314604402230488
0,0,0,7.268571428571428,-0.39709496527669585,-0.16561560814284892,-0.23147935713384693,0.47679520179622736,0.0,0.9569541849791033,1.4254482135031896,0.4060642875828333,0.7499631994605552,0.06616240053616332
0,0,0,7.531428571428571,-0.3540067275842593,-0.28086665867895666,-0.07314006890530259,0.17984121206342998,0.0,0.9582229260122406,1.4224048943974774,0.1621057122864004,0.2618237476336364,0.02748148591086836
0,0,0,7.794285714285714,-0.326560684048846,-0.31985074997545093,-0.006709934073395015,0.020778930647087374,0.0,0.9584999726454957,1.4211774740006704,0.041183654939310366,0.12100777805820839,0.07173841671307787
0,0,0,8.057142857142857,-0.2948657170057715,-0.29486571700590375,1.3221186732220724e-13,0.0,0.0,0.9585279640644186,1.4206805562998153,0.03827513213689004,0.1413643314633116,0.09762627232438803
0,0,0,8.32,-0.25969159139659664,-0.2596915913967365,1.398525531493e-13,0.0,0.0,0.9585358285123047,1.4200693494166654,0.034358789658077434,0.12541306652848314,0.10147943404944985
0,0,0,8.582857142857144,-0.22572279915837312,-0.22572279915835966,-1.3441206481168423e-14,0.0,0.0,0.9585313272840527,1.4194763975705835,0.031214172699651897,0.1062410766289841,0.09171685389594546
0,0,0,8.845714285714285,-0.19469541210175545,-0.19469541210188307,1.276114543896645e-13,0.0,0.0,0.9585212968910375,1.4189519555380303,0.02790468589021731,0.08783698848608316,0.07689182447321441
0,0,0,9.108571428571427,-0.16716993854984188,-0.16716993854994092,9.904889061718159e-14,0.0,0.0,0.9585093070501344,1.4185076151708147,0.024377360667048823,0.07161526721949772,0.06108597326751295
0,0,0,9.37142857142857,-0.1431333294587987,-0.1431333294588524,5.372482233395593e-14,0.0,0.0,0.9584971617421724,1.4181392963606076,0.021009285994253033,0.057877946320611044,0.04617311496886316
0,0,0,9.634285714285713,-0.12230150898845041,-0.12230150898852284,7.24265009945102e-14,0.0,0.0,0.9584857057925404,1.417837686037415,0.0179544658727262,0.04648128400615725,0.03297657558916629
0,0,0,9.897142857142857,-0.10426244581648543,-0.10426244581648969,4.260382411441777e-15,0.0,0.0,0.9584752557536207,1.41759282375203,0.01525536400685577,0.03713416753503107,0.02186754434202423
0,0,0,10.16,-0.08853452454793816,-0.08853452454800374,6.558588698177271e-14,0.0,0.0,0.9584658291373225,1.4173958801671644,0.012897243072789286,0.029522891387568754,0.01307290937056488
0,0,0,10.422857142857143,-0.07458465213080345,-0.07458465213085695,5.350480258500823e-14,0.0,0.0,0.9584572695351097,1.4172394966287993,0.010832084519545758,0.023351770550557892,0.006828057972480725
0,0,0,10.685714285714285,-0.061837476274531074,-0.061837476274652206,1.2113087269338685e-13,0.0,0.0,0.9584493250926716,1.4171172941247518,0.008987773720504478,0.018342195441379768,0.003401551106218431
0,0,0,10.948571428571427,-0.04970171067112242,-0.04970171067119573,7.330657999030099e-14,0.0,0.0,0.9584417156907605,1.4170228552183983,0.00727466193976545,0.014213407583021326,0.0022796462943487873
0,0,0,11.21142857142857,-0.03763561676511357,-0.037635616765215055,1.0148410920212542e-13,0.0,0.0,0.958434209434874,1.4169484313859377,0.00559704944299577,0.010661221020412896,0.0017938285925015536
0,0,0,11.474285714285713,-0.02526596462062721,-0.025265964620741994,1.1478530311578166e-13,0.0,0.0,0.9584267153642638,1.4168837464003456,0.0038656291332628107,0.00734711069275756,0.002256689497886551
0,0,0,11.737142857142857,-0.01255783542359006,-0.01255783542369747,1.0740964107719409e-13,0.0,0.0,0.9584193826070067,1.4168155225769878,0.002009980756702412,0.0039075949264928906,0.0026204964409249506
0,0,0,12.0,0.0,0.0,0.0,0.0,0.0,0.9584126733979467,1.4167287421054136,0.0,0.0,0.0
1,0,1,2.8,30.61844601846827,0.007128418073772039,30.611317600394496,1.0,0.0,1.9172974487827006,3.617440879186812,31.58375016943996,54.16262788880105,12.681947548693683
1,0,1,3.0628571428571427,21.784844558572303,0.007128418073772039,21.77771614049853,1.0,0.0,2.3652714553446663,6.273555844948215,37.56637497467485,103.72709465711232,92.6793525913482
1,0,1,3.3257142857142856,15.238937038136795,0.007128418073772039,15.231808620063024,1.0,0.0,1.1586466600538767,2.226328464768532,29.99074954772538,58.23197354192191,33.694368396116104
1,0,1,3.588571428571428,13.691041890475221,0.007128418073772039,13.68391347240145,1.0,0.0,1.0951918655366035,1.8947676652853693,10.213324345633922,26.925990576376194,21.61778620276841
1,0,1,3.8514285714285714,5.51773145560951,0.007128418073772039,5.510603037535737,1.0,0.0,1.1584966834140014,1.7131911110750193,8.887653411299187,22.029063067122962,2.795024539214092
1,0,1,4.114285714285714,0.4528003546317062,0.007128418073772039,0.44567193655793413,1.0,0.0,0.9387139916232824,1.4268955647515384,6.660639441517732,14.269572957702117,9.841180756868331
1,0,1,4.377142857142857,-1.0361271880899436,0.007128418073772039,-1.0432556061637157,1.0,0.0,0.94938480198091,1.4589738047945844,4.79358216678434,7.135086298570184,4.242559475076953
1,0,1,4.64,-1.3075611392936448,0.007128418073772039,-1.3146895573674169,1.0,0.0,0.9598282802202632,1.4580448537517379,5.196820540831292,11.31522684979541,4.8441438902253635
1,0,1,4.902857142857142,-1.160606281812879,0.007128418073772039,-1.1677346998866511,1.0,0.0,0.9681329357623053,1.4508524710545083,5.408275827025954,12.15669711239281,4.911115676133916
1,0,1,5.1657142857142855,-0.8866967923335145,0.007128418073772039,-0.8938252104072866,1.0,0.0,0.9708498001975837,1.4604704355268623,5.692073751344744,12.09670790701052,2.4758648860945827
1,0,1,5.428571428571429,-0.6712920292265402,0.007128418073772039,-0.6784204473003123,1.0,0.0,0.9657239216297668,1.465642144344966,4.932664252862629,9.87566102723473,0.9571614325296836
1,0,1,5.691428571428571,-0.5329730410591287,0.007128418073772039,-0.5401014591329008,1.0,0.0,0.9606100523123923,1.4575138813287924,3.7837725298044433,7.9405881148129005,0.4096856400220864
1,0,1,5.954285714285714,-0.43724823135516994,0.007128418073772039,-0.444376649428942,1.0,0.0,0.9562524054096624,1.4431810600185198,3.037602890490794,7.068574335207979,0.2850304619872479
1,0,1,6.217142857142857,-0.3822105730305075,0.007128418073772039,-0.38933899110427955,1.0,0.0,0.9537869375197896,1.4321602071857618,2.4521955661052663,5.831049061580324,0.13045714540286873
1,0,1,6.4799999999999995,-0.35328461184236054,0.007128418073772039,-0.3604130299161326,1.0,0.0,0.9534363893303013,1.4273753285917727,1.996364163184495,4.177390372112238,0.14816908350344915
1,0,1,6.742857142857142,-0.31288522627225696,0.016088343167893773,-0.32897356944015077,0.9671991017264268,0.0,0.9546190894122949,1.4272175182216695,1.5401059753777493,2.6016206335597043,0.23148073625362567
1,0,1,7.005714285714285,-0.23190617588452314,0.01612819187711612,-0.24803436776163926,0.7844476532096393,0.0,0.9568079034192694,1.4263728075453515,1.1234815059523513,1.9185208362060917,0.1927645976030998
1,0,1,7.268571428571428,-0.16604568480052923,-0.030072632093782737,-0.1359730527067465,0.47679520179622853,0.0,0.9584999153103952,1.4232871063989074,0.7404611478856253,1.5029043885040083,0.061341794310544304
1,0,1,7.531428571428571,-0.13653619994819127,-0.09179754625532384,-0.044738653692867426,0.1798412120634308,0.0,0.9590192327169487,1.419895721165583,0.31496909122478073,0.6848797678891566,0.15887718408215165
1,0,1,7.794285714285714,-0.13108044369053254,-0.12673506984858196,-0.004345373841950594,0.020778930647087437,0.0,0.9589180981116417,1.4178809373602455,0.05961341621965088,0.11881874787888137,0.047661594308929765
1,0,1,8.057142857142857,-0.1285405804823888,-0.1285405804824096,2.0781865377877964e-14,0.0,0.0,0.9588179431888124,1.4174002875509986,0.029298080017169322,0.061477785800731155,0.02279074129326508
1,0,1,8.32,-0.1192828576717759,-0.11928285767175899,-1.6921518873613817e-14,0.0,0.0,0.9587585993931113,1.417215126136879,0.020487318752133183,0.05120325581428182,0.015628219177219023
1,0,1,8.582857142857144,-0.10662077533167798,-0.10662077533166746,-1.0520944358771711e-14,0.0,0.0,0.9587142564293426,1.4170570403725655,0.01839270102080478,0.04271108357361441,0.02398271778523423
1,0,1,8.845714285714285,-0.09311140189266268,-0.09311140189270044,3.7763389637568425e-14,0.0,0.0,0.958679697751105,1.416924861305171,0.017737499770676325,0.035702015218854646,0.02702044502900135
1,0,1,9.108571428571427,-0.0800557855053786,-0.08005578550546044,8.183734571086399e-14,0.0,0.0,0.9586518095511671,1.4168155950694394,0.016427894890151486,0.029909902153262974,0.026293134488406318
1,0,1,9.37142857142857,-0.06805856387767044,-0.06805856387768087,1.0440937177336185e-14,0.0,0.0,0.9586286463406161,1.4167258434901213,0.014849836354248561,0.025110297658574185,0.02364081314752996
1,0,1,9.634285714285713,-0.05733946428676293,-0.05733946428679744,3.450309699407073e-14,0.0,0.0,0.9586089207519463,1.416652444961547,0.013216822752788897,0.02266514950386026,0.02020627643132006
1,0,1,9.897142857142857,-0.04790512936760034,-0.04790512936756362,-3.6713295381227145e-14,0.0,0.0,0.9585916984348201,1.4165927142085526,0.011636237371843878,0.01994501073171394,0.016661717647622466
1,0,1,10.16,-0.03964292793213773,-0.03964292793214497,7.230649022235691e-15,0.0,0.0,0.9585761970203768,1.416544453499963,0.01014992054389101,0.017127791422793394,0.013396880458983585
1,0,1,10.422857142857143,-0.03237365466511261,-0.03237365466517387,6.126049873541456e-14,0.0,0.0,0.9585616469136102,1.416505815060908,0.008756240427102423,0.014405568787160256,0.010622861722885941
1,0,1,10.685714285714285,-0.02588642865765708,-0.02588642865775528,9.819881431442913e-14,0.0,0.0,0.9585472072585415,1.4164750654346876,0.007423060304209605,0.011844893724931617,0.008414841416234076
1,0,1,10.948571428571427,-0.019970635711798714,-0.019970635711791505,-7.21064722687681e-15,0.0,0.0,0.9585319552932174,1.4164503109381439,0.006098395640790609,0.00943123387251842,0.00672115023620241
1,0,1,11.21142857142857,-0.01445298035455744,-0.014452980354558895,1.455130612358635e-15,0.0,0.0,0.9585149829806469,1.4164292720049019,0.004723144779079256,0.007101758607462703,0.00536322658935095
1,0,1,11.474285714285713,-0.009240694603215097,-0.009240694603257072,4.1973767560612996e-14,0.0,0.0,0.9584956356781114,1.4164092281159315,0.003248417092072213,0.00477811953426998,0.004043238653173025
1,0,1,11.737142857142857,-0.004363799872398297,-0.004363799872514319,1.1602291420361246e-13,0.0,0.0,0.9584739017185516,1.4163872772939365,0.0016587410039373873,0.0024202901185525756,0.002378838825849833
1,0,1,12.0,0.0,0.0,0.0,0.0,0.0,0.9584508902472914,1.4163610436944882,0.0,0.0,0.0
2,0,2,2.8,15.101771935294627,10.85569731265859,4.246074622636038,1.0,0.4700670627808745,2.596862294939411,9.980606135018615,44.62444579124089,115.26159153824332,125.05631474469688
2,0,2,3.0628571428571427,12.647045371977114,0.6664088667620008,11.980636505215113,1.0,0.028216780007448608,2.453870637261976,7.381574785995083,18.771660403229045,32.14869132588413,32.255361426522335
2,0,2,3.3257142857142856,5.254418527211481,0.01571581140023217,5.2387027158112485,1.0,0.0,1.4633339705587214,4.752044911540884,20.92868496869274,49.12483200708919,15.474148475338435
2,0,2,3.588571428571428,26.230770694470234,0.01571581140023217,26.21505488307,1.0,0.0,1.32573357661054,3.613124822552788,20.446881050956137,45.37372049482062,18.975110670126806
2,0,2,3.8514285714285714,29.830596190631134,0.01571581140023217,29.8148803792309,1.0,0.0,1.172060707095627,1.686304099834251,13.904363363848173,32.91359215381486,5.823877800252486
2,0,2,4.114285714285714,11.022910731506105,0.01571581140023217,11.007194920105873,1.0,0.0,1.1847117723265892,2.0384170910670236,10.726984487376974,19.89195449265195,21.252393761751176
2,0,2,4.377142857142857,11.428208666033632,0.01571581140023217,11.412492854633399,1.0,0.0,1.0347362008625773,1.7474489798325568,9.494872867382755,25.64589398597754,9.48708603955062
2,0,2,4.64,2.349705348683891,0.01571581140023217,2.3339895372836588,1.0,0.0,1.0777594707662292,1.7593396347422166,9.724087626223746,25.94536087878421,1.00622868708568
2,0,2,4.902857142857142,-0.6172626771629864,0.01571581140023217,-0.6329784885632186,1.0,0.0,0.9549764654117772,1.5072787162075827,8.813486996852824,23.42638033108044,0.6459546052540727
2,0,2,5.1657142857142855,-1.0941404910881662,0.01571581140023217,-1.1098563024883985,1.0,0.0,0.9535969445509025,1.4904547782571307,7.7262607854841265,20.150940598129658,0.8623915930716408
2,0,2,5.428571428571429,-1.2323548517837262,0.01571581140023217,-1.2480706631839582,1.0,0.0,0.9533001128111194,1.443497763211849,6.428165673561812,16.47581428665409,1.9502239816965057
2,0,2,5.691428571428571,-1.0396005828314097,0.01571581140023217,-1.055316394231642,1.0,0.0,0.9573091401993608,1.4732816582589043,5.0517332459398085,12.893545456347045,2.3385985463536154
2,0,2,5.954285714285714,-0.8223006662876062,0.01571581140023217,-0.8380164776878385,1.0,0.0,0.9581368046633632,1.4703529718021213,3.8336211421464483,9.981107820707823,2.1136967357427423
2,0,2,6.217142857142857,-0.6855762164961388,0.01571581140023217,-0.7012920278963709,1.0,0.0,0.9564719406812348,1.4628934177405106,2.8826516220066973,7.759639687137104,1.704637038299825
2,0,2,6.4799999999999995,-0.5911320714244153,0.01571581140023217,-0.6068478828246474,1.0,0.0,0.9545028774938252,1.4501101098589255,2.278155343095548,6.108093212851036,1.2092023918948729
2,0,2,6.742857142857142,-0.503459210436834,0.018532124579639504,-0.5219913350164734,0.9671991017264264,0.0,0.9536870948499094,1.4398258426813646,1.9763818561780597,5.137514965280526,0.15848077946829134
2,0,2,7.005714285714285,-0.39798731111572927,-0.01838485561459016,-0.3796024555011391,0.7844476532096393,0.0,0.9553593207942743,1.4324594627723888,1.552807725441679,3.438213961812927,1.547271563682138
2,0,2,7.268571428571428,-0.3217665775298794,-0.11773277717390924,-0.20403380035597019,0.47679520179622853,0.0,0.9577287411990991,1.427856088606647,0.9635088897645918,1.6288758405569446,2.2209938876508604
2,0,2,7.531428571428571,-0.27987750549337537,-0.21451422195525335,-0.06536328353812203,0.1798412120634292,0.0,0.9588609365049446,1.4246491092458295,0.43391409570939066,0.6164028856799021,1.6372449721450282
2,0,2,7.794285714285714,-0.2576982576743431,-0.2516228165222925,-0.006075441152050599,0.020778930647087374,0.0,0.9589360675468258,1.4226848441253899,0.09615693061339771,0.1814498948575854,0.450502466034275
2,0,2,8.057142857142857,-0.23521990970738976,-0.23521990970743129,4.1523727165038165e-14,0.0,0.0,0.9588908778836359,1.4218482354712203,0.029074702066834136,0.06210477682987966,0.029910254382734425
2,0,2,8.32,-0.2082378944932474,-0.2082378944932363,-1.1080994628820395e-14,0.0,0.0,0.9588547275707267,1.4210698167864935,0.022078452652873833,0.0514743094139841,0.03502896475369301
2,0,2,8.582857142857144,-0.18095275957956444,-0.18095275957964502,8.056723170557501e-14,0.0,0.0,0.9588117179165009,1.4203310813971808,0.01987706419694176,0.04268123141720542,0.03794830972869964
2,0,2,8.845714285714285,-0.15546797468191384,-0.15546797468186366,-5.018450455543389e-14,0.0,0.0,0.9587685684634399,1.4196832788651537,0.018824567467061445,0.03541834211015897,0.03641088870423968
2,0,2,9.108571428571427,-0.1326078339778471,-0.1326078339777857,-6.138550995640758e-14,0.0,0.0,0.9587282855460992,1.419135952082922,0.01724791082684211,0.02941264243584748,0.032311963129255536
2,0,2,9.37142857142857,-0.1125518816680799,-0.11255188166813934,5.944533580659605e-14,0.0,0.0,0.9586919864064528,1.4186820193455723,0.015488774294882728,0.02488469337089572,0.027132138902996213
2,0,2,9.634285714285713,-0.0951621247182119,-0.09516212471823912,2.7222443483437832e-14,0.0,0.0,0.9586598293706793,1.4183090367761324,0.013732307522595974,0.022057416724430925,0.021787273868677497
2,0,2,9.897142857142857,-0.08014630595320757,-0.08014630595315606,-5.1504623049120074e-14,0.0,0.0,0.9586314712573938,1.4180040073221498,0.012067239048345927,0.01894296159185159,0.016829511239451356
2,0,2,10.16,-0.06713418965273786,-0.06713418965273454,-3.3202980295743424e-15,0.0,0.0,0.9586062766725773,1.417755113086753,0.010521866713682186,0.015884954639530668,0.012598341253917941
2,0,2,10.422857142857143,-0.05571155110129375,-0.05571155110138572,9.196825506013751e-14,0.0,0.0,0.9585834074646821,1.417551936978174,0.009083535572545784,0.01305452435394743,0.009284362343293148
2,0,2,10.685714285714285,-0.04544094549795119,-0.0454409454979779,2.670239680410691e-14,0.0,0.0,0.9585618761211222,1.4173849404566072,0.007710817395281072,0.010544875138235417,0.006918018194999277
2,0,2,10.948571428571427,-0.035890130888528174,-0.03589013088860364,7.54667738890602e-14,0.0,0.0,0.958540627011509,1.417244652610899,0.006344865488991486,0.0087762133876575,0.005352429421424552
2,0,2,11.21142857142857,-0.02668278308190975,-0.0266827830818855,-2.4252176872643916e-14,0.0,0.0,0.9585186968560728,1.4171209557872142,0.004923317329736335,0.006749146602406733,0.00433918650631853
2,0,2,11.474285714285713,-0.017578106960967947,-0.017578106961002128,3.418056804390876e-14,0.0,0.0,0.9584954868715098,1.4170028959974217,0.0033970849686008214,0.004489465599730286,0.0035651281890844363
2,0,2,11.737142857142857,-0.008573034903573185,-0.008573034903523213,-4.997198547974577e-14,0.0,0.0,0.9584711397082097,1.4168795184145735,0.001747672246301983,0.0023376169837345325,0.002437950890700785
2,0,2,12.0,0.0,0.0,0.0,0.0,0.0,0.9584469378118741,1.4167422549957858,0.0,0.0,0.0
3,0,3,2.8,23.24056503936663,0.020189752317635135,23.220375287048995,1.0,0.0,2.0650980725699544,4.82674152475724,38.084531198516295,88.16604940588813,52.322670497269506
3,0,3,3.0628571428571427,21.792317504879723,0.020189752317635135,21.77212775256209,1.0,0.0,1.1260628764087262,2.230964025417785,22.319061004679217,47.65392268627042,63.836329306774516
3,0,3,3.3257142857142856,5.363660036841938,0.020189752317635135,5.343470284524303,1.0,0.0,0.994395437167632,1.7341545840222115,14.218875463364409,30.131431618687728,36.120950796379375
3,0,3,3.588571428571428,1.1613571036029635,0.020189752317635135,1.1411673512853284,1.0,0.0,0.8984940169698031,1.608451178928391,6.689785757758262,11.067237316600432,10.343109380820998
3,0,3,3.8514285714285714,-1.1910398649324414,0.020189752317635135,-1.2112296172500767,1.0,0.0,0.9354854506683022,1.496903422697573,3.0688376799154855,5.329919869268903,9.190093123631806
3,0,3,4.114285714285714,-1.9812264394357544,0.020189752317635135,-2.0014161917533895,1.0,0.0,0.949318286604951,1.454079340159194,1.140445812825135,2.340720313935566,0.7541182848471444
3,0,3,4.377142857142857,-2.059984960622032,0.020189752317635135,-2.0801747129396677,1.0,0.0,0.9553632184304746,1.4644537401774307,0.9104026531679205,1.5856105200060808,0.4450766281203091
3,0,3,4.64,-1.8118619244069454,0.020189752317635135,-1.8320516767245807,1.0,0.0,0.9574953343299637,1.4673340120821112,0.8490179500843046,1.3737897677444233,1.1510877663476209
3,0,3,4.902857142857142,-1.4456197612492707,0.020189752317635135,-1.465809513566906,1.0,0.0,0.959120127627693,1.451797795087312,0.6508940325134683,1.1603649747064377,1.2136839312373635
3,0,3,5.1657142857142855,-1.1308597364513684,0.020189752317635135,-1.1510494887690035,1.0,0.0,0.9595242211751346,1.431346675770596,0.4744609545101811,1.0214790203817867,1.0699369746557426
3,0,3,5.428571428571429,-0.8920646908641059,0.020189752317635135,-0.912254443181741,1.0,0.0,0.9585911512987062,1.4163010227377264,0.36199540881672493,0.7813535833101214,0.8663386396688113
3,0,3,5.691428571428571,-0.7029929093762106,0.020189752317635135,-0.7231826616938457,1.0,0.0,0.9577956585265456,1.408790152735587,0.32092182740185854,0.5743654911340031,0.6718317445041965
3,0,3,5.954285714285714,-0.5576593368437192,0.020189752317635135,-0.5778490891613542,1.0,0.0,0.9577782967575695,1.4066567892725463,0.27711193504764525,0.511437538237077,0.45686591386429076
3,0,3,6.217142857142857,-0.4516874224168596,0.020189752317635135,-0.4718771747344947,1.0,0.0,0.9585867456779538,1.4111612241044655,0.24959889582555103,0.5254494393943764,0.2945525601010698
3,0,3,6.4799999999999995,-0.37842468040922567,0.020189752317635135,-0.3986144327268608,1.0,0.0,0.9596176417479365,1.41801440214842,0.2275904534707874,0.4683811410061419,0.17847352686333626
3,0,3,6.742857142857142,-0.32193346785778143,0.020658294974416715,-0.34259176283219817,0.9671991017264268,0.0,0.9602181800755625,1.4221061799507193,0.20274642601874293,0.34266903000353593,0.1858168119938554
3,0,3,7.005714285714285,-0.2710071700265105,-0.012941926879918415,-0.25806524314659207,0.7844476532096393,0.0,0.9599050577508643,1.422242591206759,0.16148044488899252,0.23123909075732282,0.13027408695010056
3,0,3,7.268571428571428,-0.2452988277470262,-0.09832716233762594,-0.14697166540940027,0.47679520179622853,0.0,0.9589947239505114,1.4214388340432715,0.10768160807115025,0.17268615812785001,0.05901656791159812
3,0,3,7.531428571428571,-0.2350610951578343,-0.18428296080343368,-0.050778134354400636,0.17984121206342998,0.0,0.9582956833876951,1.4186298045651473,0.06057865678999889,0.11853211645872158,0.03163204293872187
3,0,3,7.794285714285714,-0.22640056576440595,-0.22122715220987738,-0.005173413554528568,0.020778930647087437,0.0,0.9581045161607122,1.4165699448510922,0.037314125210845255,0.0829227367568828,0.026857632723952078
3,0,3,8.057142857142857,-0.21131291785705253,-0.21131291785699988,-5.264472538457632e-14,0.0,0.0,0.9581070653823438,1.416289568596111,0.026871497395546163,0.06704971511609217,0.037556572253569495
3,0,3,8.32,-0.19117929011304668,-0.1911792901130453,-1.4001256751217107e-15,0.0,0.0,0.958125629909602,1.4163146197061471,0.022492998536985307,0.05507571463006583,0.04534042542865805
3,0,3,8.582857142857144,-0.16974937607181761,-0.16974937607171542,-1.02189172488526e-13,0.0,0.0,0.9581507548020273,1.416332701393344,0.020178234172839267,0.04513343557853701,0.044705560466429595
3,0,3,8.845714285714285,-0.1489599321091901,-0.1489599321092381,4.8004308861315796e-14,0.0,0.0,0.9581772503891823,1.4163454342940605,0.018685685441442567,0.03692674942178112,0.0395747212028082
3,0,3,9.108571428571427,-0.12971995876397016,-0.12971995876400633,3.61632460088579e-14,0.0,0.0,0.9582026395169259,1.4163540319713932,0.016861025165007423,0.03099574487918952,0.032503144841023415
3,0,3,9.37142857142857,-0.11237486966916696,-0.11237486966913245,-3.452309878942961e-14,0.0,0.0,0.9582258584893003,1.41635931786472,0.014977890688251437,0.027239099476265873,0.024950855120725698
3,0,3,9.634285714285713,-0.0969607597020849,-0.0969607597021003,1.5401382426338816e-14,0.0,0.0,0.9582465871408694,1.4163616803220729,0.013173636981918169,0.023075451233595893,0.01775024956158962
3,0,3,9.897142857142857,-0.08333779469505598,-0.08333779469500817,-4.781429180540642e-14,0.0,0.0,0.9582649061705626,1.41636099260489,0.011506792549795378,0.018998716015720635,0.01142859234690133
3,0,3,10.16,-0.07125436862641497,-0.07125436862639985,-1.5131358188993916e-14,0.0,0.0,0.9582811284021371,1.4163565538423177,0.009986960054724945,0.015268447955812815,0.006436184286387929
3,0,3,10.422857142857143,-0.06037545874957835,-0.06037545874957557,-2.7802495548845398e-15,0.0,0.0,0.9582957184246377,1.416347133428537,0.0085895230948624,0.013293646264594642,0.0033904874713039995
3,0,3,10.685714285714285,-0.050300587824708726,-0.05030058782464742,-6.130550277497205e-14,0.0,0.0,0.9583092459131878,1.4163312173505704,0.007265899935815522,0.011677189717064001,0.002669655290270649
3,0,3,10.948571428571427,-0.040593399739081985,-0.04059339973907488,-7.100637352402961e-15,0.0,0.0,0.9583223320495019,1.4163075482687555,0.005956156889744134,0.009748159627961219,0.002465130701046809
3,0,3,11.21142857142857,-0.03084188331828907,-0.030841883318262268,-2.6802405780901317e-14,0.0,0.0,0.9583355570267701,1.4162760037279123,0.00460495930897451,0.0074589717265467976,0.0016301546052531301
3,0,3,11.474285714285713,-0.020761815316001724,-0.020761815315900288,-1.0143660493814807e-13,0.0,0.0,0.9583493078832485,1.4162387428160166,0.0031745631929727923,0.00487704768232477,0.0013814696956706632
3,0,3,11.737142857142857,-0.01034168861787835,-0.010341688617789196,-8.915550258779479e-14,0.0,0.0,0.95836356806421,1.4162377805057373,0.0016448461699980718,0.0022446623023653824,0.0018219699251247699
3,0,3,12.0,0.0,0.0,0.0,0.0,0.0,0.9583776925798076,1.416263237452405,0.0,0.0,0.0
4,0,4,2.8,14.335617237178193,0.0018220857063977083,14.333795151471795,1.0,0.0,2.693151319917155,4.294781434049519,68.37442679057908,212.9760506366454,276.935287246252
4,0,4,3.0628571428571427,21.509831216092017,0.0018220857063977083,21.50800913038562,1.0,0.0,1.6458238904521618,4.831674870007906,32.860855157627036,88.6790402275529,82.68699175343215
4,0,4,3.3257142857142856,11.435256959063024,0.0018220857063977083,11.433434873356624,1.0,0.0,0.9740726902374561,1.658096551634049,33.52005382085906,61.54087052294263,76.87491679391863
4,0,4,3.588571428571428,2.566774272188869,0.0018220857063977083,2.564952186482471,1.0,0.0,0.9256361056009421,1.4328696484548793,35.5726228103941,95.099745467083,86.61199436260438
4,0,4,3.8514285714285714,0.9882561376440577,0.0018220857063977083,0.98643405193766,1.0,0.0,0.955984701525861,1.3800862807545056,16.709906812147477,29.58029244395402,25.85466788060066
4,0,4,4.114285714285714,-0.31344839846260825,0.0018220857063977083,-0.31527048416900594,1.0,0.0,0.9460217133038128,1.4139932976638916,13.951335913696006,30.386665867165064,15.623780082041884
4,0,4,4.377142857142857,-0.5567973951708008,0.0018220857063977083,-0.5586194808771985,1.0,0.0,0.9616540946639816,1.437509969917893,9.458821425894646,17.621852487414433,20.230407589281935
4,0,4,4.64,-0.49322083264515276,0.0018220857063977083,-0.4950429183515504,1.0,0.0,0.965007650297778,1.456199765298127,7.695147711123553,15.524885693276751,1.7311548285990748
4,0,4,4.902857142857142,-0.3460504516283501,0.0018220857063977083,-0.3478725373347478,1.0,0.0,0.9675016077452175,1.4544250471160751,7.531243960196382,12.565080980133725,3.406358999257029
4,0,4,5.1657142857142855,-0.242320531869724,0.0018220857063977083,-0.2441426175761217,1.0,0.0,0.9649212560098043,1.4385416614244666,7.223449610795091,13.310200391881517,1.7777658834927377
4,0,4,5.428571428571429,-0.19190949166300247,0.0018220857063977083,-0.1937315773694002,1.0,0.0,0.9626158847991675,1.4348647796894087,6.158925613287522,13.480652404251513,1.3632065623329521
4,0,4,5.691428571428571,-0.17563481418362537,0.0018220857063977083,-0.17745689989002306,1.0,0.0,0.960867245531513,1.4328514508668495,4.907467539179488,11.762539306904646,3.1474080553394876
4,0,4,5.954285714285714,-0.16023072620326576,0.0018220857063977083,-0.16205281190966347,1.0,0.0,0.9585330034106482,1.4271542478086643,4.203417599679246,9.466077538059785,3.07631184626748
4,0,4,6.217142857142857,-0.14509551615504204,0.0018220857063977083,-0.14691760186143973,1.0,0.0,0.9564315595073385,1.4213849653075894,3.4363848848151908,6.79876782707255,1.5398020456898975
4,0,4,6.4799999999999995,-0.1360038547197318,0.0018220857063977083,-0.13782594042612953,1.0,0.0,0.9555947935244535,1.4181792892907856,2.6649185054246685,4.302302620372413,0.134742610661858
4,0,4,6.742857142857142,-0.1117501945523885,0.020116519590899447,-0.13186671414328793,0.9671991017264268,0.0,0.9559698850698999,1.4194514077260818,2.0410286999862413,3.284098595003192,1.8609387236562447
4,0,4,7.005714285714285,-0.05616623401306703,0.05381655074007275,-0.10998278475313977,0.7844476532096402,0.0,0.9574249711006806,1.4215992907337769,1.4651795939958,2.313769781416302,3.1560581015119715
4,0,4,7.268571428571428,-0.02881474761909011,0.04047613987037802,-0.06929088748946813,0.47679520179622853,0.0,0.958783963509769,1.4215068994200328,0.8650294772594467,1.5275751755715026,2.6174765483360267
4,0,4,7.531428571428571,-0.03417266801506675,-0.00769596897541966,-0.02647669903964709,0.17984121206342998,0.0,0.9592437881889222,1.4195192730577768,0.32830135557127255,0.5318134289664158,1.1416537060887877
4,0,4,7.794285714285714,-0.052229516244403335,-0.049261995744855,-0.002967520499548341,0.020778930647087437,0.0,0.9590929445509291,1.417688452692497,0.06498423482618561,0.13423018611896909,0.07156662715795344
4,0,4,8.057142857142857,-0.06646418279077589,-0.06646418279078262,6.720603240584211e-15,0.0,0.0,0.9589261694146067,1.4171874065740804,0.043805276092260356,0.08926992740607555,0.08626605203417573
4,0,4,8.32,-0.06957077954692578,-0.06957077954693916,1.3381201095091777e-14,0.0,0.0,0.9588236193331084,1.417033842332967,0.029736950062483787,0.03873404247208933,0.035147371992288796
4,0,4,8.582857142857144,-0.06606196803529164,-0.0660619680352571,-3.454310058478849e-14,0.0,0.0,0.9587533092760783,1.4169062371932326,0.02103741627150222,0.03313739056400223,0.009416938242208293
4,0,4,8.845714285714285,-0.059499587783053066,-0.059499587783101396,4.83243375870579e-14,0.0,0.0,0.9587030445650754,1.4168011796301445,0.019393524249373705,0.028463589984467817,0.00995151432800527
4,0,4,9.108571428571427,-0.05183905716691957,-0.05183905716689639,-2.3182080820943752e-14,0.0,0.0,0.9586656396673273,1.416715075559776,0.018699671519945057,0.024674886900507127,0.01553248331254888
4,0,4,9.37142857142857,-0.04412141223150726,-0.044121412231568,6.074045205608364e-14,0.0,0.0,0.9586367276377263,1.4166446430948263,0.01740638542479826,0.02181056205646506,0.01765688698460279
4,0,4,9.634285714285713,-0.03686607046963614,-0.036866070469682696,4.65591791466366e-14,0.0,0.0,0.9586135607567818,1.4165870900042887,0.015857202753996685,0.020357072532333403,0.01765049331119796
4,0,4,9.897142857142857,-0.030294736443099164,-0.03029473644306059,-3.857346234960313e-14,0.0,0.0,0.9585943164373877,1.4165401168877936,0.014236760121601213,0.019174648144384573,0.01654597471149298
4,0,4,10.16,-0.024460365772991027,-0.02446036577297578,-1.5246368512307485e-14,0.0,0.0,0.9585776722223116,1.4165018063848542,0.01263090592796855,0.017352964431750717,0.014954810648035109
4,0,4,10.422857142857143,-0.01932435196609072,-0.019324351966080254,-1.0465939421534788e-14,0.0,0.0,0.9585625351743685,1.4164704336331784,0.011059912700743689,0.015236522732103089,0.013196324708686659
4,0,4,10.685714285714285,-0.014807389550550333,-0.014807389550572845,2.2512020676421218e-14,0.0,0.0,0.958547877763299,1.4164442443685217,0.009497557507346096,0.012977591927746399,0.011386360737283259
4,0,4,10.948571428571427,-0.010827973725687725,-0.010827973725646072,-4.1651238610451033e-14,0.0,0.0,0.9585326735561711,1.4164212781982612,0.007885974702067873,0.010610388478042158,0.009498744440817431
4,0,4,11.21142857142857,-0.007333712987920756,-0.007333712987999607,7.885082764134098e-14,0.0,0.0,0.9585159511989134,1.4163993481186001,0.006154213522751552,0.00811085573354823,0.007429025684683802
4,0,4,11.474285714285713,-0.004323180578281946,-0.004323180578327973,4.602663134520638e-14,0.0,0.0,0.9584969931565144,1.4163763004381742,0.004246408552348626,0.005457067911304408,0.005084169620791587
4,0,4,11.737142857142857,-0.001850192278069077,-0.0018501922780240173,-4.505966955082545e-14,0.0,0.0,0.9584756873195645,1.4163506409368538,0.0021616539563840587,0.0026949499698664748,0.0025055113669082505
4,0,4,12.0,0.0,0.0,0.0,0.0,0.0,0.958452978284161,1.4163224820967397,0.0,0.0,0.0
5,0,5,2.8,35.558305478625584,0.02078000637483452,35.53752547225075,1.0,0.0,1.6536285259205303,4.132597262238613,101.79107952301156,302.0293260326768,49.73939045328382
5,0,5,3.0628571428571427,39.63799859535383,0.02078000637483452,39.61721858897899,1.0,0.0,1.6211396226498043,2.690901312224363,98.24616083992096,237.87760518358422,146.15656674885815
5,0,5,3.3257142857142856,17.099250999764294,0.02078000637483452,17.078470993389463,1.0,0.0,1.7446076609490895,5.6707925741908936,64.1952053497845,173.94838273081552,64.07214202301792
5,0,5,3.588571428571428,5.43531097433969,0.02078000637483452,5.414530967964856,1.0,0.0,1.0291369206086458,1.8376419197506915,48.57516996762363,97.89968659554424,70.51930768884668
5,0,5,3.8514285714285714,10.446435745981304,0.02078000637483452,10.42565573960647,1.0,0.0,1.059362086721088,1.8526578576030235,61.618150517513975,123.20596466274971,69.04597250134393
5,0,5,4.114285714285714,4.5700414242605625,0.02078000637483452,4.549261417885728,1.0,0.0,1.3931981941873317,2.7489577698789374,46.869452403026834,80.62741019358623,39.846897322749044
5,0,5,4.377142857142857,-0.870412787565168,0.02078000637483452,-0.8911927939400025,1.0,0.0,1.057788671856915,1.58147157454852,38.156449141451105,86.44482818505399,14.462249216804187
5,0,5,4.64,-1.8995918377296999,0.02078000637483452,-1.9203718441045343,1.0,0.0,0.9710323560950067,1.505421833505058,34.13782183098776,83.34411044194285,13.673699641185506
5,0,5,4.902857142857142,-1.8757302130596012,0.02078000637483452,-1.8965102194344359,1.0,0.0,0.9555545053939287,1.4718299705609283,25.131128528356182,60.64073444688721,19.04239677796302
5,0,5,5.1657142857142855,-1.5648321840867319,0.02078000637483452,-1.5856121904615663,1.0,0.0,0.9546196498522352,1.4468566174921547,14.698481837244419,45.07512110290773,7.299401206207664
5,0,5,5.428571428571429,-1.2272374791978202,0.02078000637483452,-1.248017485572655,1.0,0.0,0.9592041333840313,1.439942130178428,27.32133174097415,106.56112934866191,9.502049876589068
5,0,5,5.691428571428571,-0.9795047400890194,0.02078000637483452,-1.000284746463854,1.0,0.0,0.9605320646941118,1.433770949229563,20.47652363849041,75.37248071435602,0.787651850275222
5,0,5,5.954285714285714,-0.7708303177747842,0.02078000637483452,-0.7916103241496187,1.0,0.0,0.9603171710752996,1.4259022456396877,12.533458235440953,42.83417265723529,1.1759969578435179
5,0,5,6.217142857142857,-0.6131588360979614,0.02078000637483452,-0.6339388424727959,1.0,0.0,0.9602058548108301,1.4205725224777879,7.792272841764517,25.961508050667472,0.7895804941583526
5,0,5,6.4799999999999995,-0.5219456635418696,0.02078000637483452,-0.542725669916704,1.0,0.0,0.9601297174978607,1.4188653152411506,5.358334047302887,14.940472140301821,2.6176311929616305
5,0,5,6.742857142857142,-0.4459231232271897,0.01673441239474873,-0.4626575356219384,0.9671991017264268,0.0,0.9605040042409261,1.420639347287555,3.687977693390505,8.342797312632435,2.6195873575427213
5,0,5,7.005714285714285,-0.35923884598890726,-0.036037046133984334,-0.3232017998549229,0.7844476532096384,0.0,0.9606302119772752,1.4236579484921514,2.8350444136337742,7.518364041064493,0.7323489381536965
5,0,5,7.268571428571428,-0.3058706313211798,-0.14294617337774881,-0.162924457943431,0.47679520179622853,0.0,0.9597780162841245,1.423704723558633,2.1929390119919105,6.8565078344098715,1.0647375790144473
5,0,5,7.531428571428571,-0.2888749516396196,-0.2390774528610813,-0.04979749877853831,0.17984121206342998,0.0,0.9585498439069335,1.4202115749575057,1.1214324923526617,3.519233643122782,1.3882504671291138
5,0,5,7.794285714285714,-0.27691192053621416,-0.2722444334150375,-0.004667487121176644,0.020778930647087374,0.0,0.9579586028624625,1.4170645666712016,0.1954148616511164,0.4676435369144425,0.5162166696327609
5,0,5,8.057142857142857,-0.2519056903711283,-0.25190569037111815,-1.0160912042311843e-14,0.0,0.0,0.9579590792869253,1.4165297745545582,0.03501778826651614,0.12334423044866634,0.07477919102369372
5,0,5,8.32,-0.22285569927458027,-0.222855699274609,2.872257813535395e-14,0.0,0.0,0.9580211203042515,1.4165335396912078,0.030281325887077926,0.10451592903785482,0.0802058324571779
5,0,5,8.582857142857144,-0.19452341484749344,-0.19452341484759514,1.0168912760455396e-13,0.0,0.0,0.9580822565513971,1.4165327483302383,0.026950179569516876,0.08675313565870564,0.07463913385667614
5,0,5,8.845714285714285,-0.16837779094966068,-0.16837779094967775,1.706153144112599e-14,0.0,0.0,0.9581373848215092,1.41652869952935,0.024506679982718067,0.07119062496113211,0.06432125846508843
5,0,5,9.108571428571427,-0.14496589802607973,-0.14496589802612858,4.88643860617477e-14,0.0,0.0,0.9581849415941479,1.416522326317451,0.021748204596414186,0.05803072058314795,0.05256553825665902
5,0,5,9.37142857142857,-0.12435633598363104,-0.12435633598371675,8.570769311280758e-14,0.0,0.0,0.9582249926404313,1.4165141977995113,0.01901630683714563,0.04710080771523043,0.04105041337599887
5,0,5,9.634285714285713,-0.10637394317792066,-0.10637394317786684,-5.3824831310750334e-14,0.0,0.0,0.9582583087042285,1.4165044528796937,0.016470475637206817,0.03810705247545978,0.03060957519829681
5,0,5,9.897142857142857,-0.09071682537155644,-0.09071682537158002,2.3582116728121383e-14,0.0,0.0,0.9582859293658703,1.4164926928242227,0.014169894649524114,0.030743731560156702,0.02167741639189552
5,0,5,10.16,-0.07700776692073985,-0.07700776692069751,-4.234380077475231e-14,0.0,0.0,0.9583089625926465,1.4164778914328717,0.012116601307744513,0.024732234638914965,0.014525095857394471
5,0,5,10.422857142857143,-0.06481338044806878,-0.06481338044815452,8.572769490816645e-14,0.0,0.0,0.9583284847283281,1.4164584123447364,0.010276361593374408,0.019824603068936592,0.009341987529811977
5,0,5,10.685714285714285,-0.053656171646863,-0.05365617164684376,-1.924172713524408e-14,0.0,0.0,0.9583454656849684,1.416432245021409,0.008589710269988662,0.01578960093953971,0.006125796324678749
5,0,5,10.948571428571427,-0.04304112427194324,-0.04304112427194894,5.7005116772812506e-15,0.0,0.0,0.958360679838826,1.4163975710235959,0.006981924702249362,0.012393360960564658,0.004411410015596909
5,0,5,11.21142857142857,-0.03251512526350899,-0.03251512526351303,4.0403626624940796e-15,0.0,0.0,0.9583745907742991,1.4163537294305613,0.0053751570652846095,0.00938468083746598,0.0035369702873625933
5,0,5,11.474285714285713,-0.02177062036755347,-0.021770620367563786,1.0315925956343176e-14,0.0,0.0,0.9583872258508814,1.4163085976662186,0.0037001403031997823,0.0064926409443248085,0.0032558076260775204
5,0,5,11.737142857142857,-0.010790066987595374,-0.010790066987579928,-1.54463864658963e-14,0.0,0.0,0.9583980888070143,1.4163084446414649,0.0019090455441409507,0.0034424094355804857,0.0027322338034952215
5,0,5,12.0,0.0,0.0,0.0,0.0,0.0,0.9584061967646106,1.4163040496716774,0.0,0.0,0.0
6,0,6,2.8,12.834309707355306,0.008470384347937574,12.825839323007369,1.0,0.0,1.8128788391146486,4.813843337820691,33.5670369484958,94.9342931839627,121.99759736931458
6,0,6,3.0628571428571427,9.806402340793818,0.008470384347937574,9.79793195644588,1.0,0.0,1.3487163528493755,4.263262761608109,31.187986449557815,91.003953770331,87.28997724109723
6,0,6,3.3257142857142856,11.89758093351661,0.008470384347937574,11.889110549168672,1.0,0.0,1.2678264191743867,2.729002405720026,21.212564701868654,64.18482153828919,75.36887144576825
6,0,6,3.588571428571428,-1.5284516482859105,0.008470384347937574,-1.536922032633848,1.0,0.0,0.9815409079017197,1.1922247629873888,9.386966110653534,29.69144774566024,26.87157000532536
6,0,6,3.8514285714285714,-2.352197248553896,0.008470384347937574,-2.3606676329018335,1.0,0.0,0.9108920467892604,1.3251902373658417,3.5765296239827964,9.209510453182286,9.701060401156377
6,0,6,4.114285714285714,-0.8412393150915439,0.008470384347937574,-0.8497096994394815,1.0,0.0,0.9509449643716443,1.403410490421635,1.508962646032263,3.1411869460259094,1.7042755340631905
6,0,6,4.377142857142857,-0.5515027638035878,0.008470384347937574,-0.5599731481515253,1.0,0.0,0.9537733840317906,1.3959669800134125,1.272278136494958,2.5723487895994226,1.4067215442700618
6,0,6,4.64,-0.4851856328505758,0.008470384347937574,-0.49365601719851343,1.0,0.0,0.9610898219069256,1.3886201531236002,1.062597439561789,2.037234266861984,0.8441499144595123
6,0,6,4.902857142857142,-0.38293287889580896,0.008470384347937574,-0.3914032632437466,1.0,0.0,0.962659719742317,1.3846217564228627,1.0013341661056505,1.7633246032366532,0.6995355085090562
6,0,6,5.1657142857142855,-0.22678493562687574,0.008470384347937574,-0.2352553199748133,1.0,0.0,0.9653473712541025,1.385268197065002,0.8704524068952068,1.6450932739496091,0.49472639416831987
6,0,6,5.428571428571429,-0.22452507259114707,0.008470384347937574,-0.23299545693908463,1.0,0.0,0.9631937586060839,1.3997244621614162,0.6808145966580402,1.2217495186125589,0.43666891457666507
6,0,6,5.691428571428571,-0.23286629761985955,0.008470384347937574,-0.24133668196779712,1.0,0.0,0.9614454595688752,1.4043897633068534,0.48374765685112364,0.8918017634643064,0.277086707022892
6,0,6,5.954285714285714,-0.20150527127816634,0.008470384347937574,-0.2099756556261039,1.0,0.0,0.9602504493512232,1.4051658348170049,0.40713729968073664,0.74346954931808,0.2521482929805943
6,0,6,6.217142857142857,-0.16632628110389805,0.008470384347937574,-0.17479666545183564,1.0,0.0,0.9592585414743336,1.4051514922799244,0.34239232922324325,0.697510059522748,0.1780007151668201
6,0,6,6.4799999999999995,-0.15032453653841585,0.008470384347937574,-0.1587949208863534,1.0,0.0,0.9578099945940723,1.4069392901631128,0.2555759096641595,0.5786589608640709,0.10822010953569894
6,0,6,6.742857142857142,-0.12748341853302564,0.0301811716817814,-0.15766459021480703,0.9671991017264271,0.0,0.9568718113524859,1.4076145600757264,0.20459256484889746,0.37127910095865435,0.20134608854675995
6,0,6,7.005714285714285,-0.06636430316867074,0.07020318265451209,-0.13656748582318284,0.7844476532096402,0.0,0.9576027878517441,1.4086865431746591,0.17371964418453814,0.2771604753780302,0.19809961599362608
6,0,6,7.268571428571428,-0.031616456157594904,0.05336962178286646,-0.08498607794046137,0.4767952017962296,0.0,0.9587671461028686,1.4111261073166739,0.13277549275897324,0.2784759404426803,0.06981615346201528
6,0,6,7.531428571428571,-0.036887850661981816,-0.006626366900054131,-0.030261483761927683,0.1798412120634308,0.0,0.9592962087094863,1.4137281753397632,0.08920211680382364,0.23765329157884904,0.1088519993778368
6,0,6,7.794285714285714,-0.06251054983775917,-0.05945960153409067,-0.0030509483036685013,0.020778930647087898,0.0,0.9590595452508037,1.415204274533692,0.0593934781272216,0.1552427245305917,0.12515010535141388
6,0,6,8.057142857142857,-0.08255302751583182,-0.0825530275159163,8.447758269823635e-14,0.0,0.0,0.9586073606358324,1.415504568436204,0.03987176807683305,0.07791679705897496,0.06962363295727665
6,0,6,8.32,-0.08832054073066556,-0.08832054073068592,2.0351826777662008e-14,0.0,0.0,0.9583354951103455,1.4155985324630116,0.026967717583922628,0.035619498846615597,0.03144919114393994
6,0,6,8.582857142857144,-0.08576907280632126,-0.08576907280637447,5.3214776552304447e-14,0.0,0.0,0.958194066339812,1.4156775051671902,0.019026995417983954,0.02995648709927114,0.02024599890055552
6,0,6,8.845714285714285,-0.07915735982103497,-0.07915735982103908,4.120369843929606e-15,0.0,0.0,0.9581270833543354,1.4157442617309002,0.017865429669060774,0.025902343052913925,0.02064697665098363
6,0,6,9.108571428571427,-0.07086172869537069,-0.07086172869539376,2.306207004879046e-14,0.0,0.0,0.9581023007188516,1.4158010008300046,0.017060218389413014,0.02315730931006249,0.02090664507154574
6,0,6,9.37142857142857,-0.06217918672396848,-0.06217918672396363,-4.8504353745287834e-15,0.0,0.0,0.9581010074838707,1.415849439349586,0.015736380538440977,0.020768923584728167,0.01942242913663117
6,0,6,9.634285714285713,-0.05378307537053708,-0.053783075370526935,-1.0140910246952962e-14,0.0,0.0,0.9581123421207849,1.4158908822379,0.014206312720663885,0.018660497519868098,0.01687021568252819
6,0,6,9.897142857142857,-0.045981453004148895,-0.04598145300419586,4.696421550265395e-14,0.0,0.0,0.9581300874514532,1.4159262974553803,0.012638518070969247,0.016759818318673046,0.01395242254234081
6,0,6,10.16,-0.038863172877363863,-0.03886317287736416,2.950264815435033e-16,0.0,0.0,0.9581508534770545,1.415956431711427,0.011112693793763603,0.014988907487128365,0.01115687182438102
6,0,6,10.422857142857143,-0.032382029932505746,-0.03238202993256317,5.743015492418874e-14,0.0,0.0,0.9581730393607794,1.4159819931351318,0.009650212440154356,0.013258491803542874,0.008773048283153978
6,0,6,10.685714285714285,-0.02641063002892452,-0.02641063002892546,9.400843818674342e-16,0.0,0.0,0.958196214307047,1.416003899742634,0.008231074184540653,0.011469653767450544,0.00691016951321447
6,0,6,10.948571428571427,-0.020784668399151073,-0.020784668399106136,-4.493903372256719e-14,0.0,0.0,0.9582206869608868,1.4160235487377035,0.006806048344549033,0.00952573052081066,0.005521894606187595
6,0,6,11.21142857142857,-0.015350392194615965,-0.015350392194589961,-2.6002333966546055e-14,0.0,0.0,0.9582471064807127,1.416043007394799,0.0053104833914271,0.007356791228547758,0.004465933251883059
6,0,6,11.474285714285713,-0.010020307030822607,-0.01002030703082599,3.3815535278609173e-15,0.0,0.0,0.9582759937957015,1.4160649741208333,0.0036842673909850327,0.004956349888826799,0.003515745203204513
6,0,6,11.737142857142857,-0.004832879260320845,-0.004832879260246934,-7.391038418769723e-14,0.0,0.0,0.9583071674743282,1.4160923291822403,0.0019003089822684136,0.002424332493695208,0.0022464158189841646
6,0,6,12.0,0.0,0.0,0.0,0.0,0.0,0.9583391320861298,1.4161271196063736,0.0,0.0,0.0
7,0,7,2.8,4.783891477394756,0.0023300031041395323,4.7815614742906165,1.0,0.0,1.4670568987705148,3.075144668622362,106.76830357555987,306.2472483676802,213.73320139624224
7,0,7,3.0628571428571427,0.1791295938623596,0.0023300031041395323,0.17679959075822008,1.0,0.0,1.0562844717823947,1.9934543757957308,48.76796371439061,119.13174204163114,92.26132007937304
7,0,7,3.3257142857142856,8.987645766278364,0.0023300031041395323,8.985315763174224,1.0,0.0,1.0248200293197687,1.753436418123031,48.74939134280115,117.00465409773628,55.512114698213345
7,0,7,3.588571428571428,3.7285234787365904,0.0023300031041395323,3.726193475632451,1.0,0.0,1.287449506354704,2.3603558376534104,60.250141417213754,128.2100573313221,133.96110244732438
7,0,7,3.8514285714285714,-0.09001381510756867,0.0023300031041395323,-0.09234381821170821,1.0,0.0,0.9590209476199831,1.2806515377232786,25.665370574786213,55.752229508966614,22.106020851831545
7,0,7,4.114285714285714,-0.14675464382845388,0.0023300031041395323,-0.1490846469325934,1.0,0.0,0.9477710823231146,1.4234386171285711,17.754377072167337,42.913983535985444,8.3233431327048
7,0,7,4.377142857142857,-0.15529559244200436,0.0023300031041395323,-0.1576255955461439,1.0,0.0,0.9694860139939246,1.4066219877303494,13.051222609860282,33.57437321169033,13.342638021136212
7,0,7,4.64,-0.2562117281403914,0.0023300031041395323,-0.25854173124453095,1.0,0.0,0.9575626324123659,1.400555740069874,10.754876160869877,22.27451418076598,2.0448420199654413
7,0,7,4.902857142857142,-0.2277491207149805,0.0023300031041395323,-0.23007912381912002,1.0,0.0,0.9578755409222394,1.39930236840069,7.294641468317878,16.61949688561177,2.3168158227662308
7,0,7,5.1657142857142855,-0.09381611809634818,0.0023300031041395323,-0.09614612120048771,1.0,0.0,0.964927929486598,1.4016474787670685,4.9084084753848805,12.375033515085919,1.377002503564986
7,0,7,5.428571428571429,-0.07446392060062508,0.0023300031041395323,-0.07679392370476462,1.0,0.0,0.9640924763512306,1.411049248439767,4.558896293475528,12.519851887785746,0.9147338290772856
7,0,7,5.691428571428571,-0.10466737676114411,0.0023300031041395323,-0.10699737986528365,1.0,0.0,0.9610767521588521,1.4139071750778378,4.505818006822877,14.200710811681418,1.494014328606277
7,0,7,5.954285714285714,-0.11245005215512813,0.0023300031041395323,-0.11478005525926767,1.0,0.0,0.9593714768355811,1.4121086935368952,4.800173757000348,16.99617083264026,1.6937940504124875
7,0,7,6.217142857142857,-0.10721610904397468,0.0023300031041395323,-0.1095461121481142,1.0,0.0,0.9589872941424739,1.4133669376034976,4.978862102044438,18.641740991566486,1.1880542319112268
7,0,7,6.4799999999999995,-0.11140829558909314,0.0023300031041395323,-0.11373829869323268,1.0,0.0,0.9586885121840654,1.4172371372019732,4.941495365013227,18.521718394186966,0.521213738691167
7,0,7,6.742857142857142,-0.10815428348727919,0.021228992065116862,-0.12938327555239607,0.9671991017264268,0.0,0.9586253546480389,1.4197336557220865,4.451392565287296,16.79060319593615,1.2528616859161392
7,0,7,7.005714285714285,-0.06714343059535582,0.05779285065455736,-0.12493628124991318,0.7844476532096393,0.0,0.9591358907268562,1.4201432290281704,3.1698654591282387,12.139095400987088,3.007112050146611
7,0,7,7.268571428571428,-0.036491564542095706,0.047893734894314574,-0.08438529943641028,0.47679520179622736,0.0,0.9594561051615521,1.4186773981603777,1.6441924388978668,6.257019581719967,3.0499175002222945
7,0,7,7.531428571428571,-0.03099159690384544,0.0013606614245655463,-0.03235225832841098,0.17984121206342998,0.0,0.9593572902914029,1.416705823815165,0.5449994731275327,1.8907706246670353,1.7519883621443024
7,0,7,7.794285714285714,-0.0444131263314156,-0.040931203937573594,-0.0034819223938420078,0.020778930647087437,0.0,0.9590491461402358,1.4158473658959934,0.0795173655160209,0.11945608087356087,0.34734097245271933
7,0,7,8.057142857142857,-0.05999172948675526,-0.05999172948665418,-1.0107907284610807e-13,0.0,0.0,0.9587489978621022,1.4158967933696962,0.037713878633897864,0.07057754169432065,0.05378629955549898
7,0,7,8.32,-0.06473303803481233,-0.06473303803475951,-5.2814740645126816e-14,0.0,0.0,0.9585689357593312,1.415958494117906,0.025374314010921342,0.04815181122028698,0.015445341600374345
7,0,7,8.582857142857144,-0.06252018769825211,-0.06252018769820403,-4.8094316940430764e-14,0.0,0.0,0.9584693994704878,1.4160087607175076,0.019397590285191158,0.04035237117443726,0.012167113966440216
7,0,7,8.845714285714285,-0.056972521636747195,-0.05697252163678319,3.599323074830741e-14,0.0,0.0,0.9584162081400022,1.4160498792750054,0.019052488171559422,0.03391619253089818,0.01945256940670803
7,0,7,9.108571428571427,-0.05009930106989293,-0.05009930106985227,-4.066364996460625e-14,0.0,0.0,0.9583896503222731,1.4160836422720726,0.017959146723956126,0.02859546132905442,0.022096467034478862
7,0,7,9.37142857142857,-0.04298801809376975,-0.04298801809370661,-6.315066839682887e-14,0.0,0.0,0.9583782495188105,1.4161114363637644,0.016436555218146867,0.02418238849907348,0.021749735499079142
7,0,7,9.634285714285713,-0.03619641818434573,-0.03619641818432104,-2.468721592169959e-14,0.0,0.0,0.9583752953358651,1.4161343074961763,0.014766983560622882,0.022558752843934472,0.019889982968978304
7,0,7,9.897142857142857,-0.02997680340399237,-0.029976803403912816,-7.955714103995148e-14,0.0,0.0,0.9583768723015416,1.416153023971948,0.013098114953320833,0.02046404370179528,0.017417304459137965
7,0,7,10.16,-0.024405586939090392,-0.024405586939077042,-1.3351198402053455e-14,0.0,0.0,0.9583807171580239,1.4161681592454045,0.011494249935603142,0.018005213878810218,0.014849373097239296
7,0,7,10.422857142857143,-0.01946084650494952,-0.019460846504921726,-2.7792494651165957e-14,0.0,0.0,0.9583855393821548,1.4161802065800446,0.009964907625045958,0.015456020758415616,0.01245730445924621
7,0,7,10.685714285714285,-0.015073311111676603,-0.015073311111691702,1.5098855271535735e-14,0.0,0.0,0.9583906021517172,1.4161897178643945,0.008481222542695266,0.012926148754984214,0.01033754798381127
7,0,7,10.948571428571427,-0.011165093811053609,-0.011165093810982922,-7.06863447982875e-14,0.0,0.0,0.9583954536584386,1.4161974326402214,0.0069884673570053445,0.010423072932606055,0.008449098932488764
7,0,7,11.21142857142857,-0.007682046077112432,-0.007682046077158763,4.633165872442932e-14,0.0,0.0,0.9583997557612396,1.4162043379628322,0.005421240297040183,0.007900415681417215,0.006644958086363078
7,0,7,11.474285714285713,-0.0046183837747721624,-0.0046183837746639365,-1.0822658940638341e-13,0.0,0.0,0.9584031937761586,1.4162115860479352,0.003726198572840045,0.005306544185822554,0.0047229383394141134
7,0,7,11.737142857142857,-0.002026288566264402,-0.002026288566284614,2.0212439266254802e-14,0.0,0.0,0.9584054722395801,1.4162202097005863,0.0018944552812931402,0.0026390405711305643,0.002512985582728781
7,0,7,12.0,0.0,0.0,0.0,0.0,0.0,0.9584064040663696,1.4162306342985231,0.0,0.0,0.0
8,1,0,2.8,31.924791836865015,13.30958619060145,18.615205646263565,1.0,0.5769062636433219,2.797063455593487,9.437067100556849,76.86595997247008,216.01196573041136,183.98213790877043
8,1,0,3.0628571428571427,32.792098940089794,9.331708352460645,23.46039058762915,1.0,0.4044087966265267,2.3268160661458763,6.417721805430909,94.38872227568716,301.20894960670927,283.47914751982137
8,1,0,3.3257142857142856,39.61938861910597,0.5764577875750957,39.042930831530875,1.0,0.024744410993710875,2.0152181122726325,5.18315566473789,60.25665540113374,99.3382927384484,121.07830875209785
8,1,0,3.588571428571428,35.4233351136596,0.005839297854626011,35.41749581580497,1.0,0.0,1.343060084457649,3.0940858587927837,32.99920618842157,67.9870873781758,73.05434309586586
8,1,0,3.8514285714285714,20.444838981834742,0.005839297854626011,20.438999683980114,1.0,0.0,1.8547239729593108,4.508156619073854,28.447462591648254,100.99961415522814,93.86011782617737
8,1,0,4.114285714285714,8.38699242480574,0.005839297854626011,8.381153126951116,1.0,0.0,1.2961469859207895,2.578560046995435,14.825682240647751,32.036320218948006,33.48293560858075
8,1,0,4.377142857142857,-5.549834731259515,0.005839297854626011,-5.55567402911414,1.0,0.0,0.9306925635918584,1.4689448515195742,20.1918235798109,48.062426878289195,57.509000989271975
8,1,0,4.64,3.693193344638884,0.005839297854626011,3.6873540467842583,1.0,0.0,1.163996025950968,2.8694203034387935,20.221651752510304,57.654913494104996,43.3513179328239
8,1,0,4.902857142857142,14.368682646334603,0.005839297854626011,14.362843348479977,1.0,0.0,0.6968798674090538,1.6323712892497624,19.513118830615454,59.839118673164876,43.63707987993998
8,1,0,5.1657142857142855,18.29063439796098,0.005839297854626011,18.28479510010635,1.0,0.0,0.4622095682299068,0.6330771189565481,13.93399104338166,29.683564843905767,13.042089080609859
8,1,0,5.428571428571429,13.893007446972637,0.005839297854626011,13.887168149118013,1.0,0.0,1.218125115256544,2.5971051701257752,11.623504377225881,34.00698349744983,29.378631061239112
8,1,0,5.691428571428571,3.463180434432901,0.005839297854626011,3.457341136578276,1.0,0.0,1.1065278133013696,1.929975474085708,12.871634483003447,45.865668641693404,43.61864788484676
8,1,0,5.954285714285714,0.19307759987180192,0.005839297854626011,0.18723830201717592,1.0,0.0,0.9753036471767877,1.472471772719029,4.999060186675927,8.862764484467151,9.204641684433863
8,1,0,6.217142857142857,-0.43641969690961147,0.005839297854626011,-0.44225899476423747,1.0,0.0,0.9708459199866253,1.4453268254216969,2.379711868150287,5.397899544177662,0.854565115745348
8,1,0,6.4799999999999995,-0.6888035923758692,0.005839297854626011,-0.6946428902304952,1.0,0.0,0.9604997566917566,1.4308840216295111,1.116387143186277,3.014463203303121,0.5711338501925719
8,1,0,6.742857142857142,-0.6492198278650969,-0.00037466751553581046,-0.648845160349561,0.9671991017264264,0.0,0.9555932812781578,1.427646135993734,1.1193808395738265,2.6551725319639328,1.0532119340295325
8,1,0,7.005714285714285,-0.5030205581741843,-0.06011784573561111,-0.44290271243857315,0.7844476532096384,0.0,0.9557149201300815,1.4268823546232037,0.9480366773593168,2.9711428091504657,0.6259870280539638
8,1,0,7.268571428571428,-0.3770245200921056,-0.16623708912842663,-0.2107874309636789,0.47679520179622736,0.0,0.9574407329006492,1.4247503090753821,0.6154413594756316,1.9985003113440654,0.1651209868843645
8,1,0,7.531428571428571,-0.306824072144293,-0.24892832093802858,-0.057895751206264424,0.1798412120634292,0.0,0.95825641938664,1.4201576541896483,0.2362665048524173,0.7452860118363661,0.014033344128401211
8,1,0,7.794285714285714,-0.26949648208627897,-0.2649102647389014,-0.00458621734737761,0.020778930647087374,0.0,0.9583658634952125,1.416804781985973,0.04164675378271168,0.08172104077632228,0.07898953265394748
8,1,0,8.057142857142857,-0.23261978662657246,-0.23261978662655985,-1.2601131076095397e-14,0.0,0.0,0.9583777071813941,1.4162829775461885,0.03053859576953133,0.071715206909619,0.1342330337269544
8,1,0,8.32,-0.19611281217285986,-0.19611281217285148,-8.400754050730263e-15,0.0,0.0,0.9583891599164712,1.4163257941861318,0.02819162498913399,0.061893709093239734,0.12258121350492582
8,1,0,8.582857142857144,-0.16333302395195387,-0.16333302395189223,-6.162553150071415e-14,0.0,0.0,0.9584074401431595,1.416356271461182,0.024877698475179854,0.05976938760664076,0.10594797296315203
8,1,0,8.845714285714285,-0.13491330815610544,-0.13491330815597474,-1.3071173267029112e-13,0.0,0.0,0.9584261293273434,1.416377377928112,0.02142166805507921,0.05397334830530038,0.0885952399735582
8,1,0,9.108571428571427,-0.11075776819734956,-0.11075776819726506,-8.450758539127468e-14,0.0,0.0,0.9584425738815918,1.4163913688225582,0.0181978575854369,0.04692383760631027,0.072423183311897
8,1,0,9.37142857142857,-0.09045999054053468,-0.09045999054055215,1.74815691436625e-14,0.0,0.0,0.9584559306453958,1.4163998922399916,0.015353562000071123,0.03982373735786131,0.058168840350926086
8,1,0,9.634285714285713,-0.07350656327919751,-0.07350656327920094,3.430307904048191e-15,0.0,0.0,0.9584661985795739,1.4164040492976537,0.012925681618597293,0.03323324830388273,0.0460210491170325
8,1,0,9.897142857142857,-0.0593703557682056,-0.0593703557681537,-5.1904658956297704e-14,0.0,0.0,0.9584737244695043,1.4164044344043087,0.010896593065684702,0.027374728476820286,0.035931325320604626
8,1,0,10.16,-0.04754938920374056,-0.04754938920371232,-2.8232534149061353e-14,0.0,0.0,0.9584789290608926,1.4164011910454073,0.009215621076776103,0.022293006118192602,0.02775855359032942
8,1,0,10.422857142857143,-0.03758276506542621,-0.03758276506535747,-6.874117019963627e-14,0.0,0.0,0.9584821291961585,1.4163941182141107,0.007805883809313947,0.01793733140617119,0.02131790856229681
8,1,0,10.685714285714285,-0.029062005106241937,-0.029062005106151215,-9.072314329904713e-14,0.0,0.0,0.9584834064853256,1.4163828535450302,0.00657237452506946,0.014202068826942246,0.016374834259350626
8,1,0,10.948571428571427,-0.02164760403799289,-0.021647604037977858,-1.5031349212199507e-14,0.0,0.0,0.9584825246496365,1.4163671422083814,0.005413987704678982,0.010948540264792472,0.012614779353343347
8,1,0,11.21142857142857,-0.015093244744869897,-0.015093244744871987,2.0901876150031253e-15,0.0,0.0,0.9584789356775533,1.416347176035169,0.004234937823339845,0.0080226876384522,0.009617614623954069
8,1,0,11.474285714285713,-0.009272620821280008,-0.009272620821251689,-2.8318791891546528e-14,0.0,0.0,0.9584719366521176,1.4163239541211698,0.0029568329475902896,0.005278282378115969,0.006864768176570952
8,1,0,11.737142857142857,-0.004196293089823861,-0.004196293089801708,-2.215323847217128e-14,0.0,0.0,0.9584610323434486,1.4162995707611203,0.0015375812497673504,0.0026107017177694584,0.003805050453162246
8,1,0,12.0,0.0,0.0,0.0,0.0,0.0,0.9584465023262208,1.416277271554189,0.0,0.0,0.0
9,1,1,2.8,471.02694450470966,470.92302065556265,0.10392384914704873,1.0,20.42016324312368,33.640464308826765,162.86391459195625,908.7489127022272,4217.245652688639,4240.55999859403
9,1,1,3.0628571428571427,149.3234975031526,128.3220361673054,21.00146133584716,1.0,5.5635476238501544,12.487602221650018,56.45159768580739,326.3370690366692,1545.7004712450757,1540.1771133679374
9,1,1,3.3257142857142856,27.47230239977044,7.380199610362816,20.092102789407626,1.0,0.3190023383211071,2.872146725351169,9.345230177797093,59.61799525205146,167.61498750415515,96.27204925513533
9,1,1,3.588571428571428,3.7895094000614087,0.023846187508925018,3.7656632125524836,1.0,0.0,1.5531212480852534,2.756981208907811,45.04792363119069,160.22958492154333,143.58931066375845
9,1,1,3.8514285714285714,20.704418824742366,0.023846187508925018,20.680572637233443,1.0,0.0,1.121999733383775,2.290962022412594,36.226755440709894,78.55657173934429,22.396333321907488
9,1,1,4.114285714285714,13.576165464050385,0.023846187508925018,13.55231927654146,1.0,0.0,1.5988292054117772,4.1845990686625845,34.39382008970699,103.12700353989403,102.853382532218
9,1,1,4.377142857142857,7.3262705312245995,0.023846187508925018,7.302424343715674,1.0,0.0,0.9992883250675154,1.6355338774573023,28.142032942775273,68.85572338665897,37.638083336590874
9,1,1,4.64,7.62546825554017,0.023846187508925018,7.6016220680312445,1.0,0.0,1.3369251332870193,2.946953413962872,28.611004396650674,84.58993231208396,69.89186736783493
9,1,1,4.902857142857142,0.23401552090360853,0.023846187508925018,0.21016933339468352,1.0,0.0,1.0159840299449285,1.4884963713664674,16.898020133006764,47.34019038722228,17.12460363575847
9,1,1,5.1657142857142855,-0.9075823843932181,0.023846187508925018,-0.9314285719021432,1.0,0.0,0.9382584486057708,1.42933051765908,8.068072704482727,19.201807852398154,7.457798244144272
9,1,1,5.428571428571429,-0.9492739086430355,0.023846187508925018,-0.9731200961519605,1.0,0.0,0.9628882261170041,1.4420190476913046,8.391967777396594,25.326405446768558,2.3650768633107253
9,1,1,5.691428571428571,-0.8990496763796285,0.023846187508925018,-0.9228958638885535,1.0,0.0,0.9612452381637853,1.4168238442792838,7.667460047980537,26.26938322778659,0.5136814574285467
9,1,1,5.954285714285714,-0.7960824507841161,0.023846187508925018,-0.8199286382930411,1.0,0.0,0.9611498741818985,1.425669686271471,5.0182608290924335,13.031995099715852,0.6430500830510864
9,1,1,6.217142857142857,-0.6743921619415121,0.023846187508925018,-0.6982383494504371,1.0,0.0,0.9622648892121729,1.4262264776332518,3.168245932382548,7.726118326989847,0.4807537232894396
9,1,1,6.4799999999999995,-0.5642813342532925,0.023846187508925018,-0.5881275217622176,1.0,0.0,0.9638241561050837,1.4166043533127122,2.6376135252762594,6.005089672494952,0.4583755571725875
9,1,1,6.742857142857142,-0.47604800349205467,0.029851803779638645,-0.5058998072716934,0.9671991017264268,0.0,0.9640983908789327,1.4099115401144076,2.314800507874682,4.79895376665122,0.45713701692913666
9,1,1,7.005714285714285,-0.37662705538857516,-0.009641279918655222,-0.36698577546991995,0.7844476532096393,0.0,0.9631140438192498,1.4106399287534461,1.5514976132302318,2.6889895996506232,0.2195493159809148
9,1,1,7.268571428571428,-0.3241076117602357,-0.12969223118055895,-0.19441538057967678,0.47679520179622853,0.0,0.9612053937820291,1.4142176535140474,0.784758398399141,1.1445352262309134,0.46330041088808877
9,1,1,7.531428571428571,-0.3127365003460203,-0.25121393942274634,-0.06152256092327397,0.17984121206342998,0.0,0.9591565515563492,1.4160830497829606,0.30346878965696306,0.6474928052738367,0.2586760318494024
9,1,1,7.794285714285714,-0.3071774641843333,-0.3014211145052018,-0.00575634967913148,0.020778930647087437,0.0,0.9579497556394727,1.416243213903183,0.0640046736949804,0.15366535461916572,0.035109666429066134
9,1,1,8.057142857142857,-0.2853153010800857,-0.2853153010801758,9.008808629640263e-14,0.0,0.0,0.957689669987051,1.4161927558385514,0.03831871569673643,0.14279073096621828,0.06964237380531937
9,1,1,8.32,-0.2550477623858758,-0.2550477623859212,4.5404075464661186e-14,0.0,0.0,0.9576587416257535,1.4162187855736676,0.03350394368847783,0.12269747626687341,0.07927983600869307
9,1,1,8.582857142857144,-0.22362011986938915,-0.22362011986940886,1.972177022385724e-14,0.0,0.0,0.9576875208714869,1.4162380293164483,0.028875900190859803,0.1026287738248156,0.075033840891423
9,1,1,8.845714285714285,-0.19385278806221873,-0.19385278806230863,8.988806834281382e-14,0.0,0.0,0.9577413750569903,1.4162521401940131,0.026231063492481117,0.08459894371109053,0.06477179387444267
9,1,1,9.108571428571427,-0.16689826524279475,-0.16689826524279003,-4.720423704696053e-15,0.0,0.0,0.9578030944838819,1.4162623360833955,0.02328140436536828,0.06914908085657086,0.052539613735773094
9,1,1,9.37142857142857,-0.14306911283575485,-0.14306911283570514,-4.970446146682073e-14,0.0,0.0,0.9578643968351447,1.4162694407300849,0.020345498571628828,0.05621266546819921,0.04035476660772836
9,1,1,9.634285714285713,-0.1222607741956085,-0.12226077419557031,-3.820342913546382e-14,0.0,0.0,0.9579216419290704,1.4162738695332096,0.01760770861572771,0.045506237911435876,0.029210916363121956
9,1,1,9.897142857142857,-0.10415997938308057,-0.10415997938317142,9.086815631539902e-14,0.0,0.0,0.9579736604357458,1.4162755899731947,0.015136460006814883,0.0366997381614002,0.019625431848986852
9,1,1,10.16,-0.08833941005904186,-0.08833941005905964,1.7781596074045726e-14,0.0,0.0,0.9580206666016375,1.4162741089038786,0.012935163602046324,0.029482205187568174,0.01193358037076636
9,1,1,10.422857142857143,-0.07429655839983981,-0.07429655839984997,1.0160912042311843e-14,0.0,0.0,0.9580637174427427,1.4162685558449344,0.010966374840407703,0.02357581345694729,0.006436510315427877
9,1,1,10.685714285714285,-0.06147517778323433,-0.06147517778329252,5.818522269898652e-14,0.0,0.0,0.9581044106211328,1.4162579361023373,0.009164483304570262,0.018723409970193946,0.003394420708329507
9,1,1,10.948571428571427,-0.049298757352341294,-0.049298757352333515,-7.780698394604934e-15,0.0,0.0,0.9581446215424829,1.4162416104772044,0.007447758498818569,0.01466361908655517,0.0023224579144976525
9,1,1,11.21142857142857,-0.037239400080134495,-0.03723940008009241,-4.2078776986247127e-14,0.0,0.0,0.9581861387701325,1.4162200066977797,0.005733162735872832,0.011104894364874282,0.0019348391634086148
9,1,1,11.474285714285713,-0.02493653669958816,-0.024936536699612207,2.4047158470215382e-14,0.0,0.0,0.9582301100647983,1.4161954652565263,0.003948641100814966,0.007711584877631472,0.0023801300134922124
9,1,1,11.737142857142857,-0.012362508725151135,-0.012362508725187472,3.6338261718248114e-14,0.0,0.0,0.9582762957349484,1.4161729492454063,0.0020420535663760973,0.004119077396366281,0.0025868532696001366
9,1,1,12.0,0.0,0.0,0.0,0.0,0.0,0.9583222796227847,1.4161600804219243,0.0,0.0,0.0
10,1,2,2.8,1080.1011336222407,1076.9098912776976,3.1912423445429297,1.0,46.69869775815149,70.79962216059774,349.0055666469774,55.348793998176795,137.292195712505,86.85536996089408
10,1,2,3.0628571428571427,305.3317338168516,296.6107995216569,8.72093429519473,1.0,12.861656420971434,23.096448021506756,109.31168363498259,44.32748299138931,110.6284076121678,123.82178529556842
10,1,2,3.3257142857142856,43.913862929088154,27.494422472850157,16.419440456237993,1.0,1.1916415883005576,4.032662107675551,16.080436607636273,71.74607353696597,197.1025432587031,127.61346454775818
10,1,2,3.588571428571428,15.629260001396016,0.014571625845148484,15.614688375550866,1.0,0.0,1.601527000948257,3.115025273365179,70.43794553713869,182.36104955951305,80.3611629714063
10,1,2,3.8514285714285714,22.867825762773574,0.014571625845148484,22.853254136928424,1.0,0.0,1.443754539505369,3.1949285803884013,47.308454211353464,99.14500765791553,88.06240348386783
10,1,2,4.114285714285714,10.785549805570612,0.014571625845148484,10.770978179725464,1.0,0.0,1.2562380646275542,2.617227726191341,27.794797335971808,63.948887804938295,41.58202645637386
10,1,2,4.377142857142857,4.251289682565798,0.014571625845148484,4.23671805672065,1.0,0.0,1.0775266213194907,1.7602923670654016,17.426389619725832,57.13217667865238,15.952555486494893
10,1,2,4.64,8.298850727034171,0.014571625845148484,8.284279101189023,1.0,0.0,1.2505839475137095,1.8268136886971396,13.753761769660166,47.518354223174235,3.8894520925593334
10,1,2,4.902857142857142,0.9131974922969929,0.014571625845148484,0.8986258664518443,1.0,0.0,1.1362745702784907,1.6357469049767617,14.964373697491899,33.471500848542775,11.176866376650512
10,1,2,5.1657142857142855,-0.9342253111521057,0.014571625845148484,-0.9487969369972542,1.0,0.0,0.9528983666830435,1.4263904851661642,10.935258189460281,28.4283119647554,10.360069242694145
10,1,2,5.428571428571429,-1.009519139293857,0.014571625845148484,-1.0240907651390054,1.0,0.0,0.9542992021531935,1.4429010977315377,6.119492932632898,15.644955170978927,2.1301734067246203
10,1,2,5.691428571428571,-0.8750543326596835,0.014571625845148484,-0.8896259585048321,1.0,0.0,0.9560146554011677,1.4188425731370764,4.553843397930408,9.622680519062602,0.7370371498930354
10,1,2,5.954285714285714,-0.6937804000044052,0.014571625845148484,-0.7083520258495537,1.0,0.0,0.9635986302520283,1.4246129335403723,3.5228223173117756,9.733187884184012,0.9076087525030603
10,1,2,6.217142857142857,-0.6019856042014978,0.014571625845148484,-0.6165572300466463,1.0,0.0,0.9670836091762329,1.4293389404108363,2.8805966644847465,7.4866334779685255,0.6948199414515553
10,1,2,6.4799999999999995,-0.5210896465279595,0.014571625845148484,-0.535661272373108,1.0,0.0,0.9670402320105568,1.4231560366320832,2.255357183535624,4.519675694565767,0.4606087540358428
10,1,2,6.742857142857142,-0.4455530225950719,0.013719209645607484,-0.45927223224067937,0.9671991017264264,0.0,0.964872532198114,1.4150988266130102,1.7421653753112025,3.5501293602834463,0.1728514444398036
10,1,2,7.005714285714285,-0.38489718675563683,-0.035374369750485676,-0.34952281700515114,0.7844476532096374,0.0,0.961802022964528,1.4120880114848782,1.3689987081489692,3.4096994275326344,0.6422654085522362
10,1,2,7.268571428571428,-0.3435621232609003,-0.144516747983469,-0.19904537527743127,0.47679520179622736,0.0,0.959697401097921,1.413940869387603,0.8670099180578,2.214031628841079,0.6787872454561515
10,1,2,7.531428571428571,-0.30916642547255346,-0.24273699806110544,-0.06642942741144803,0.1798412120634276,0.0,0.9586231532752176,1.41578129395396,0.31917980837204224,0.815154541394034,0.28841156760736486
10,1,2,7.794285714285714,-0.28094441941640164,-0.2746658117947362,-0.0062786076216654555,0.020778930647087374,0.0,0.9581450739581829,1.4160397373988636,0.045675309271418704,0.09837359507335997,0.03315191588912653
10,1,2,8.057142857142857,-0.2514861181074742,-0.2514861181075882,1.1405023713634279e-13,0.0,0.0,0.9580666727622962,1.416020408909473,0.027826929177259305,0.10704409759054483,0.10010365727052353
10,1,2,8.32,-0.21948958932081633,-0.21948958932091608,9.976895525010133e-14,0.0,0.0,0.9580720636163289,1.4160538580086208,0.026419369584192515,0.08961753797288503,0.09686553401203464
10,1,2,8.582857142857144,-0.18867456719532183,-0.18867456719534548,2.364212211419803e-14,0.0,0.0,0.9580943401980921,1.4160805842159654,0.024166494040341123,0.07351314558838422,0.08615477546811422
10,1,2,8.845714285714285,-0.16066998681027136,-0.16066998681030098,2.96426607218625e-14,0.0,0.0,0.9581227547678136,1.4161021411087227,0.02149233679100716,0.0596472198530197,0.07295455294801961
10,1,2,9.108571428571427,-0.1359906463147421,-0.13599064631479107,4.9004398629259876e-14,0.0,0.0,0.9581520635099869,1.4161197002904091,0.018816635474719744,0.04811394362110432,0.05967797797864604
10,1,2,9.37142857142857,-0.1146101876450913,-0.11461018764510017,8.880797139343422e-15,0.0,0.0,0.958179852364036,1.4161341423371363,0.016323357094159777,0.039523206865702085,0.04743189995400245
10,1,2,9.634285714285713,-0.0962511284894873,-0.0962511284895485,6.120549379817764e-14,0.0,0.0,0.9582051923565471,1.4161461275293539,0.014081757345135443,0.03270285239554819,0.03668121198999439
10,1,2,9.897142857142857,-0.08052557565733605,-0.08052557565732982,-6.2305592542916125e-15,0.0,0.0,0.9582279611685888,1.4161561570697938,0.012102140743964391,0.026631755623304002,0.02759783641880378
10,1,2,10.16,-0.066998072224997,-0.06699807222500513,8.130729813385362e-15,0.0,0.0,0.9582485022949381,1.4161646351520245,0.010360397965151296,0.02138290131090182,0.0202326097561194
10,1,2,10.422857142857143,-0.05521197014677452,-0.05521197014683675,6.22255853614806e-14,0.0,0.0,0.9582674448777382,1.4161719382271982,0.008809388894986876,0.016928286209629016,0.014575906302439002
10,1,2,10.685714285714285,-0.04470609392114777,-0.044706093921276946,1.2917159442765725e-13,0.0,0.0,0.9582855789120494,1.4161784894927367,0.007385994720006352,0.013183609943751324,0.01054096337718453
10,1,2,10.948571428571427,-0.035040486448002006,-0.035040486447995595,-6.410575412521547e-15,0.0,0.0,0.9583037173745372,1.4161848241312058,0.006018908346998014,0.010096517723775907,0.007904767525696738
10,1,2,11.21142857142857,-0.02584361355102853,-0.025843613551121258,9.272832328377501e-14,0.0,0.0,0.9583225020273574,1.4161916158864276,0.004638962098679633,0.007634223395301391,0.006261839839895549
10,1,2,11.474285714285713,-0.016885201403949383,-0.016885201404083772,1.343895627919055e-13,0.0,0.0,0.9583421379377943,1.4161996224994455,0.0031909458054948077,0.0052267629353269585,0.005002255338992994
10,1,2,11.737142857142857,-0.008166386331296604,-0.008166386331358057,6.14530160157438e-14,0.0,0.0,0.9583620855582156,1.4162095044219236,0.0016444865175486033,0.0027082852071018348,0.003266696871969256
10,1,2,12.0,0.0,0.0,0.0,0.0,0.0,0.9583808115860577,1.4162214910616244,0.0,0.0,0.0
11,1,3,2.8,126.93158117029043,94.16436554747696,32.76721562281347,1.0,4.083089473045086,10.276717858372045,46.1579333512558,226.35866126815685,967.9108799096815,1008.5654472533731
11,1,3,3.0628571428571427,494.3691627713485,454.2039111540007,40.16525161734781,1.0,19.6959142429557,34.89118931420782,170.3769971986432,570.4588109449033,2755.2723997445964,2762.4454884195193
11,1,3,3.3257142857142856,825.390862492864,781.0361249646667,44.354737528197354,1.0,33.86872982850961,48.29738243331666,232.95546282388548,945.8164806992569,4547.203985924986,4519.731117557684
11,1,3,3.588571428571428,475.65414780553806,426.0363524566036,49.617795348934436,1.0,18.474450757888285,34.539377424742455,163.79425707376555,644.2417062073617,3052.707940352188,3004.1541398638165
11,1,3,3.8514285714285714,125.40001314829554,82.81374021451171,42.58627293378384,1.0,3.5908787519867715,10.702006445782194,48.223761149652425,215.69340128781727,1024.0693185523799,1035.6814671950806
11,1,3,4.114285714285714,14.166656360088199,1.6997521275323266,12.466904232555873,1.0,0.07343602147445079,2.098981256262978,5.799530203572868,35.73215940574251,132.69221198958573,158.57522460673138
11,1,3,4.377142857142857,6.375943860400312,0.006280754320754036,6.3696631060795585,1.0,0.0,0.9881176762370287,1.7171227227906785,8.644978654924833,22.5602624975939,14.285692572151651
11,1,3,4.64,7.775624142298005,0.006280754320754036,7.769343387977251,1.0,0.0,0.9972059867101273,1.5924583884986883,7.141016634216077,24.701615626925246,15.33200738442405
11,1,3,4.902857142857142,-2.8044438871280923,0.006280754320754036,-2.8107246414488465,1.0,0.0,1.2352767130391453,2.671918597150103,12.586487957722658,47.296509258407426,54.45554896811604
11,1,3,5.1657142857142855,1.9441086094506064,0.006280754320754036,1.9378278551298522,1.0,0.0,1.0651602344944107,2.3504298714754643,17.1303517894536,66.61795928407106,56.0285637104095
11,1,3,5.428571428571429,12.463709888920024,0.006280754320754036,12.45742913459927,1.0,0.0,0.6601826680338897,1.7383834938014633,18.340683150195492,52.83645025023313,49.40070535576942
11,1,3,5.691428571428571,18.326262076783188,0.006280754320754036,18.319981322462432,1.0,0.0,0.3922898128632625,0.542995279523294,11.510369669613233,26.20862763207394,0.7095659339955737
11,1,3,5.954285714285714,14.138345855253258,0.006280754320754036,14.132065100932502,1.0,0.0,1.287078057982741,2.900102433832394,14.765084255538245,55.00318286793806,46.53753245816033
11,1,3,6.217142857142857,2.7110062623190254,0.006280754320754036,2.7047255079982713,1.0,0.0,1.1506705327066948,2.0391960612794784,8.913695596831518,32.239804410672654,28.999352185518987
11,1,3,6.4799999999999995,-0.32808503266091543,0.006280754320754036,-0.33436578698166947,1.0,0.0,0.9812886423380685,1.4684285713507728,1.388868736884778,3.4561146803416865,3.1674510800007485
11,1,3,6.742857142857142,-0.7491357320487648,0.0014177553563749638,-0.7505534874051397,0.9671991017264264,0.0,0.9694599445044922,1.4309295475740562,0.36853424858878003,0.7191027923086034,0.6149578402862513
11,1,3,7.005714285714285,-0.7189983546839932,-0.06411094338135966,-0.6548874113026336,0.7844476532096374,0.0,0.957470372902355,1.4168751724082569,0.1896695831308976,0.5815085891601979,0.6796306824259121
11,1,3,7.268571428571428,-0.5167707065317939,-0.18641066535035705,-0.33036004118143686,0.47679520179622736,0.0,0.9550587049912458,1.417324071791102,0.16728982731147732,0.4039644982714559,0.6844825315975903
11,1,3,7.531428571428571,-0.37773762265909727,-0.28213811189967375,-0.09559951075942352,0.1798412120634292,0.0,0.9571804880898466,1.4179914064402033,0.09197856760345288,0.19355407818219073,0.3709594264169799
11,1,3,7.794285714285714,-0.30802431023043364,-0.30015131329031763,-0.007872996940115985,0.020778930647087374,0.0,0.9583864628210096,1.4166819002015294,0.04122423726222705,0.09841784678869629,0.18634632737124185
11,1,3,8.057142857142857,-0.2624129041999183,-0.26241290419993457,1.6241457831411843e-14,0.0,0.0,0.9584466690030313,1.4163886307432088,0.03420230641015192,0.07601283647636879,0.1541717361441001
11,1,3,8.32,-0.2199113774005292,-0.21991137740060765,7.844704139753356e-14,0.0,0.0,0.9584361003217537,1.4164215590503506,0.03146737741933227,0.06456029984441226,0.14034607403170318
11,1,3,8.582857142857144,-0.18196969568207969,-0.18196969568216365,8.396753691658488e-14,0.0,0.0,0.9584451598774777,1.4164429107021965,0.02755007301199355,0.06276918237352308,0.12057263314517276
11,1,3,8.845714285714285,-0.1493382651696705,-0.14933826516978574,1.1523034306251678e-13,0.0,0.0,0.9584607789136491,1.4164557132495619,0.02349361435067318,0.05676612546065258,0.10014683695683284
11,1,3,9.108571428571427,-0.121843477274626,-0.12184347727458895,-3.704332500464869e-14,0.0,0.0,0.9584769103338779,1.416462212405573,0.019746789682219226,0.0493260986021164,0.08132628800655796
11,1,3,9.37142857142857,-0.09894052222798519,-0.09894052222805427,6.908620116957698e-14,0.0,0.0,0.9584910037874984,1.4164640031831812,0.01647497386326715,0.0418081272574347,0.06492105413220588
11,1,3,9.634285714285713,-0.07997260745204661,-0.07997260745213125,8.463759706110742e-14,0.0,0.0,0.958502230128577,1.4164621013874525,0.013713164371632966,0.03483546226755296,0.051082715788480414
11,1,3,9.897142857142857,-0.0642847264099996,-0.06428472641002177,2.216198925764079e-14,0.0,0.0,0.9585105588824213,1.4164569870235535,0.011437694930136104,0.02865072941962149,0.03969069941403607
11,1,3,10.16,-0.0512678585986137,-0.051267858598568194,-4.55040844414556e-14,0.0,0.0,0.958516245452115,1.4164486592750007,0.009591580088297967,0.02329984344857472,0.030527632996897272
11,1,3,10.422857142857143,-0.04037428567892449,-0.04037428567900865,8.416255442133398e-14,0.0,0.0,0.9585195089852843,1.4164367422570465,0.008084433413572699,0.018724927650027864,0.023339111977991035
11,1,3,10.685714285714285,-0.031126527897171446,-0.031126527897200284,2.883758845866752e-14,0.0,0.0,0.9585203081240348,1.4164206727155264,0.006795849397121471,0.014810106766026822,0.017830533592312268
11,1,3,10.948571428571427,-0.023131445419457622,-0.023131445419418504,-3.9118511273132655e-14,0.0,0.0,0.958518204650909,1.4163999857697442,0.005598502472620293,0.011405927440942688,0.013637253747859629
11,1,3,11.21142857142857,-0.01610255759100859,-0.016102557591085906,7.731693995975675e-14,0.0,0.0,0.9585123633171422,1.4163746918244933,0.004380521276621382,0.008348720038393407,0.010299393869979266
11,1,3,11.474285714285713,-0.00988561253981046,-0.009885612539897422,8.696155565936746e-14,0.0,0.0,0.9585017688626987,1.4163457035085796,0.0030573618947554184,0.005485331228477088,0.007270205739161404
11,1,3,11.737142857142857,-0.004474697825336687,-0.004474697825348528,1.1841062852457896e-14,0.0,0.0,0.958485732818511,1.4163152185260037,0.001587588974995408,0.0027083279605192986,0.003983646702047659
11,1,3,12.0,0.0,0.0,0.0,0.0,0.0,0.9584646843902209,1.4162868794421424,0.0,0.0,0.0
12,1,4,2.8,3061.709716668759,3049.6741684425247,12.035548226234129,1.0,132.2455606743571,210.81125351365205,1047.8079885363522,8120.5330262726475,40412.00746852454,40394.31733768042
12,1,4,3.0628571428571427,653.2318945433825,620.5572738653425,32.674620678040036,1.0,26.908863960184288,42.74536920312703,208.67592637861094,1372.2746798753453,6729.158586249645,6657.251570633766
12,1,4,3.3257142857142856,73.69374450815539,64.62785980999888,9.065884698156509,1.0,2.8014328960120665,8.915171439567725,41.01714355832155,276.5716010659307,1176.986647352109,1223.0050576079761
12,1,4,3.588571428571428,4.532113771558678,0.11969408490419102,4.412419686654487,1.0,0.004088270999829658,1.773785694448216,3.8225048742813197,60.1578757070435,169.24026740397377,109.85659186548061
12,1,4,3.8514285714285714,14.105586947814738,0.02541651151261918,14.080170436302117,1.0,0.0,1.2134394381977849,2.69092517932949,26.002383327134748,78.40221866427575,12.932326927748816
12,1,4,4.114285714285714,16.058220506836687,0.02541651151261918,16.032803995324066,1.0,0.0,1.63646387581839,4.444760748633784,20.299433587043893,41.17967072601214,13.189319063073917
12,1,4,4.377142857142857,4.436512515198749,0.02541651151261918,4.411096003686129,1.0,0.0,1.0029488702054299,1.79074745945795,28.89490463973695,71.65495035436822,49.25905466320891
12,1,4,4.64,8.927722351238355,0.02541651151261918,8.902305839725736,1.0,0.0,1.1300455694884046,1.7590840314657328,28.22525549369332,66.60633251874908,49.88424166704829
12,1,4,4.902857142857142,1.4871632510195631,0.02541651151261918,1.4617467395069441,1.0,0.0,1.1071412147889848,1.7958218782571949,30.7511214713079,75.32211603185955,49.941846415584756
12,1,4,5.1657142857142855,-0.6616934676160212,0.02541651151261918,-0.6871099791286404,1.0,0.0,0.9420636626669939,1.432972339125178,18.73112183586069,57.974223215790886,4.029699754142384
12,1,4,5.428571428571429,-0.9815300217856382,0.02541651151261918,-1.0069465332982575,1.0,0.0,0.9590242581993002,1.4407396918592994,10.06953902081069,27.93180004472182,2.435599347366106
12,1,4,5.691428571428571,-0.942450295706961,0.02541651151261918,-0.9678668072195802,1.0,0.0,0.9601892348252301,1.4133618795101441,8.199580517762232,22.129029865678984,7.448433657775435
12,1,4,5.954285714285714,-0.8104955792531644,0.02541651151261918,-0.8359120907657837,1.0,0.0,0.960794846159527,1.4219691340035856,5.565648401562078,13.34704301664792,1.0907285304035574
12,1,4,6.217142857142857,-0.6878549417222412,0.02541651151261918,-0.7132714532348603,1.0,0.0,0.9626441416512579,1.429210887428492,4.801439628150284,12.390039810266806,1.7001997952076304
12,1,4,6.4799999999999995,-0.574391600406352,0.02541651151261918,-0.5998081119189711,1.0,0.0,0.9643483676716451,1.4234119188740957,4.42252987514032,11.781044315229913,0.38838218752156567
12,1,4,6.742857142857142,-0.478965941668541,0.028493906497190313,-0.5074598481657313,0.9671991017264268,0.0,0.964302296231247,1.4173360211744526,3.7755906976013085,8.635212312120604,0.8375788311715574
12,1,4,7.005714285714285,-0.39529419306148184,-0.02012662017343893,-0.3751675728880429,0.7844476532096393,0.0,0.9627183234049619,1.4161754254296346,2.5604868129633362,5.011304518537331,1.269533945508265
12,1,4,7.268571428571428,-0.3552273407481657,-0.1478161009514771,-0.2074112397966886,0.47679520179622853,0.0,0.9607093140509437,1.4169605727172734,1.304077738580263,2.5718144493736514,1.1396330855842756
12,1,4,7.531428571428571,-0.3403806547177918,-0.2718310834888324,-0.06854957122895937,0.17984121206342998,0.0,0.9590317041395139,1.4169316914852474,0.4431541519780595,1.0979160440089304,0.6506514907185798
12,1,4,7.794285714285714,-0.3265875218364703,-0.31999651057122225,-0.006591011265248011,0.020778930647087437,0.0,0.9580722436469792,1.4163799776394916,0.0663220624801726,0.14090641797136866,0.11840884157127199
12,1,4,8.057142857142857,-0.3001274591632708,-0.3001274591631988,-7.200646329197369e-14,0.0,0.0,0.9578190673028629,1.4162329337552002,0.0330574004782192,0.12711557738376916,0.08577066271729407
12,1,4,8.32,-0.26699981594057387,-0.26699981594054983,-2.404215802137566e-14,0.0,0.0,0.9577682334730167,1.416264418123087,0.02858490738854793,0.10775370109945487,0.08837753396134432
12,1,4,8.582857142857144,-0.23352021157642947,-0.23352021157637792,-5.1524624844478955e-14,0.0,0.0,0.9577837870500605,1.4162874961362981,0.0259897816037018,0.08909286759310098,0.08003327668317313
12,1,4,8.845714285714285,-0.202213903118782,-0.2022139031186705,-1.115300109211237e-13,0.0,0.0,0.9578284066216695,1.4163041635414015,0.02339036414460562,0.07263643552168901,0.06740191532231105
12,1,4,9.108571428571427,-0.17406057203921727,-0.17406057203917039,-4.688420832121843e-14,0.0,0.0,0.9578832843660889,1.416315879054194,0.020565238033866274,0.05870967953287627,0.0537897008181859
12,1,4,9.37142857142857,-0.14926762685615566,-0.1492676268560235,-1.321718637314895e-13,0.0,0.0,0.9579392008915899,1.4163235672491528,0.017827521542387908,0.04716523216510926,0.04078871132723094
12,1,4,9.634285714285713,-0.12766342758905522,-0.1276634275889779,-7.73269408574362e-14,0.0,0.0,0.9579919721829331,1.416327530687089,0.015317650111635248,0.03770022708531915,0.02914578887817303
12,1,4,9.897142857142857,-0.10888879946457172,-0.10888879946446052,-1.1120998219538159e-13,0.0,0.0,0.9580401122046032,1.4163273225985122,0.013084525046094734,0.029992876737822593,0.019227685906162993
12,1,4,10.16,-0.09248135048467403,-0.09248135048465879,-1.5241368063467766e-14,0.0,0.0,0.9580836355104573,1.4163216757020967,0.01112505485929538,0.023752814782864222,0.011261877546444707
12,1,4,10.422857142857143,-0.0779075994611112,-0.07790759946102967,-8.153731878048077e-14,0.0,0.0,0.9581234336375296,1.4163086187010996,0.009399594835110972,0.018728006225159934,0.005438008753864077
12,1,4,10.685714285714285,-0.06458025079956711,-0.06458025079953161,-3.550318676201481e-14,0.0,0.0,0.9581609043359653,1.4162859265554266,0.00783904594041635,0.014688694099148195,0.001926451029278803
12,1,4,10.948571428571427,-0.05189018069084224,-0.0518901806908584,1.6161450649976318e-14,0.0,0.0,0.9581976356500226,1.4162520249886914,0.006360653997520909,0.011401231999407884,0.0007727943580974399
12,1,4,11.21142857142857,-0.039277386180884104,-0.03927738618085692,-2.718243989272007e-14,0.0,0.0,0.9582350192967863,1.4162073775518824,0.0048911973390135645,0.008603629524136437,0.0009115269273878954
12,1,4,11.474285714285713,-0.026356403981164147,-0.0263564039810625,-1.016491240138362e-13,0.0,0.0,0.9582737322396995,1.4161561896702544,0.0033739411251329852,0.005993335273142701,0.002011769802240499
12,1,4,11.737142857142857,-0.013093650000042758,-0.013093649999955406,-8.735284078107559e-14,0.0,0.0,0.9583131137946236,1.4161079228921343,0.0017579023577787725,0.0032348066878556707,0.00248528534954023
12,1,4,12.0,0.0,0.0,0.0,0.0,0.0,0.9583506083232791,1.4160775665631256,0.0,0.0,0.0
13,1,5,2.8,3.712156422155952,0.013087854022774348,3.699068568133178,1.0,0.0,1.6082591302642342,3.8386695048912496,417.0162855379543,1824.9713488167802,1777.99430559388
13,1,5,3.0628571428571427,-5.819567244445468,0.013087854022774348,-5.832655098468241,1.0,0.0,1.7553234518332133,3.5453436992236376,126.60668158995898,457.86804286334143,432.456937564243
13,1,5,3.3257142857142856,1.2052235523777415,0.013087854022774348,1.1921356983549671,1.0,0.0,1.945034552847136,5.543172922913812,166.43935476985314,612.5969700710308,195.61325671444632
13,1,5,3.588571428571428,22.9501260769994,0.013087854022774348,22.937038222976625,1.0,0.0,1.4154783510253388,2.7223107561583255,188.5806266224048,764.5390906982892,86.01932549666311
13,1,5,3.8514285714285714,28.251500319905258,0.013087854022774348,28.238412465882483,1.0,0.0,1.3378597328156894,3.2814003946907073,29.78484427494783,75.38432878773243,72.93049649298658
13,1,5,4.114285714285714,21.11230822867418,0.013087854022774348,21.099220374651402,1.0,0.0,1.3442172006583866,2.450546453640058,22.326731309956635,39.77206593949542,21.79591522126346
13,1,5,4.377142857142857,13.910095540006829,0.013087854022774348,13.897007685984054,1.0,0.0,1.368389191977359,2.8190284507601078,31.17317233520669,66.53129381572253,11.022777337283959
13,1,5,4.64,2.7851660523496236,0.013087854022774348,2.772078198326849,1.0,0.0,1.2797300904920594,2.2045306853003743,27.355251570525525,64.0438711249362,6.806184335218899
13,1,5,4.902857142857142,-1.3128820702686783,0.013087854022774348,-1.3259699242914527,1.0,0.0,0.9646545716673393,1.3511337552009797,21.951800970497015,52.097169033939565,12.480149518607288
13,1,5,5.1657142857142855,-1.546636346054992,0.013087854022774348,-1.5597242000777662,1.0,0.0,0.9416530520410671,1.4333462662521244,59.310470455405465,233.0953256579218,11.807362354234458
13,1,5,5.428571428571429,-1.2911079186199848,0.013087854022774348,-1.304195772642759,1.0,0.0,0.9494647403766118,1.4344424279584043,59.87930031515454,245.29409769054067,7.1438670069973345
13,1,5,5.691428571428571,-1.0329450779081857,0.013087854022774348,-1.0460329319309603,1.0,0.0,0.9547723164558966,1.4188973426404943,49.192297020325235,208.12580692442592,1.94811933457231
13,1,5,5.954285714285714,-0.80114541123034,0.013087854022774348,-0.8142332652531143,1.0,0.0,0.9620106681863574,1.4296279358533555,23.17051222956353,93.92630701837524,4.405853369401469
13,1,5,6.217142857142857,-0.6161260812224993,0.013087854022774348,-0.6292139352452737,1.0,0.0,0.965573366041167,1.4341878830999477,7.224163307569127,21.927027622889717,1.8553885990022592
13,1,5,6.4799999999999995,-0.48997351910435255,0.013087854022774348,-0.5030613731271268,1.0,0.0,0.965797393118309,1.4271748671999538,6.2339063346693875,22.907495952694255,0.8230414039262289
13,1,5,6.742857142857142,-0.41087389118590006,0.012867517178442324,-0.42374140836434243,0.9671991017264268,0.0,0.96381459720953,1.4169276281741734,10.033291491164457,39.66381143065888,1.1631369314311095
13,1,5,7.005714285714285,-0.3506638077749034,-0.03130967614321987,-0.3193541316316835,0.7844476532096374,0.0,0.9611110033004051,1.4122659286833368,10.02947952843589,39.93513535483137,1.430293305994725
13,1,5,7.268571428571428,-0.3122776572249948,-0.1323677045810324,-0.1799099526439624,0.47679520179622736,0.0,0.9593784038746612,1.4138740766859874,6.120763093838956,24.04458506102646,0.8099360762443851
13,1,5,7.531428571428571,-0.28400691254117716,-0.22446254781820144,-0.059544364722975716,0.1798412120634292,0.0,0.9585542711454366,1.4159799635311636,2.096223563056014,7.969467293482991,0.057422782250704824
13,1,5,7.794285714285714,-0.2607241963306606,-0.2551421151919918,-0.005582081138668744,0.020778930647087374,0.0,0.9582111317867879,1.4164045324487906,0.23043504766660422,0.7535581190928323,0.1485020315267221
13,1,5,8.057142857142857,-0.23417230606836986,-0.2341723060684356,6.572589954928487e-14,0.0,0.0,0.9581812054046871,1.4163771133874568,0.027278765327436158,0.10327427660406181,0.10413984061485533
13,1,5,8.32,-0.20460483987578953,-0.2046048398757908,1.2801149029684212e-15,0.0,0.0,0.9582012641482234,1.4163585273631814,0.026257039125639862,0.08586346976835021,0.09979857363516219
13,1,5,8.582857142857144,-0.17592177121171643,-0.17592177121179114,7.47067056654227e-14,0.0,0.0,0.9582234088347255,1.4163426387396543,0.023831136312991132,0.069896435022739,0.08829656519551558
13,1,5,8.845714285714285,-0.14975339013997419,-0.14975339013999503,2.0841870763954607e-14,0.0,0.0,0.9582448671103059,1.4163291340978061,0.02097492794917608,0.0562099133805295,0.0745187439793622
13,1,5,9.108571428571427,-0.12664284300438766,-0.12664284300446862,8.096726761275264e-14,0.0,0.0,0.9582644892716603,1.4163177179021225,0.018165420689446935,0.046709216086742285,0.060819258791029215
13,1,5,9.37142857142857,-0.10659986807184599,-0.1065998680718499,3.92035189034079e-15,0.0,0.0,0.9582819189184928,1.4163081569947642,0.015604078011799591,0.03949570261282604,0.04826304011693472
13,1,5,9.634285714285713,-0.08938329624815221,-0.08938329624817551,2.3292090695417602e-14,0.0,0.0,0.9582971989867716,1.4163003244148409,0.013346920122444343,0.03273314382712067,0.03728269462850891
13,1,5,9.897142857142857,-0.07463972923467165,-0.07463972923483321,1.6157450290904541e-13,0.0,0.0,0.9583105848836919,1.4162942322026462,0.01138374228164461,0.026698615749156957,0.028024030922692265
13,1,5,10.16,-0.061966899710019,-0.061966899710069925,5.0924570983712505e-14,0.0,0.0,0.9583224567085322,1.4162900337548814,0.009676213002009422,0.02147091163020486,0.020516641508062122
13,1,5,10.422857142857143,-0.05094144805775452,-0.05094144805790342,1.4890336554919393e-13,0.0,0.0,0.9583332716401296,1.41628797344637,0.008169807484848548,0.017025378316495317,0.014736237860890575
13,1,5,10.685714285714285,-0.0411366185940222,-0.04113661859402363,1.430128368160033e-15,0.0,0.0,0.9583435195017336,1.416288266296665,0.006799284672684061,0.013279357402659713,0.010593803669511632
13,1,5,10.948571428571427,-0.03214744407674083,-0.032147444076883795,1.429628323276061e-13,0.0,0.0,0.9583536566584219,1.4162909048558525,0.005496319701686895,0.010111694377238157,0.007880501083682068
13,1,5,11.21142857142857,-0.023634605644883795,-0.02363460564502766,1.4386291311875578e-13,0.0,0.0,0.9583640041779962,1.4162954155317036,0.004199309189469542,0.007371233092330324,0.006205217773119601
13,1,5,11.474285714285713,-0.015390285111965458,-0.015390285112036052,7.059383649475268e-14,0.0,0.0,0.9583746110357012,1.416300623601343,0.002862681688229918,0.004885210728002336,0.00494612628072316
13,1,5,11.737142857142857,-0.007417802721144547,-0.007417802721169217,2.466971435076057e-14,0.0,0.0,0.9583851067750487,1.4163045366099942,0.001462928602244863,0.002476750514037116,0.003224868806019469
13,1,5,12.0,0.0,0.0,0.0,0.0,0.0,0.9583946053531666,1.41630452147296,0.0,0.0,0.0
14,1,6,2.8,-8.971912182097233,0.010260883973507742,-8.982173066070741,1.0,0.0,2.0760957003713516,5.27184849232027,83.15589801751244,208.60987577266644,287.393211578428
14,1,6,3.0628571428571427,42.00516352961077,0.010260883973507742,41.99490264563726,1.0,0.0,3.7402752075799635,8.425549494831621,107.60082393679926,279.7732903121301,321.3201084654783
14,1,6,3.3257142857142856,59.49493300375824,0.010260883973507742,59.48467211978474,1.0,0.0,2.8795363812753734,7.54226815395881,135.68247694681537,361.8836049134011,352.968382583166
14,1,6,3.588571428571428,72.5098663679637,0.010260883973507742,72.4996054839902,1.0,0.0,2.4742072773623867,5.777810542498222,69.37367011686338,134.6406564852181,158.33801147388917
14,1,6,3.8514285714285714,24.718681256366278,0.010260883973507742,24.70842037239277,1.0,0.0,2.1759208053054433,4.111240653030242,42.17688278139691,66.51014171424497,148.49442065295412
14,1,6,4.114285714285714,5.821182574476832,0.010260883973507742,5.810921690503323,1.0,0.0,1.5653540853747814,4.106517732050609,23.36906846836519,81.86968860150445,96.29272539113616
14,1,6,4.377142857142857,-6.691699128278761,0.010260883973507742,-6.701960012252269,1.0,0.0,0.9843891933707558,1.5715530625412832,6.740103001223724,13.33312980626937,8.751462061018039
14,1,6,4.64,0.17825934845052682,0.010260883973507742,0.1679984644770191,1.0,0.0,1.1683229922325231,2.3863134810321927,15.114532206372623,62.70475525734914,57.899620326523035
14,1,6,4.902857142857142,8.895207106215569,0.010260883973507742,8.884946222242062,1.0,0.0,0.6014747733859307,1.3575119243832625,20.6612711876574,46.9439310438739,38.65682244286904
14,1,6,5.1657142857142855,16.167132711338986,0.010260883973507742,16.156871827365478,1.0,0.0,0.3844324341091811,0.5721507391785811,18.83130155301152,27.73513779243488,14.019652699240421
14,1,6,5.428571428571429,17.077738489583833,0.010260883973507742,17.06747760561033,1.0,0.0,0.5209015507449279,0.8051175172735913,12.605583885427935,22.467403128188494,5.2586966786906935
14,1,6,5.691428571428571,9.76757506215367,0.010260883973507742,9.757314178180161,1.0,0.0,1.3007461421417108,2.8805330654494696,13.241433392933313,51.01525383696728,46.23216264011159
14,1,6,5.954285714285714,1.8608694915662902,0.010260883973507742,1.8506086075927826,1.0,0.0,1.0437465488453468,1.5580410280502395,4.836525844988093,17.599890699606537,16.24208033804883
14,1,6,6.217142857142857,0.04800258257086336,0.010260883973507742,0.037741698597355613,1.0,0.0,0.9775714078026049,1.461672848495331,1.1482831451672144,3.189871542885503,3.1162931647152
14,1,6,6.4799999999999995,-0.5440185309921979,0.010260883973507742,-0.5542794149657057,1.0,0.0,0.9670574764518196,1.4325549486196656,0.6080352564884968,1.406937537765988,1.5395374115776836
14,1,6,6.742857142857142,-0.7199452552859423,0.0016026651993020216,-0.7215479204852445,0.9671991017264268,0.0,0.9549393793685441,1.4215114686475798,0.3360714723976589,0.7804752227258348,0.08119649984132846
14,1,6,7.005714285714285,-0.611794994699309,-0.07391757865785445,-0.5378774160414546,0.7844476532096374,0.0,0.9518874695542905,1.4199541159927969,0.31652266384102845,0.6812942655940298,0.5397404606214742
14,1,6,7.268571428571428,-0.470234011614954,-0.2035486411142279,-0.26668537050072605,0.47679520179622736,0.0,0.9543841762886787,1.4210400587027594,0.20081922379423295,0.47061174879097756,0.4401699447361268
14,1,6,7.531428571428571,-0.37717909884590445,-0.3022317708264638,-0.07494732801944069,0.1798412120634292,0.0,0.9571934263397515,1.4194130566292804,0.08772213297535472,0.18524452163653637,0.241346037632534
14,1,6,7.794285714285714,-0.3254832124212103,-0.31968161870589185,-0.005801593715318474,0.020778930647087437,0.0,0.9582340476866615,1.4169188795937708,0.03499286603850574,0.08024332314452122,0.15046310045863412
14,1,6,8.057142857142857,-0.2796393281927903,-0.27963932819268494,-1.0536945795058817e-13,0.0,0.0,0.9583533833999416,1.4164293431141097,0.032848186573011855,0.06557906558085977,0.15501935858496552
14,1,6,8.32,-0.2354547194065454,-0.23545471940653157,-1.3841242388346053e-14,0.0,0.0,0.9583854844844979,1.4164626160791245,0.029761995643466214,0.061888173399542425,0.13850107715449453
14,1,6,8.582857142857144,-0.1963084180772627,-0.19630841807720437,-5.832523526649869e-14,0.0,0.0,0.9584195761008851,1.416488960663423,0.02583300292306378,0.05896843309078008,0.11766846642039283
14,1,6,8.845714285714285,-0.16266853521498392,-0.16266853521494898,-3.494313649196612e-14,0.0,0.0,0.9584498765423781,1.4165057848275455,0.021901108733016417,0.05275770140359236,0.09687229375731193
14,1,6,9.108571428571427,-0.13424375318347045,-0.13424375318337736,-9.308835560023488e-14,0.0,0.0,0.9584745564371675,1.4165146541581906,0.01832099408373945,0.04550684952666269,0.07794485050453015
14,1,6,9.37142857142857,-0.11044514978551928,-0.11044514978542566,-9.36084022795658e-14,0.0,0.0,0.9584935439267361,1.41651757043303,0.015220393473402628,0.03832462855271303,0.06151487673748557
14,1,6,9.634285714285713,-0.0906019901882591,-0.09060199018822715,-3.194286718813389e-14,0.0,0.0,0.9585074862137123,1.4165158177912194,0.012626318722519965,0.031719845528974625,0.04767037615303133
14,1,6,9.897142857142857,-0.07405368361418502,-0.07405368361412075,-6.426576848808652e-14,0.0,0.0,0.9585172458559026,1.4165099959015413,0.010521214891169585,0.025889481138674512,0.03628819515191214
14,1,6,10.16,-0.060181694291077906,-0.060181694291085934,8.030720836590954e-15,0.0,0.0,0.9585236302875633,1.4165000532429974,0.008851093054525258,0.020869818360240815,0.02718357077370888
14,1,6,10.422857142857143,-0.04841696553872369,-0.04841696553871751,-6.180554765894409e-15,0.0,0.0,0.958527209970273,1.4164853766918724,0.0075114390730353295,0.01661270378966229,0.02015426128150416
14,1,6,10.685714285714285,-0.03824423206368106,-0.0382442320635759,-1.0516943999699936e-13,0.0,0.0,0.9585281713131246,1.4164649974952312,0.006366702184181531,0.01302128169255696,0.014960116441063374
14,1,6,10.948571428571427,-0.029216259280414467,-0.02921625928038825,-2.6217353266654033e-14,0.0,0.0,0.9585262145079424,1.4164379677990093,0.005291203711766031,0.009965642853389346,0.011271237495829662
14,1,6,11.21142857142857,-0.020984215738588496,-0.020984215738532055,-5.64400660539241e-14,0.0,0.0,0.9585205561302612,1.4164039385168499,0.004181311605596121,0.007291887986634512,0.008620190272227653
14,1,6,11.474285714285713,-0.013342726634929079,-0.013342726634909473,-1.960675990054367e-14,0.0,0.0,0.9585101281358744,1.4163639144609446,0.0029544575932172125,0.004834423675626146,0.006380341714121573
14,1,6,11.737142857142857,-0.006278548459558511,-0.006278548459556609,-1.9026707835136102e-15,0.0,0.0,0.9584940624990486,1.4163210535822484,0.0015593613771006454,0.0024388154734802173,0.003778922268629596
14,1,6,12.0,0.0,0.0,0.0,0.0,0.0,0.9584724856569042,1.4162811796188863,0.0,0.0,0.0
15,1,7,2.8,14.655240284991029,0.025054932985483336,14.630185352005547,1.0,0.0,1.7802045688211194,4.377922116677559,66.4194683912076,195.5177285470208,39.68234995924302
15,1,7,3.0628571428571427,19.93726995789925,0.025054932985483336,19.912215024913767,1.0,0.0,1.4363377903252699,2.6362912916212964,191.9263303644265,444.9044679119646,455.9294317201171
15,1,7,3.3257142857142856,40.82292359794648,0.025054932985483336,40.797868664960994,1.0,0.0,1.8799644836965967,4.599336391753404,73.2832720987656,134.68400020345487,227.88031076496875
15,1,7,3.588571428571428,24.378136714325134,0.025054932985483336,24.35308178133965,1.0,0.0,1.9114915326008954,3.9529021589040174,74.28276431688171,204.28340423529392,149.94590826218993
15,1,7,3.8514285714285714,26.642811803589545,0.025054932985483336,26.61775687060406,1.0,0.0,1.1376683297802022,2.1074711314690995,50.50664213802245,116.97156394806112,94.31507435641295
15,1,7,4.114285714285714,33.9642742520123,0.025054932985483336,33.93921931902682,1.0,0.0,1.8570682223440382,5.330988336838203,36.68989317241973,94.71289837798727,76.16133005907437
15,1,7,4.377142857142857,9.048584310314508,0.025054932985483336,9.023529377329023,1.0,0.0,1.4904009512099599,4.199897395943321,26.663743085500418,51.968816839651176,19.57475178537875
15,1,7,4.64,1.3724470876271082,0.025054932985483336,1.347392154641625,1.0,0.0,0.958664901210127,1.4018635422212713,35.209823858059686,117.5893779349611,31.75152922735406
15,1,7,4.902857142857142,-0.6618910023780611,0.025054932985483336,-0.6869459353635444,1.0,0.0,0.9575457298380184,1.4017378513982546,26.801092328051695,101.35134176214669,8.306620617544029
15,1,7,5.1657142857142855,-1.2120108328527566,0.025054932985483336,-1.2370657658382398,1.0,0.0,0.9613839081533913,1.4216845964121003,13.909604882550592,48.563322279893995,2.8332562563773855
15,1,7,5.428571428571429,-1.2134382545238864,0.025054932985483336,-1.2384931875093697,1.0,0.0,0.9613572670833589,1.4302128716678193,4.514629235417999,9.237587872837953,2.170878999542851
15,1,7,5.691428571428571,-1.0256087531897775,0.025054932985483336,-1.0506636861752607,1.0,0.0,0.9621061770234531,1.4428032483647781,6.140150038870654,16.59898378201832,2.578461564627981
15,1,7,5.954285714285714,-0.8403734395649846,0.025054932985483336,-0.8654283725504679,1.0,0.0,0.962310292810941,1.4430947095183344,6.830731571467372,19.19211245270877,3.946597929704029
15,1,7,6.217142857142857,-0.6589022675364128,0.025054932985483336,-0.6839572005218961,1.0,0.0,0.962629728426197,1.4294564324895802,5.9460205607292,17.386694824791295,1.6499897190782555
15,1,7,6.4799999999999995,-0.5653604155921972,0.025054932985483336,-0.5904153485776805,1.0,0.0,0.9622529643453198,1.415697552169179,4.31537033392231,12.342536063721704,0.38106220884388003
15,1,7,6.742857142857142,-0.49285771963816727,0.02970125752084248,-0.5225589771590097,0.9671991017264268,0.0,0.9610090681616604,1.4086322511021518,2.559713602483893,7.316161940491335,1.2319744570371032
15,1,7,7.005714285714285,-0.39156196127688153,-0.01385936501933234,-0.3777025962575492,0.7844476532096393,0.0,0.9604662627576763,1.409054279923119,1.9045856490149313,5.348470608409134,1.2081753451252435
15,1,7,7.268571428571428,-0.33470319549920063,-0.1372401913692218,-0.1974630041299788,0.47679520179622853,0.0,0.9599046494791967,1.4128388341070668,1.5361997194007777,3.758057599246807,0.9990690834361602
15,1,7,7.531428571428571,-0.32160318352864825,-0.25996912970595065,-0.061634053822697606,0.1798412120634292,0.0,0.9587981861420968,1.4155552714470085,0.6472003581461554,1.7099087088378089,0.6905763654224832
15,1,7,7.794285714285714,-0.3152337870657052,-0.3095347974589792,-0.0056989896067259705,0.020778930647087437,0.0,0.9579013755569363,1.416355414952989,0.09584760516436847,0.1956703953616369,0.23353424156539643
15,1,7,8.057142857142857,-0.2920259165125647,-0.2920259165125503,-1.44412962491125e-14,0.0,0.0,0.9577197081137125,1.4164087553666234,0.03643720906060114,0.1353951157917556,0.07258704120815267
15,1,7,8.32,-0.26071316575283493,-0.26071316575281617,-1.872168045591316e-14,0.0,0.0,0.9577245404651521,1.4164153198867426,0.03173421596070828,0.11612926311390759,0.08042173462418423
15,1,7,8.582857142857144,-0.22855081333127442,-0.22855081333119343,-8.100727120347041e-14,0.0,0.0,0.9577670067269513,1.4164176046685897,0.0277980253186693,0.09693873538537293,0.07516463245961683
15,1,7,8.845714285714285,-0.1982290030642399,-0.19822900306417174,-6.816611858306843e-14,0.0,0.0,0.9578234874774896,1.4164168690597907,0.025241507212282167,0.0797259872238893,0.06434771505247333
15,1,7,9.108571428571427,-0.17082949568230327,-0.17082949568228378,-1.948174867955066e-14,0.0,0.0,0.9578825089365663,1.4164140257639095,0.022356364869078358,0.06499623456809242,0.05181235067917293
15,1,7,9.37142857142857,-0.14662544432893457,-0.14662544432882954,-1.0504942922484606e-13,0.0,0.0,0.9579387682458289,1.4164096992020165,0.01950397377879996,0.05267920170075518,0.03946023235127846
15,1,7,9.634285714285713,-0.12548930565214375,-0.12548930565214483,1.0800969493796054e-15,0.0,0.0,0.9579901420622109,1.4164042432322284,0.01685338168062518,0.0425005656350257,0.028218599558748437
15,1,7,9.897142857142857,-0.10709286333338967,-0.10709286333337475,-1.492133933772566e-14,0.0,0.0,0.958036184569657,1.4163977280699775,0.014466812386402244,0.03414420521844676,0.018564027922509472
15,1,7,10.16,-0.09099669686690338,-0.090996696866805,-9.836882957497961e-14,0.0,0.0,0.9580773870874353,1.416389917203908,0.012346579122637775,0.027314844991857705,0.010801006742212156
15,1,7,10.422857142857143,-0.07668550321055988,-0.07668550321045238,-1.0749964915630906e-13,0.0,0.0,0.9581148186181425,1.416380267964223,0.01045695849983755,0.02175111368267189,0.005203162029787564
15,1,7,10.685714285714285,-0.06358725587606634,-0.06358725587595211,-1.142302532945727e-13,0.0,0.0,0.9581499259271041,1.4163680017180376,0.008734893783953852,0.01721256742394979,0.002119286293229544
15,1,7,10.948571428571427,-0.05110600641102931,-0.051106006410939944,-8.93680216634829e-14,0.0,0.0,0.9581843455845757,1.4163522961600512,0.00710065330257712,0.013453759333405008,0.0013705963842185367
15,1,7,11.21142857142857,-0.03869262148883906,-0.0386926214887383,-1.0075904412036596e-13,0.0,0.0,0.9582196207773116,1.4163326436673889,0.005472405733217104,0.010196148107492326,0.0011274765095545581
15,1,7,11.474285714285713,-0.025968974876913794,-0.025968974876777014,-1.367822775617117e-13,0.0,0.0,0.9582567555380646,1.4163093820947383,0.003777595962257405,0.00711064488456238,0.0019380013796440638
15,1,7,11.737142857142857,-0.012903214733953604,-0.012903214733810101,-1.435028808022959e-13,0.0,0.0,0.9582956063202271,1.4162843175471047,0.001960621903823638,0.0038279734296433826,0.0024426021782890956
15,1,7,12.0,0.0,0.0,0.0,0.0,0.0,0.9583342352835078,1.4162611947709685,0.0,0.0,0.0
16,2,0,2.8,31.714447565926605,0.0028157367897771804,31.71163182913683,1.0,0.0,2.121012483793978,4.307936746972576,34.02129152280562,74.66434167873426,94.28512354628144
16,2,0,3.0628571428571427,18.41277550765793,0.0028157367897771804,18.409959770868156,1.0,0.0,1.2195220522293009,1.8729771009081198,21.91068211413061,41.10525610251544,42.63050477653819
16,2,0,3.3257142857142856,12.70349010424069,0.0028157367897771804,12.700674367450912,1.0,0.0,1.1401892503546145,2.1939731931949447,21.550336114658418,58.94905703404777,62.040935488957224
16,2,0,3.588571428571428,4.343008251753521,0.0028157367897771804,4.340192514963745,1.0,0.0,1.1773472547598316,2.507648125675945,8.322005283400737,16.96065758233713,2.87005912691816
16,2,0,3.8514285714285714,-0.5061853209910342,0.0028157367897771804,-0.5090010577808114,1.0,0.0,0.9336973054847751,1.3543142931197851,7.402054040996803,12.625921954194812,4.986104079264692
16,2,0,4.114285714285714,-0.9920822367032697,0.0028157367897771804,-0.9948979734930468,1.0,0.0,0.9077955144916297,1.34991908310248,4.103156315698433,11.903114151709117,1.9169620210133764
16,2,0,4.377142857142857,-1.0773034476812566,0.0028157367897771804,-1.0801191844710338,1.0,0.0,0.9415330287303041,1.494370348571674,3.9797967903246376,12.474782904937829,3.1726736601930856
16,2,0,4.64,-0.7753280133732036,0.0028157367897771804,-0.7781437501629807,1.0,0.0,0.9629629078109646,1.4765505359723492,4.538470295344777,12.449145374260814,3.12033381441581
16,2,0,4.902857142857142,-0.6018531803166093,0.0028157367897771804,-0.6046689171063865,1.0,0.0,0.9720819505943099,1.4494538100148116,4.274588691164743,14.66505801633106,1.698414979586656
16,2,0,5.1657142857142855,-0.49992087188332945,0.0028157367897771804,-0.5027366086731067,1.0,0.0,0.9735187007245951,1.456231581448782,3.89009351970984,13.378691184402513,0.9262303697365163
16,2,0,5.428571428571429,-0.45941786508607796,0.0028157367897771804,-0.4622336018758551,1.0,0.0,0.9671308470837712,1.462869421573569,3.1519438275792098,9.833017959471682,1.145794965143036
16,2,0,5.691428571428571,-0.37334560358296504,0.0028157367897771804,-0.37616134037274224,1.0,0.0,0.9623088933196087,1.4537991811484094,2.255072186657738,6.105152824483955,0.8717795583960881
16,2,0,5.954285714285714,-0.28768635496887385,0.0028157367897771804,-0.29050209175865105,1.0,0.0,0.9601682484890659,1.438777761756137,1.702101872771064,3.439951799016781,0.38277362402013676
16,2,0,6.217142857142857,-0.235857861058125,0.0028157367897771804,-0.2386735978479022,1.0,0.0,0.958966813849463,1.4282291152968989,1.4128597414167976,2.4110243474788997,0.08032967398767685
16,2,0,6.4799999999999995,-0.2123887388521807,0.0028157367897771804,-0.2152044756419579,1.0,0.0,0.9579579551158706,1.424124084045411,1.209686113589722,2.115586154064756,0.010335847336016541
16,2,0,6.742857142857142,-0.17931297289980824,0.019847040468202612,-0.19916001336801084,0.9671991017264271,0.0,0.9571465357847908,1.4251759594454276,1.0240196814671902,1.874719373446342,0.10372432862828361
16,2,0,7.005714285714285,-0.10845139890982597,0.048853259804518205,-0.15730465871434415,0.7844476532096393,0.0,0.9573610093665519,1.4259762492684112,0.7433899460829251,1.4320751766223219,0.04677438314263071
16,2,0,7.268571428571428,-0.06142389559011402,0.03064856124640492,-0.09207245683651893,0.47679520179622853,0.0,0.9582878958563411,1.4238709236908678,0.4216536825902212,0.9167954345676015,0.056256980584997646
16,2,0,7.531428571428571,-0.052164707156818674,-0.01988751752997517,-0.032277189626843505,0.17984121206342998,0.0,0.9588822957999186,1.4203508943852041,0.1797023909892639,0.4248951650350761,0.041467213178991505
16,2,0,7.794285714285714,-0.06417846881811964,-0.060911973161893125,-0.003266495656226526,0.020778930647087437,0.0,0.9588925321477257,1.4178504639413796,0.058342593605833076,0.14014193494793353,0.05677527012242605
16,2,0,8.057142857142857,-0.0761279579244085,-0.07612795792432347,-8.50276320706056e-14,0.0,0.0,0.9587766450309845,1.4172709974822777,0.03621430525912481,0.06299384468298898,0.04801590683095691
16,2,0,8.32,-0.07757098946577286,-0.07757098946574428,-2.857256467016234e-14,0.0,0.0,0.9586987987831689,1.4171062857858916,0.024889730326697078,0.05044979318375394,0.017368258135822844
16,2,0,8.582857142857144,-0.07279389866257664,-0.07279389866255856,-1.808162300442895e-14,0.0,0.0,0.958645089238009,1.4169686012871738,0.020045435432037816,0.04239249970499711,0.016870776399897532
16,2,0,8.845714285714285,-0.06523579854569136,-0.06523579854569113,-2.4002154430657896e-16,0.0,0.0,0.9586065690559062,1.416854598902995,0.01965978617995624,0.03572432545121398,0.021852027142600802
16,2,0,9.108571428571427,-0.05677324542703898,-0.05677324542690618,-1.3280192028529427e-13,0.0,0.0,0.9585779382704958,1.4167606509847597,0.018455993886394215,0.030196453828123127,0.023428165342413904
16,2,0,9.37142857142857,-0.048395168080188206,-0.04839516808011203,-7.61768376243005e-14,0.0,0.0,0.9585559371709473,1.4166833954171065,0.016873534280485818,0.025599268482840918,0.022593090471377326
16,2,0,9.634285714285713,-0.040585202628946146,-0.04058520262888254,-6.361070969008315e-14,0.0,0.0,0.9585384796458465,1.4166199444649599,0.01517014786588216,0.022463294410560154,0.02052208046125953
16,2,0,9.897142857142857,-0.033538886456134745,-0.033538886456132545,-2.1951970406372537e-15,0.0,0.0,0.9585241570740483,1.4165679073225843,0.013479698968512796,0.020318114928293423,0.017971802773519584
16,2,0,10.16,-0.027288003729257257,-0.027288003729201597,-5.565999603492772e-14,0.0,0.0,0.9585119406637304,1.4165252918084066,0.011858474065218455,0.017864640642764225,0.015381761080945149
16,2,0,10.422857142857143,-0.02177448730145734,-0.021774487301316956,-1.4038260072631038e-13,0.0,0.0,0.9585010006724669,1.4164903217577152,0.010310742802851323,0.015345128361665386,0.01297577628422239
16,2,0,10.685714285714285,-0.016899197711673974,-0.01689919771161191,-6.206557099860955e-14,0.0,0.0,0.9584906064959033,1.4164612145130175,0.008803314086382658,0.01285076802828961,0.010820269588065458
16,2,0,10.948571428571427,-0.012559881661332447,-0.012559881661232399,-1.0004898038512566e-13,0.0,0.0,0.9584800962398885,1.4164359913932083,0.007277094775136499,0.010378358481667554,0.008857605857388222
16,2,0,11.21142857142857,-0.008684125823121197,-0.00868412582306644,-5.475616490714826e-14,0.0,0.0,0.9584689168590999,1.416412426644036,0.005662254535527678,0.00787626255145109,0.006939033998844653
16,2,0,11.474285714285713,-0.005255668523757152,-0.005255668523632525,-1.246261864323514e-13,0.0,0.0,0.9584567377577035,1.4163882563731363,0.003902105910555579,0.005292432113282762,0.0048796910777730625
16,2,0,11.737142857142857,-0.00232607229095575,-0.002326072290935972,-1.9778025273304093e-14,0.0,0.0,0.958443628890917,1.4163617407106195,0.001987852856883216,0.002629381337398061,0.002550283954722766
16,2,0,12.0,0.0,0.0,0.0,0.0,0.0,0.9584302621752965,1.4163325635881385,0.0,0.0,0.0
17,2,1,2.8,30.814257452741053,13.125442837993889,17.688814614747162,1.0,0.5685646251111961,3.1607116179728645,9.083273105265196,23251.00998409044,116111.87522414446,116087.65139142453
17,2,1,3.0628571428571427,25.537336391425075,0.4871448824305903,25.050191508994484,1.0,0.020515018400010385,1.0854080286313068,2.21122070103543,2926.69636740183,14468.483689323823,14432.901747749655
17,2,1,3.3257142857142856,18.39202135293981,0.014058300617150724,18.37796305232266,1.0,0.0,1.8022494446482473,4.109408694156902,524.9064886911084,2505.5749338324376,2496.3591333689906
17,2,1,3.588571428571428,14.672033742704086,0.014058300617150724,14.657975442086936,1.0,0.0,1.3162771812913974,2.8545477780979565,68.28111707863933,193.67730745274466,159.34457571734143
17,2,1,3.8514285714285714,11.325177735171373,0.014058300617150724,11.311119434554222,1.0,0.0,1.1949798435700902,2.0409201843943534,23.65442928497239,51.33101724397267,57.06200615250452
17,2,1,4.114285714285714,4.146768524828091,0.014058300617150724,4.13271022421094,1.0,0.0,0.8313555295133632,1.92588622803288,28.941848450720624,61.51748134544437,18.669972948824377
17,2,1,4.377142857142857,8.616528733219342,0.014058300617150724,8.60247043260219,1.0,0.0,1.0276168250467292,1.767377556160345,24.77464263464354,50.19225424112674,62.45576850727199
17,2,1,4.64,0.6396497875329857,0.014058300617150724,0.625591486915835,1.0,0.0,0.9577875177377798,1.7190906277016573,11.595549389111548,26.063652617879722,21.61900567278546
17,2,1,4.902857142857142,-1.1721653799344574,0.014058300617150724,-1.1862236805516082,1.0,0.0,0.9118386427250164,1.4314175032051606,18.936144055506425,58.55253514152845,31.9917929600952
17,2,1,5.1657142857142855,-1.3427696839192351,0.014058300617150724,-1.3568279845363858,1.0,0.0,0.9525549411979984,1.5126078725874927,9.2044342537,20.334917805852456,13.839174641396443
17,2,1,5.428571428571429,-1.133404533915126,0.014058300617150724,-1.1474628345322766,1.0,0.0,0.9616821543383007,1.495904133163384,4.267173531001985,11.943864838228684,9.919845081584874
17,2,1,5.691428571428571,-0.9093191199896159,0.014058300617150724,-0.9233774206067666,1.0,0.0,0.9603614999251053,1.4827176790276093,3.390209653437038,10.134241904049185,0.8550563465728082
17,2,1,5.954285714285714,-0.733004103701107,0.014058300617150724,-0.7470624043182578,1.0,0.0,0.9585299175115061,1.470811471695272,4.372222742191758,14.32695035216724,1.6704286106156696
17,2,1,6.217142857142857,-0.6356808840225207,0.014058300617150724,-0.6497391846396714,1.0,0.0,0.9552574178088731,1.4617839364283767,4.617688273500009,13.925095279451941,1.320609830232152
17,2,1,6.4799999999999995,-0.5819544349103534,0.014058300617150724,-0.5960127355275041,1.0,0.0,0.9520743123414871,1.4461022450926846,3.5556069927960596,10.336847669100793,0.7105354367091169
17,2,1,6.742857142857142,-0.5147541982370645,0.01657987008783,-0.5313340683248945,0.9671991017264264,0.0,0.9520197404265556,1.434184824652022,2.309558806714184,6.296400976853856,0.083151411738536
17,2,1,7.005714285714285,-0.3988359462117483,-0.014043302074344684,-0.3847926441374036,0.7844476532096393,0.0,0.95487475427541,1.4287925954820548,1.4282363007314682,3.310973672453104,0.14105237029170195
17,2,1,7.268571428571428,-0.29873170860645026,-0.09921521367087613,-0.19951649493557413,0.47679520179622853,0.0,0.9577746862488296,1.4263226045698763,0.8175772277274037,1.7288618957687174,0.21983070203367672
17,2,1,7.531428571428571,-0.2447104935196655,-0.1843725966015283,-0.06033789691813722,0.1798412120634292,0.0,0.9589360363424456,1.4237024731457166,0.30370489618805613,0.5670558043886379,0.16514590123103007
17,2,1,7.794285714285714,-0.22410829289950557,-0.21887611905536927,-0.005232173844136295,0.020778930647087437,0.0,0.9589416910119409,1.4216344078625331,0.05495013102738408,0.16085748069769268,0.013910264064311778
17,2,1,8.057142857142857,-0.20640943638270287,-0.20640943638284998,1.4709320306921515e-13,0.0,0.0,0.9588992783034855,1.4207894328408892,0.03398232689228882,0.1392051031001709,0.07393063825143144
17,2,1,8.32,-0.18398397839992545,-0.18398397840006023,1.347720971281441e-13,0.0,0.0,0.9588763932995559,1.4201148804163024,0.02956811762859204,0.11924150717386743,0.08081133179141015
17,2,1,8.582857142857144,-0.1607407824238139,-0.16074078242394357,1.296716393116293e-13,0.0,0.0,0.958841764375306,1.419511723800453,0.026560370159370267,0.09960363082630035,0.07558979080544175
17,2,1,8.845714285714285,-0.13869092750643638,-0.13869092750656112,1.2473119585798555e-13,0.0,0.0,0.9588035967735667,1.4189962780549188,0.024035793707232404,0.08209892000225356,0.06534640938322162
17,2,1,9.108571428571427,-0.11869145351340897,-0.11869145351341998,1.100098744738487e-14,0.0,0.0,0.958765976322464,1.4185655859947464,0.021240877660569354,0.06717677756041718,0.05363045150513378
17,2,1,9.37142857142857,-0.10099747166203153,-0.10099747166210915,7.762696778781941e-14,0.0,0.0,0.9587307741072013,1.4182097218256744,0.018511620751992332,0.0547317112249563,0.04217253529657145
17,2,1,9.634285714285713,-0.08555485531765258,-0.08555485531774852,9.592861054119607e-14,0.0,0.0,0.9586986570000311,1.4179172742569892,0.015996665497129865,0.044464043083006305,0.0317927837882316
17,2,1,9.897142857142857,-0.07215079717994438,-0.07215079718002332,7.89470862815056e-14,0.0,0.0,0.9586696047892195,1.417677586249638,0.013744539658569376,0.03603524019489404,0.022882373359669334
17,2,1,10.16,-0.06048710580609539,-0.06048710580618378,8.838793369089771e-14,0.0,0.0,0.9586431579637879,1.4174814051876998,0.01174690101259321,0.029126106650188343,0.015649392549593296
17,2,1,10.422857142857143,-0.05021502905865831,-0.05021502905877264,1.143302622713671e-13,0.0,0.0,0.9586185312516221,1.4173207154671024,0.0099594550755608,0.023448069790510086,0.010217526478061399
17,2,1,10.685714285714285,-0.04095745986887952,-0.040957459868998757,1.1923570258313283e-13,0.0,0.0,0.9585946872379211,1.417188147860776,0.00831491354806352,0.018732303607412227,0.006608962636090789
17,2,1,10.948571428571427,-0.03233732489667768,-0.03233732489680992,1.3223686956640584e-13,0.0,0.0,0.9585704471032054,1.417076237320526,0.006736876525726059,0.014711333640917703,0.004633510200685098
17,2,1,11.21142857142857,-0.024025313678950035,-0.02402531367906105,1.1101496469063249e-13,0.0,0.0,0.9585447040873243,1.4169768097229223,0.00515571475973726,0.011104806970543907,0.0038431622399031193
17,2,1,11.474285714285713,-0.01581271036807251,-0.01581271036818735,1.1484030805301859e-13,0.0,0.0,0.9585167836931643,1.4168808466268843,0.003520117426958763,0.007620773457474369,0.0036005893832865288
17,2,1,11.737142857142857,-0.007703330045471336,-0.007703330045625281,1.539438179796321e-13,0.0,0.0,0.9584869448239509,1.4167792495382399,0.0018011311957778827,0.003983740772867056,0.002837568948187328
17,2,1,12.0,0.0,0.0,0.0,0.0,0.0,0.9584569151894236,1.4166649434107972,0.0,0.0,0.0
18,2,2,2.8,28.703646691577735,0.02360035995603341,28.680046331621703,1.0,0.0,2.813257183980135,5.223426674955098,74.22958532009697,149.3654805151923,86.6178726100935
18,2,2,3.0628571428571427,18.368957269391203,0.02360035995603341,18.345356909435168,1.0,0.0,1.727968390386361,4.575547114984089,85.46338283504898,166.8597889420402,164.57248230460323
18,2,2,3.3257142857142856,16.87350134681756,0.02360035995603341,16.849900986861524,1.0,0.0,1.2081247563634858,2.750096869233492,68.53747852471014,129.74146242521815,110.23468464859405
18,2,2,3.588571428571428,14.62393911306288,0.02360035995603341,14.600338753106847,1.0,0.0,1.5161359803082242,3.0784180350928567,32.070203971337705,73.68350815085928,65.8569482971888
18,2,2,3.8514285714285714,5.142888749743172,0.02360035995603341,5.119288389787139,1.0,0.0,1.2323930732606334,2.235033756830693,26.913641607323413,65.5291205924349,36.20163258576489
18,2,2,4.114285714285714,0.6157605193746297,0.02360035995603341,0.5921601594185963,1.0,0.0,0.9612241459128349,1.5991233951510302,18.101824700840808,38.759925389825604,9.750551723006511
18,2,2,4.377142857142857,-1.0284094151189545,0.02360035995603341,-1.0520097750749877,1.0,0.0,0.9666038391481055,1.504184799785851,22.257909499411827,52.163659007181764,23.21484989369871
18,2,2,4.64,-2.3379737085996197,0.02360035995603341,-2.361574068555653,1.0,0.0,0.9647355751645408,1.4897676866191691,13.061062491250754,25.678319420993144,2.267894515827529
18,2,2,4.902857142857142,-2.1448553171335947,0.02360035995603341,-2.168455677089628,1.0,0.0,0.9609638001188496,1.452725050168801,9.067556607355499,21.361527960900418,19.399052698573705
18,2,2,5.1657142857142855,-1.764025575559665,0.02360035995603341,-1.7876259355156983,1.0,0.0,0.9626624438173069,1.457053400005485,7.333545584447587,15.472824117919812,3.6261738850123244
18,2,2,5.428571428571429,-1.4077947797157737,0.02360035995603341,-1.431395139671807,1.0,0.0,0.9633542094678779,1.443382921970921,7.73767765020691,19.539852187066213,1.3366286785929933
18,2,2,5.691428571428571,-1.1431328209673155,0.02360035995603341,-1.1667331809233488,1.0,0.0,0.9594601255403525,1.4216688754533167,6.924367554399161,18.8430528278962,1.3501480086315736
18,2,2,5.954285714285714,-0.9276102616487919,0.02360035995603341,-0.9512106216048253,1.0,0.0,0.9566227800067593,1.412605026180841,6.319181640113869,18.38684518247361,1.4738803079145781
18,2,2,6.217142857142857,-0.7615190969177972,0.02360035995603341,-0.7851194568738306,1.0,0.0,0.9567032803652562,1.4132967854267053,5.739631509794986,16.860204175966285,0.7754003499729832
18,2,2,6.4799999999999995,-0.6355328284947117,0.02360035995603341,-0.6591331884507451,1.0,0.0,0.9581497071129552,1.4171305654522655,4.851462569770696,13.793624327903034,1.4999345432998588
18,2,2,6.742857142857142,-0.5072979945315671,0.018333175969218192,-0.5256311705007853,0.9671991017264268,0.0,0.9601535591610784,1.4210662098613023,3.613166423380816,9.771711440420116,1.2095112729782418
18,2,2,7.005714285714285,-0.3779288918686363,-0.03905997389126843,-0.3388689179773679,0.7844476532096393,0.0,0.9612894859035919,1.4230456415695025,2.152306565425863,5.259194553911326,0.270874670532891
18,2,2,7.268571428571428,-0.31187886130224446,-0.15155589312183237,-0.16032296818041206,0.47679520179622853,0.0,0.9604148833812923,1.4214291923368232,0.9713229631910261,1.9085737399251774,0.8013190802365594
18,2,2,7.531428571428571,-0.29912035727358793,-0.2517674668558705,-0.04735289041771746,0.17984121206342998,0.0,0.9586453326035734,1.4182978255212064,0.33307157835137036,0.5298856731872739,1.017921071757834
18,2,2,7.794285714285714,-0.2905320823909681,-0.28615626697429974,-0.004375815416668386,0.020778930647087437,0.0,0.9577128719341601,1.4165168568971158,0.09062688405201932,0.17567883245087537,0.436744149727466
18,2,2,8.057142857142857,-0.2648775592930945,-0.26487755929310997,1.544138601705658e-14,0.0,0.0,0.9576950076390602,1.4162704898243543,0.041040370030537524,0.0995295057373695,0.1009588800376523
18,2,2,8.32,-0.23478644053207906,-0.2347864405321018,2.2722039527689477e-14,0.0,0.0,0.9577811661178911,1.4162973049368865,0.03486710673558045,0.08199884987496468,0.09372542681321586
18,2,2,8.582857142857144,-0.20553957552983992,-0.20553957552988653,4.6604183186194085e-14,0.0,0.0,0.9578596275340224,1.4163164408564914,0.030715749492270666,0.06699356539393983,0.08061322013764576
18,2,2,8.845714285714285,-0.17854950886830037,-0.1785495088683558,5.5444976734819745e-14,0.0,0.0,0.9579284982093033,1.4163297522358398,0.0272740533946227,0.05442737102917236,0.06568209115589961
18,2,2,9.108571428571427,-0.15434015635798684,-0.15434015635807538,8.854794805376876e-14,0.0,0.0,0.9579878487857026,1.4163386209796103,0.02386679405245028,0.045445939193450156,0.050976498948415806
18,2,2,9.37142857142857,-0.13297156908151414,-0.13297156908153807,2.390214545386349e-14,0.0,0.0,0.9580385625820366,1.4163439914778626,0.020691439539933843,0.03747612535849602,0.03747797839412226
18,2,2,9.634285714285713,-0.1142649697986313,-0.1142649697987478,1.165104579654852e-13,0.0,0.0,0.958081813954512,1.4163463423693723,0.017826132855697237,0.030152719290898366,0.025655746460111945
18,2,2,9.897142857142857,-0.09791400094803415,-0.09791400094803729,3.140281871344408e-15,0.0,0.0,0.9581188604155338,1.4163456224605304,0.015285102327280123,0.023710379072403098,0.01579675574069985
18,2,2,10.16,-0.08353179855953956,-0.08353179855965859,1.1903068418070428e-13,0.0,0.0,0.9581509919991891,1.4163412067109666,0.013045823590084743,0.018225225953421357,0.008256140967868432
18,2,2,10.422857142857143,-0.07066647409742717,-0.07066647409742552,-1.6601490147871712e-15,0.0,0.0,0.9581795489794102,1.4163319535805947,0.011060146028625064,0.014525125465967783,0.003950740613151678
18,2,2,10.685714285714285,-0.0588107264046888,-0.05881072640480383,1.1503032510892796e-13,0.0,0.0,0.9582059438380831,1.4163164595055502,0.009258416013717513,0.012830973815724452,0.0036676941737246735
18,2,2,10.948571428571427,-0.047428873574423665,-0.04742887357453621,1.1254010158674721e-13,0.0,0.0,0.9582316292049875,1.4162935976190556,0.007554421103742681,0.010709525900274288,0.0037227600664064935
18,2,2,11.21142857142857,-0.03602212627729865,-0.0360221262774098,1.1114997680930495e-13,0.0,0.0,0.9582579555253223,1.4162633782785439,0.005854822312126051,0.008126203418302308,0.0024091535370066213
18,2,2,11.474285714285713,-0.024246056746234545,-0.024246056746277358,4.2813842965686026e-14,0.0,0.0,0.9582858745407524,1.4162280539751073,0.004070331192124259,0.005202341001899332,0.0014024615944996839
18,2,2,11.737142857142857,-0.012077957703865836,-0.012077957703938377,7.254151131782378e-14,0.0,0.0,0.958315484311415,1.4161931784028237,0.002128924877221885,0.0028030010913247774,0.0021875396824847303
18,2,2,12.0,0.0,0.0,0.0,0.0,0.0,0.9583455005873034,1.4162120470387591,0.0,0.0,0.0
19,2,3,2.8,623.0970029586449,609.7998868198092,13.29711613883578,1.0,26.44352544098937,44.06103966342929,216.34107013026838,992.6163178756763,4924.267173397256,4939.204649739191
19,2,3,3.0628571428571427,60.55589300854442,57.50990411446699,3.0459888940774347,1.0,2.493915384601077,6.317729548016443,28.659422045621934,131.85193023833457,642.4929984223613,643.7929706751663
19,2,3,3.3257142857142856,4.975312626579099,0.02290565991329622,4.952406966665802,1.0,0.0010380205129746306,1.3580718286449207,2.947576881666668,18.65113611382663,61.399245628945586,70.25212523907418
19,2,3,3.588571428571428,1.832278657417429,-0.0010316121261552483,1.8333102695435843,1.0,0.0,1.3599587296778934,3.29528746067069,17.38492622378174,70.39923142271553,59.937809435722755
19,2,3,3.8514285714285714,7.501396070665669,-0.0010316121261552483,7.502427682791824,1.0,0.0,0.9237597721538211,1.2644046235783999,11.37570448675762,22.093277568434765,9.521995619811856
19,2,3,4.114285714285714,3.8402977506225713,-0.0010316121261552483,3.8413293627487266,1.0,0.0,1.2421425137747193,2.0383311165222957,16.780115695105316,40.701052447009495,24.142586134425706
19,2,3,4.377142857142857,0.7920386499086448,-0.0010316121261552483,0.7930702620348,1.0,0.0,0.9279145841917444,1.421931724037664,2.0157338457949123,3.8702190499330364,3.1379302273869696
19,2,3,4.64,0.1795889586217286,-0.0010316121261552483,0.18062057074788385,1.0,0.0,0.9648034225450173,1.3450488771815168,1.8622453285632605,5.266791642636435,2.95004816528457
19,2,3,4.902857142857142,-0.17645938183320914,-0.0010316121261552483,-0.17542776970705387,1.0,0.0,0.9366197303830598,1.3220543546295134,1.070223262025231,2.080518970191081,0.07421363128027025
19,2,3,5.1657142857142855,-0.004443556297143531,-0.0010316121261552483,-0.0034119441709882818,1.0,0.0,0.9568144970327641,1.384441298074079,0.7734609590642344,1.6737591666577976,0.7098785835620081
19,2,3,5.428571428571429,0.19483782552013926,-0.0010316121261552483,0.1958694376462945,1.0,0.0,0.968172873341962,1.4067630284651123,0.6602395408355259,1.1550370172162814,0.2610456682038452
19,2,3,5.691428571428571,0.16546914606540516,-0.0010316121261552483,0.1665007581915604,1.0,0.0,0.9665238672262586,1.4100845726256326,0.48517973901950057,0.9291250292402072,0.3753448774071907
19,2,3,5.954285714285714,0.09853518769148543,-0.0010316121261552483,0.09956679981764069,1.0,0.0,0.9617383747571822,1.4106210673245134,0.36275143633182394,0.7960582788872288,0.13972006743693208
19,2,3,6.217142857142857,0.0743541410125958,-0.0010316121261552483,0.07538575313875104,1.0,0.0,0.9602101823157255,1.4088089712730847,0.2805286710496436,0.7430557769191768,0.08317599421610286
19,2,3,6.4799999999999995,0.04942491721332954,-0.0010316121261552483,0.05045652933948478,1.0,0.0,0.9607567544696944,1.4091349380900227,0.2421294081842059,0.6728672907323402,0.12096365085687695
19,2,3,6.742857142857142,0.03800380997867192,0.025023746519111944,0.012980063459559973,0.9671991017264271,0.0,0.9602999913204382,1.409307717363682,0.22086744080081558,0.513732501843315,0.06255353606422721
19,2,3,7.005714285714285,0.06296103946456895,0.08602212390338619,-0.023061084438817242,0.7844476532096402,0.0,0.9592328257344137,1.410005641904496,0.1808881387543128,0.4189589419589219,0.05957841324132224
19,2,3,7.268571428571428,0.0682850168376317,0.09842468305430783,-0.030139666216676138,0.4767952017962296,0.0,0.9587683043589801,1.4122006434814884,0.13017555714976908,0.35693151141556495,0.059119974656281465
19,2,3,7.531428571428571,0.04615522063446399,0.05991495710578646,-0.013759736471322472,0.1798412120634308,0.0,0.9589925888447024,1.4144007532754763,0.08615453957074912,0.2597579366781185,0.13119750688328444
19,2,3,7.794285714285714,0.01054459344235557,0.011963570177617133,-0.001418976735261562,0.020778930647087898,0.0,0.9590374488803051,1.4152804006661046,0.06053870509466212,0.1572185501230415,0.13753222090146788
19,2,3,8.057142857142857,-0.018174393124467916,-0.01817439312451442,4.650417420939968e-14,0.0,0.0,0.958760312574596,1.4154518057593102,0.041367622538497746,0.07745670727260705,0.07896093764686488
19,2,3,8.32,-0.031557231039361096,-0.031557231039383224,2.213198656460247e-14,0.0,0.0,0.9585642268023532,1.4155549329756871,0.028202038687489942,0.03558271336938922,0.03142770374508436
19,2,3,8.582857142857144,-0.03563130567619528,-0.03563130567626117,6.588091346331621e-14,0.0,0.0,0.9584552021476151,1.415641072645284,0.02004589452011488,0.030927581286676487,0.007161619688722812
19,2,3,8.845714285714285,-0.03479613857739367,-0.03479613857738703,-6.640596059148685e-15,0.0,0.0,0.9583962819961578,1.415713461191249,0.019309754159567316,0.027067815064339692,0.009201884419135477
19,2,3,9.108571428571427,-0.0315515441926851,-0.031551544192682274,-2.8302540432817437e-15,0.0,0.0,0.9583662582181051,1.415774679480448,0.01847794905128345,0.023779354062171104,0.014724822467502695
19,2,3,9.37142857142857,-0.027302359447694994,-0.027302359447679354,-1.5641403970645397e-14,0.0,0.0,0.9583528070842036,1.4158267931277941,0.01711781872391853,0.020939964963134397,0.016721927713481265
19,2,3,9.634285714285713,-0.022818650434353493,-0.022818650434428045,7.455169175139138e-14,0.0,0.0,0.9583487157047218,1.4158714880946255,0.015542937110383527,0.019932637757022566,0.016678021651544653
19,2,3,9.897142857142857,-0.018501684049625176,-0.01850168404974438,1.1920319966567463e-13,0.0,0.0,0.9583497618597899,1.415910211009537,0.01392032423173681,0.01871348774927265,0.015597975631735005
19,2,3,10.16,-0.014540286653020722,-0.014540286653025591,4.8679369454678045e-15,0.0,0.0,0.9583535042232626,1.4159443187783134,0.012325921123766013,0.01690743130287577,0.014066194692969077
19,2,3,10.422857142857143,-0.011006260916652792,-0.01100626091666475,1.1957323287981396e-14,0.0,0.0,0.9583585819067117,1.4159752266254284,0.010774960112074029,0.014833912388385755,0.012387583035887495
19,2,3,10.685714285714285,-0.007916653011310781,-0.007916653011333647,2.2864552319621508e-14,0.0,0.0,0.9583642972391531,1.4160045199374611,0.009239417877295937,0.012632348081856025,0.010674042355015434
19,2,3,10.948571428571427,-0.005277157022935519,-0.005277157023013806,7.828702703466251e-14,0.0,0.0,0.9583703490643604,1.4160339684114704,0.007661791065549956,0.010331054861285802,0.008902000097010056
19,2,3,11.21142857142857,-0.003111028691398616,-0.0031110286913990535,4.3753927347553457e-16,0.0,0.0,0.9583766374312128,1.4160653610435223,0.0059726342768697885,0.007903251621930108,0.006970951081040618
19,2,3,11.474285714285713,-0.0014703042480474124,-0.0014703042481090613,6.164865857659786e-14,0.0,0.0,0.9583830962706441,1.4161000839517008,0.004117420736353553,0.005324309164906582,0.0047860572436841785
19,2,3,11.737142857142857,-0.0004216106979799257,-0.0004216106980881097,1.0818400745923267e-13,0.0,0.0,0.9583895408132236,1.4161384148733023,0.0020946728064222013,0.0026347232509094007,0.002372559443567722
19,2,3,12.0,0.0,0.0,0.0,0.0,0.0,0.9583955486786729,1.4161786438773816,0.0,0.0,0.0
20,2,4,2.8,8.42879651801175,1.8647157123753235,6.564080805636425,1.0,0.08046009794196989,2.1804126499494214,7.162881079116057,97.90251557428259,253.7205604469303,212.44857144858094
20,2,4,3.0628571428571427,-3.4529675320921407,0.009265623784526937,-3.4622331558766675,1.0,0.0,0.9740738325465761,1.9841065126780453,61.10363975408109,169.27733150490167,136.48146665106347
20,2,4,3.3257142857142856,10.10199672988186,0.009265623784526937,10.092731106097332,1.0,0.0,0.9730946448952933,2.1389101470086795,28.08264896315491,67.64799132872386,34.08408427666638
20,2,4,3.588571428571428,6.561765991049961,0.009265623784526937,6.552500367265433,1.0,0.0,1.3522423978146136,3.0597033305829084,18.610209451221962,35.70131047019495,8.717042106181214
20,2,4,3.8514285714285714,0.8149144609643404,0.009265623784526937,0.8056488371798135,1.0,0.0,1.0555612154868197,1.5272469619236888,19.814646775352774,53.43372412974015,28.762132518452923
20,2,4,4.114285714285714,-0.38678096701820563,0.009265623784526937,-0.3960465908027326,1.0,0.0,0.9497641790236365,1.4809917291338364,11.949111343581617,27.123544945126884,19.190497809925912
20,2,4,4.377142857142857,-0.6641840834210779,0.009265623784526937,-0.6734497072056048,1.0,0.0,0.9564251743064748,1.4223294290896071,10.164075996626583,25.503904419905428,18.4807986847952
20,2,4,4.64,-0.6160749291128121,0.009265623784526937,-0.625340552897339,1.0,0.0,0.9497294950472364,1.4100627563383459,7.1721393389879315,12.884824221295231,11.181322641636944
20,2,4,4.902857142857142,-0.4778358311408014,0.009265623784526937,-0.4871014549253283,1.0,0.0,0.9571685814249896,1.4192064020830442,8.247463828569266,10.704504428792657,6.031449910506892
20,2,4,5.1657142857142855,-0.32599466351672995,0.009265623784526937,-0.3352602873012569,1.0,0.0,0.9613215630727954,1.4109068416512427,8.15610699223695,13.181008033195083,0.305605937126704
20,2,4,5.428571428571429,-0.30010732219130104,0.009265623784526937,-0.309372945975828,1.0,0.0,0.9598432444144563,1.4143210006853533,7.2383646428242185,14.269455512729753,0.7307873912211094
20,2,4,5.691428571428571,-0.25697535371674707,0.009265623784526937,-0.266240977501274,1.0,0.0,0.958412386068469,1.4206699250785724,5.774091758049275,11.707533712459814,0.731478906505753
20,2,4,5.954285714285714,-0.19287231276717215,0.009265623784526937,-0.2021379365516991,1.0,0.0,0.9596635898962941,1.422345814596419,4.530604747509054,8.146307707827779,1.088063333036733
20,2,4,6.217142857142857,-0.1486596287813946,0.009265623784526937,-0.15792525256592155,1.0,0.0,0.9612544542099298,1.4231210097571818,3.7850720592229394,6.36817245022183,1.0024343226327455
20,2,4,6.4799999999999995,-0.14206109936990022,0.009265623784526937,-0.15132672315442716,1.0,0.0,0.9611417116808896,1.4226651404854977,3.3059655420920793,6.585196258729169,0.6554194123836157
20,2,4,6.742857142857142,-0.1488540176693761,0.021252213886315624,-0.1701062315556917,0.9671991017264264,0.0,0.959754271417496,1.4205484539811517,2.7129687690834454,5.663992831736686,0.356142964722642
20,2,4,7.005714285714285,-0.12956201215542243,0.03328419447915719,-0.16284620663457963,0.7844476532096393,0.0,0.9584019509650525,1.4184644963293402,1.8137147726466034,3.538718204385506,1.2139928312792312
20,2,4,7.268571428571428,-0.10802214756180072,-0.0009985142092010988,-0.10702363335259961,0.47679520179622853,0.0,0.9579476370823121,1.4172476906015634,0.9410906235037326,1.7420922450716725,1.423927089037112
20,2,4,7.531428571428571,-0.09811370111770672,-0.05904975257665727,-0.03906394854104945,0.1798412120634292,0.0,0.9582168077214226,1.4163966432897035,0.3444108406444497,0.6849947974511188,0.9212044495098051
20,2,4,7.794285714285714,-0.10256095109402967,-0.09865098477484123,-0.003909966319188442,0.020778930647087437,0.0,0.9584876287684493,1.4160798442191787,0.061334976852257465,0.13762566552126118,0.23311041574103933
20,2,4,8.057142857142857,-0.10809443946310654,-0.10809443946313174,2.5202262152190794e-14,0.0,0.0,0.9584566065150446,1.4161282058154834,0.02813497885773815,0.08126952113914244,0.031045317668128115
20,2,4,8.32,-0.10499078660895071,-0.10499078660898113,3.042273074085888e-14,0.0,0.0,0.9584079640604466,1.416178314103421,0.02291712675031943,0.06701223012633285,0.039398345071045594
20,2,4,8.582857142857144,-0.09693275439379465,-0.09693275439381374,1.910171456773191e-14,0.0,0.0,0.9583841293777589,1.4162169652437155,0.020151844916989695,0.055134573843596935,0.041000054634247635
20,2,4,8.845714285714285,-0.08685409214118803,-0.08685409214123373,4.569410149736497e-14,0.0,0.0,0.9583739700175187,1.4162466638301006,0.018796414323830418,0.04531530263938237,0.03777326736086909
20,2,4,9.108571428571427,-0.07634357798430429,-0.07634357798428203,-2.227199913211464e-14,0.0,0.0,0.9583712300469337,1.4162693474917771,0.017019878322312474,0.03721715006021363,0.03218769668500244
20,2,4,9.37142857142857,-0.06622354747672013,-0.06622354747674886,2.872257813535395e-14,0.0,0.0,0.9583723638574189,1.4162864739399579,0.015145053328242598,0.030535989552258783,0.025791384948788326
20,2,4,9.634285714285713,-0.05687731579845603,-0.05687731579840811,-4.792430167988027e-14,0.0,0.0,0.9583753628312636,1.416299065432674,0.013335681176750878,0.025017168060168783,0.01949179484301508
20,2,4,9.897142857142857,-0.04843300749300289,-0.048433007493016204,1.3321195709015134e-14,0.0,0.0,0.9583791014764802,1.4163077260185366,0.011661346458948736,0.02045622837276895,0.013846263701823607
20,2,4,10.16,-0.040865429251680324,-0.04086542925172983,4.950944396207163e-14,0.0,0.0,0.958382965469157,1.4163126590293453,0.010133323202542194,0.01669077739980213,0.009246418262607272
20,2,4,10.422857142857143,-0.03405344471716826,-0.03405344471713648,-3.178285282526283e-14,0.0,0.0,0.9583866362906903,1.4163137207923675,0.008725011269778165,0.013700850341907253,0.005983717570617883
20,2,4,10.685714285714285,-0.027817402594133372,-0.02781740259415256,1.9186722198007156e-14,0.0,0.0,0.9583899640107735,1.416310549751457,0.007385921181725457,0.011964891523834101,0.004101811147029663
20,2,4,10.948571428571427,-0.021953596490208675,-0.021953596490209507,8.300745073935856e-16,0.0,0.0,0.9583928905315859,1.4163028052671174,0.0060549984373291085,0.009966442390945728,0.003120097042234894
20,2,4,11.21142857142857,-0.016276878608810722,-0.016276878608759707,-5.1014579062827474e-14,0.0,0.0,0.9583954034426361,1.4162905321784918,0.00467604535656784,0.007648795214288775,0.0025248359472432712
20,2,4,11.474285714285713,-0.010676009688300653,-0.010676009688334065,3.341174903480175e-14,0.0,0.0,0.9583975113655685,1.416274627093867,0.003213138809981342,0.005054024935349382,0.002375965288106059
20,2,4,11.737142857142857,-0.005177374573881576,-0.005177374573835778,-4.579786081078917e-14,0.0,0.0,0.9583992373317096,1.4162573066103707,0.001656401488991979,0.0026782765098133706,0.002094294450079713
20,2,4,12.0,0.0,0.0,0.0,0.0,0.0,0.9584006270055585,1.4162423456643631,0.0,0.0,0.0
21,2,5,2.8,68.26817986931924,48.56756482424692,19.700615045072322,1.0,2.105551244761113,7.123328508726523,29.9665010398502,142.99553055286245,318.1831017471006,287.83142613504697
21,2,5,3.0628571428571427,30.921745500511303,8.848780833983426,22.072964666527877,1.0,0.38317818302075646,2.1924619797883658,8.214025531036183,106.09438080935317,249.82856062368614,211.440909421871
21,2,5,3.3257142857142856,20.836241251105196,0.012500344433271466,20.823740906671926,1.0,0.0,1.375051661005784,2.7795536588435232,64.10472107779522,173.0290803369278,200.01056708537206
21,2,5,3.588571428571428,15.65704506706567,0.012500344433271466,15.6445447226324,1.0,0.0,1.4679870990515247,2.5274290517306452,39.35661114567205,77.42765700080612,53.111185288360225
21,2,5,3.8514285714285714,12.832701517622663,0.012500344433271466,12.820201173189393,1.0,0.0,1.2757539526733583,2.7722654748208053,39.6492872201631,76.33465428835605,42.529582156134104
21,2,5,4.114285714285714,4.397245249757362,0.012500344433271466,4.384744905324091,1.0,0.0,0.9169775932064572,1.7391906665673273,35.24310984416576,87.28485016439919,9.137166081328955
21,2,5,4.377142857142857,7.499667600540573,0.012500344433271466,7.487167256107303,1.0,0.0,1.1085161259016902,2.6606816626952683,26.337667016082147,54.945881595789295,20.67188503479198
21,2,5,4.64,4.1145592248238785,0.012500344433271466,4.102058880390607,1.0,0.0,1.2460995182389596,2.6677081226315575,9.003954433863097,17.655725336696158,5.008083865122715
21,2,5,4.902857142857142,-0.7642209962466611,0.012500344433271466,-0.7767213406799326,1.0,0.0,0.9253321003402505,1.397027980150893,21.775316787036402,75.42104684525087,8.142767013423349
21,2,5,5.1657142857142855,-1.4759089898664655,0.012500344433271466,-1.488409334299737,1.0,0.0,0.9340775833997819,1.4112444525933576,16.882965406731202,57.51094640847259,3.1227481691380277
21,2,5,5.428571428571429,-1.1533879653492503,0.012500344433271466,-1.165888309782522,1.0,0.0,0.9621624655382657,1.4305620686123717,8.26964433741433,23.29168384945977,0.7959826552074719
21,2,5,5.691428571428571,-0.9330714559508952,0.012500344433271466,-0.9455718003841668,1.0,0.0,0.9619109109581359,1.4252448442263965,5.014859874836486,11.34121689497432,0.44348737068252747
21,2,5,5.954285714285714,-0.7384202653693883,0.012500344433271466,-0.7509206098026598,1.0,0.0,0.9621798729352176,1.4341070161423046,4.076963393696083,8.617352021994497,0.9363590671356864
21,2,5,6.217142857142857,-0.5997071616031372,0.012500344433271466,-0.6122075060364087,1.0,0.0,0.9630105900655263,1.4284797850405646,4.0447913297834415,8.257098364586783,2.697842044558355
21,2,5,6.4799999999999995,-0.5106050016148344,0.012500344433271466,-0.5231053460481058,1.0,0.0,0.9623312161646339,1.4180014626513222,3.597465188877934,7.515391640297971,2.5197654280745505
21,2,5,6.742857142857142,-0.43212046856742353,0.02197874187233274,-0.45409921043975626,0.9671991017264268,0.0,0.9613382580659087,1.4129574348005913,3.1700751113789503,7.364991760427346,0.9669276005748673
21,2,5,7.005714285714285,-0.32918814255697904,0.010076654362781864,-0.33926479691976086,0.7844476532096402,0.0,0.9611668190990981,1.4131476552101128,2.5303849175104522,6.706724015389659,1.035687925711284
21,2,5,7.268571428571428,-0.2510173733904979,-0.06521929564584589,-0.18579807774465196,0.4767952017962296,0.0,0.9609930588099379,1.4149389040144724,1.5644536709612986,4.58569710835351,1.9554883953169921
21,2,5,7.531428571428571,-0.21295373297301096,-0.15355425998272254,-0.05939947299028843,0.1798412120634308,0.0,0.9600802699179944,1.41596732171257,0.6634541474372938,1.8865467082600007,1.4702315336455194
21,2,5,7.794285714285714,-0.20284828118831916,-0.1974068718581005,-0.005441409330218662,0.020778930647087437,0.0,0.959023921165619,1.416072532228265,0.12576387001261524,0.26209839283945274,0.41078952640243754
21,2,5,8.057142857142857,-0.19341915118734973,-0.19341915118739314,4.340389592877303e-14,0.0,0.0,0.9585636650016195,1.416084748211614,0.030128439641051278,0.09597444752342617,0.034886135445397586
21,2,5,8.32,-0.17602087836783872,-0.17602087836780825,-3.046273433157665e-14,0.0,0.0,0.9583587994932176,1.4161298243084361,0.02437734197024073,0.07973608494055676,0.044862836478285026
21,2,5,8.582857142857144,-0.15557328037986037,-0.15557328037986978,9.400843818674344e-15,0.0,0.0,0.9582516749635758,1.416164641799709,0.020988457481358358,0.06587886958978387,0.04743151458424503
21,2,5,8.845714285714285,-0.13505493358999088,-0.13505493359009585,1.0496942204341053e-13,0.0,0.0,0.9582006740266816,1.4161915283502546,0.019746295868236396,0.054286728038901486,0.04443178315661841
21,2,5,9.108571428571427,-0.11587511586734466,-0.1158751158674503,1.0564948308561251e-13,0.0,0.0,0.9581816396729538,1.4162122499686387,0.017980435832967406,0.04468284717478789,0.038684868885228395
21,2,5,9.37142857142857,-0.098605757739852,-0.09860575773987011,1.8101624799787832e-14,0.0,0.0,0.958180466390109,1.4162280924753425,0.016056115887908017,0.03675851215500525,0.03195830688352291
21,2,5,9.634285714285713,-0.08337504700826066,-0.08337504700832092,6.025540851863076e-14,0.0,0.0,0.9581889336732947,1.4162398968952084,0.014162088363670075,0.030227064120833706,0.02526407202977698
21,2,5,9.897142857142857,-0.07007577276433455,-0.07007577276440544,7.088636275187633e-14,0.0,0.0,0.9582023344896877,1.416248076189529,0.012383566249823062,0.024841187239310412,0.01918207709653213
21,2,5,10.16,-0.05847268370950284,-0.058472683709569664,6.682599829402336e-14,0.0,0.0,0.9582181161077662,1.4162526541589529,0.010743552264039264,0.020391211631270494,0.014057766143985784
21,2,5,10.422857142857143,-0.04825818771867562,-0.04825818771877897,1.0334927661934113e-13,0.0,0.0,0.9582350902743866,1.416253372235009,0.009224907544067212,0.016693074254735978,0.01008475410010922
21,2,5,10.685714285714285,-0.03908768427226391,-0.03908768427226438,4.700421909337171e-16,0.0,0.0,0.9582529472197248,1.4162499030126667,0.007783830293031285,0.013571617302369594,0.0072937348246459805
21,2,5,10.948571428571427,-0.030615555896758996,-0.030615555896753667,-5.3304784631419415e-15,0.0,0.0,0.9582719037375174,1.4162421874441895,0.0063618680198033566,0.01084494776424172,0.005517070074740286
21,2,5,11.21142857142857,-0.022545056826489822,-0.02254505682649378,3.960355481058553e-15,0.0,0.0,0.9582923729932254,1.4162308720331187,0.0049000890864375375,0.008316302364987009,0.0044568946296272
21,2,5,11.474285714285713,-0.0146966882114635,-0.014696688211566337,1.0283673061326978e-13,0.0,0.0,0.958314589621302,1.4162177592455691,0.003355246014735343,0.0057799101781943665,0.0037309941908272334
21,2,5,11.737142857142857,-0.007087853314966172,-0.007087853315016621,5.044952834393907e-14,0.0,0.0,0.9583381783884981,1.4162060944454513,0.0017142505246120442,0.0030472040316682158,0.0026238861503216546
21,2,5,12.0,0.0,0.0,0.0,0.0,0.0,0.9583617372114744,1.4162003911311254,0.0,0.0,0.0
22,2,6,2.8,27.115991915931957,6.809007789604673,20.306984126327283,1.0,0.2950989765268248,2.968547202517302,9.90509337886046,56.93835268356509,235.04394352733877,248.3667677473537
22,2,6,3.0628571428571427,-3.5297805463626966,0.003877841407828731,-3.5336583877705254,1.0,0.0,0.9258464138399276,1.636443607484625,9.811312178573587,24.094459179875667,20.06571098600588
22,2,6,3.3257142857142856,6.888522634157786,0.003877841407828731,6.884644792749957,1.0,0.0,1.0451214653451015,2.2050155865291745,16.545556479119107,37.20183970961469,26.019574485268553
22,2,6,3.588571428571428,10.321115944687087,0.003877841407828731,10.317238103279259,1.0,0.0,0.876265515329791,1.36140102601095,8.110285601967353,16.0660258938265,11.747659368668783
22,2,6,3.8514285714285714,1.3999547235788528,0.003877841407828731,1.396076882171024,1.0,0.0,1.1631961685664953,1.6722573683118127,17.510401984453804,42.16995079035515,24.302194724554685
22,2,6,4.114285714285714,-0.19295347851805483,0.003877841407828731,-0.19683131992588357,1.0,0.0,0.9097120610269206,1.3952873469599643,5.399134241733476,12.555066688086578,4.117204055986486
22,2,6,4.377142857142857,0.3638262228300033,0.003877841407828731,0.35994838142217456,1.0,0.0,0.9529714325669787,1.3799981339943521,1.4768940090268172,2.502562331150451,0.798827419235234
22,2,6,4.64,0.06320663865327082,0.003877841407828731,0.059328797245442086,1.0,0.0,0.9555899903181466,1.351739896895227,1.4640330208192522,2.9614784262619414,1.061893259134637
22,2,6,4.902857142857142,-0.011022790212682768,0.003877841407828731,-0.014900631620511499,1.0,0.0,0.9522689296088481,1.3633190111547828,0.9993155626536194,1.6435699925417138,0.3911314157299656
22,2,6,5.1657142857142855,0.10032488270663842,0.003877841407828731,0.0964470412988097,1.0,0.0,0.9634494684873953,1.3913833714716448,0.9166762516689222,1.531995542809139,0.621571755386079
22,2,6,5.428571428571429,0.18584901195396913,0.003877841407828731,0.1819711705461404,1.0,0.0,0.9688934066166681,1.4027129637438556,0.7259024182081852,1.320504050570875,0.2924856961193769
22,2,6,5.691428571428571,0.09468756367935521,0.003877841407828731,0.09080972227152649,1.0,0.0,0.9662543519397111,1.4180257406912158,0.5428863399430748,0.9395663261407251,0.47565218574279317
22,2,6,5.954285714285714,0.02767403692723458,0.003877841407828731,0.023796195519405847,1.0,0.0,0.962203594298271,1.416480656851101,0.3974046056580543,0.710431214967548,0.21300296246868852
22,2,6,6.217142857142857,-0.0019272416726264687,0.003877841407828731,-0.0058050830804552,1.0,0.0,0.9594725525695216,1.4112192593206778,0.3274257558540018,0.7090102199520029,0.1192560809864916
22,2,6,6.4799999999999995,-0.023527353064954633,0.003877841407828731,-0.027405194472783365,1.0,0.0,0.9575115430957666,1.408946578601293,0.27679573903320986,0.6414335889052006,0.10378514396231978
22,2,6,6.742857142857142,-0.020838002206742152,0.029883470216756136,-0.05072147242349829,0.9671991017264271,0.0,0.9560759377348524,1.4073970253894845,0.24829634817978952,0.4445389382704116,0.16395677316103976
22,2,6,7.005714285714285,0.026652362230961305,0.08703484190792733,-0.06038247967696603,0.7844476532096393,0.0,0.9564661115103001,1.4075985608002455,0.20986376144618002,0.3471811865392072,0.1532634870133952
22,2,6,7.268571428571428,0.04617788996881415,0.08981963271820084,-0.04364174274938669,0.4767952017962296,0.0,0.957926564357656,1.410190829096723,0.15024367937668015,0.34641291870591023,0.06410492587502871
22,2,6,7.531428571428571,0.02488818422700083,0.04113814457890413,-0.0162499603519033,0.17984121206342998,0.0,0.9590044623110108,1.4134214694820413,0.09408377636817257,0.2813802791166401,0.1627198869936778
22,2,6,7.794285714285714,-0.01352026955635708,-0.01195236352919283,-0.0015679060271642476,0.020778930647087898,0.0,0.9590772825086434,1.415248124865019,0.06353487502396182,0.173626453171697,0.15761020465041603
22,2,6,8.057142857142857,-0.04196852698267884,-0.041968526982638046,-4.0793661634438984e-14,0.0,0.0,0.9586942544582204,1.4155604699616717,0.04312290446860429,0.0859870120369543,0.08611651428052619
22,2,6,8.32,-0.053986309524624805,-0.05398630952464052,1.571141025440148e-14,0.0,0.0,0.9584451653949493,1.4156500319676029,0.029357515979600162,0.037095988778298394,0.03850000788738277
22,2,6,8.582857142857144,-0.05642488840686726,-0.05642488840685223,-1.5031349212199507e-14,0.0,0.0,0.9583124764659411,1.4157250563525983,0.020829814098818237,0.03250125898758671,0.01724290961929604
22,2,6,8.845714285714285,-0.05387998792912982,-0.053879987929167115,3.7293347446634706e-14,0.0,0.0,0.9582462995853245,1.4157882655971323,0.018819906679608766,0.02865257240296879,0.014500194159385438
22,2,6,9.108571428571427,-0.04895533665677671,-0.048955336656715906,-6.0805457891e-14,0.0,0.0,0.9582179917368239,1.4158418219003577,0.01810254179838546,0.025370800673165828,0.01635229775325664
22,2,6,9.37142857142857,-0.04310726345060825,-0.04310726345065562,4.7364251409831584e-14,0.0,0.0,0.9582109502598832,1.4158874364952614,0.016806921757936535,0.022532388068125582,0.0167184924281497
22,2,6,9.634285714285713,-0.03712613294706356,-0.03712613294705637,-7.190645431517929e-15,0.0,0.0,0.9582155216556754,1.4159264631721198,0.015268116636779464,0.02004319686703659,0.015664060628369565
22,2,6,9.897142857142857,-0.03141233618382074,-0.03141233618376344,-5.730514370319573e-14,0.0,0.0,0.9582261384817443,1.415959997279188,0.013666664172830115,0.017821271710813623,0.013871938035655963
22,2,6,10.16,-0.026135682984453328,-0.02613568298446572,1.2391112224827139e-14,0.0,0.0,0.9582396932435973,1.4159890001804782,0.012087825702450634,0.015784871689723468,0.011854095140819051
22,2,6,10.422857142857143,-0.021329962882124864,-0.021329962882073384,-5.148212102934133e-14,0.0,0.0,0.9582546054841796,1.4160144551221368,0.010553932938359442,0.013845209552577278,0.009920467172790933
22,2,6,10.685714285714285,-0.016953716575825672,-0.01695371657583328,7.60568268521472e-15,0.0,0.0,0.9582702677415119,1.4160375338466573,0.009042560500111008,0.01190519550804082,0.008215057594722184
22,2,6,10.948571428571427,-0.012935599953622926,-0.012935599953563965,-5.896279249356304e-14,0.0,0.0,0.9582866769923172,1.4160597181679773,0.007499944522588056,0.009866475795242876,0.006744194675470152
22,2,6,11.21142857142857,-0.009213669829022593,-0.009213669828966348,-5.6245048549175006e-14,0.0,0.0,0.9583041266527046,1.4160827862756655,0.005857121749275988,0.007647102593685545,0.005399371984906082
22,2,6,11.474285714285713,-0.005770260151180193,-0.005770260151207805,2.7612478492936022e-14,0.0,0.0,0.9583228820286644,1.4161085555587385,0.004054505461322396,0.00521082719180854,0.003982647665803974
22,2,6,11.737142857142857,-0.0026571516536168112,-0.0026571516535388944,-7.79169938205232e-14,0.0,0.0,0.9583428105467325,1.4161382961732842,0.0020775554722030727,0.002605402464447698,0.002249970685986083
22,2,6,12.0,0.0,0.0,0.0,0.0,0.0,0.958363004566024,1.416171826191393,0.0,0.0,0.0
23,2,7,2.8,287.30923917392766,272.9653444676801,14.343894706247568,1.0,11.836059676999895,21.52565923436965,100.53354040296762,106.50670683346921,239.95073845096866,239.77416838187452
23,2,7,3.0628571428571427,203.31006016308226,198.43892862142792,4.871131541654335,1.0,8.604281708341272,16.269149188888687,76.89489693118296,48.44222191716966,79.70515070350163,32.3975903715383
23,2,7,3.3257142857142856,73.37147734840845,47.30491306888991,26.06656427951854,1.0,2.0504769099831273,6.194043134088149,27.54122501279541,29.874022909311595,44.777423272382734,53.722871602575964
23,2,7,3.588571428571428,9.971602542276235,0.8380316526649972,9.133570889611239,1.0,0.03547804108501544,1.6209039009036073,3.6356340251532084,34.72084259942645,67.94476745418712,22.02830177274482
23,2,7,3.8514285714285714,7.641802250455817,0.019890286223998632,7.621911964231819,1.0,0.0,1.5003770968452552,3.5641122822665214,46.3000807475184,137.85989573012554,91.4608032014313
23,2,7,4.114285714285714,23.87534651081298,0.019890286223998632,23.855456224588984,1.0,0.0,1.5178259752701297,2.9152085946978437,41.08445897590019,105.5001582640677,33.05176175651364
23,2,7,4.377142857142857,7.291552916119512,0.019890286223998632,7.271662629895514,1.0,0.0,1.2085281585897092,2.0437336194122806,32.57593935675096,77.26713066201714,38.28973571651174
23,2,7,4.64,6.396396770882179,0.019890286223998632,6.37650648465818,1.0,0.0,1.104853558032947,2.1074576916371175,16.29613726420455,30.650943482889996,18.956707311762607
23,2,7,4.902857142857142,5.098022538651629,0.019890286223998632,5.078132252427631,1.0,0.0,1.2725482442097276,2.4064180574590366,12.554859193329225,35.48282137779619,26.474298314562624
23,2,7,5.1657142857142855,0.07788263718658539,0.019890286223998632,0.057992350962586765,1.0,0.0,0.9602086177584186,1.4198330285394656,6.989314718667428,17.654520686730486,1.0752002490446844
23,2,7,5.428571428571429,-0.8629679762932494,0.019890286223998632,-0.882858262517248,1.0,0.0,0.9441222343696365,1.4440607754860033,7.274453324680072,15.89549615343467,5.516174581740141
23,2,7,5.691428571428571,-0.8422397077039513,0.019890286223998632,-0.86212999392795,1.0,0.0,0.958028392120949,1.437369187073939,8.471287901347194,20.973911618671483,0.6803976494100508
23,2,7,5.954285714285714,-0.7766555019218637,0.019890286223998632,-0.7965457881458623,1.0,0.0,0.9573497157586613,1.4225188009359195,8.014533983531065,23.931728482189143,0.26336331062893203
23,2,7,6.217142857142857,-0.6750368402056965,0.019890286223998632,-0.6949271264296951,1.0,0.0,0.9599405588094887,1.4358486470490446,6.519322675814293,20.290233910088595,1.4971315480140392
23,2,7,6.4799999999999995,-0.5865092662314088,0.019890286223998632,-0.6063995524554074,1.0,0.0,0.9631136402067002,1.4355678511608863,4.861525939057701,14.838631349670331,1.196813117520671
23,2,7,6.742857142857142,-0.48427922349766256,0.028318509801462693,-0.5125977332991253,0.9671991017264268,0.0,0.9646133687700429,1.4261562781056054,3.6754354403429748,9.910332310555724,1.893171167369404
23,2,7,7.005714285714285,-0.37839723072143444,-0.00455191382534142,-0.37384531689609296,0.7844476532096393,0.0,0.9637385013676261,1.420499132078858,2.428585102383807,5.385219515986444,0.739904637918268
23,2,7,7.268571428571428,-0.32409523176007904,-0.11881082073882916,-0.20528441102124986,0.47679520179622853,0.0,0.96168894981415,1.4186762117711538,1.249673285984278,2.5616961820983932,2.603599948934939
23,2,7,7.531428571428571,-0.30400386937082297,-0.23679767386353479,-0.0672061955072882,0.17984121206342998,0.0,0.9597808777484411,1.417484043247859,0.5724423714757209,1.046786938856274,2.1397985096874375
23,2,7,7.794285714285714,-0.29246079761455096,-0.2861480158121019,-0.006312781802449005,0.020778930647087437,0.0,0.9586227664245192,1.4166811068366878,0.1269247164167112,0.19593420857986124,0.59266377530943
23,2,7,8.057142857142857,-0.27109056686405525,-0.2710905668639288,-1.2645135025884935e-13,0.0,0.0,0.9582729802043556,1.4165445642844332,0.03485903298190104,0.12763181791008252,0.06543148262567063
23,2,7,8.32,-0.24177043536745652,-0.24177043536734347,-1.130501473683987e-13,0.0,0.0,0.9581553071079597,1.4165535021673175,0.030039542631539247,0.10799854299735838,0.07357813062530878
23,2,7,8.582857142857144,-0.21111143980547042,-0.21111143980544975,-2.0681856401083554e-14,0.0,0.0,0.9581133332746514,1.4165557427137871,0.026097860665212302,0.08958990395112289,0.06999245943398999
23,2,7,8.845714285714285,-0.18206254833917582,-0.18206254833911698,-5.884528194582962e-14,0.0,0.0,0.9581097918243104,1.4165532177307019,0.023896770348516394,0.07351470672036582,0.06101338104408601
23,2,7,9.108571428571427,-0.15581934123985142,-0.15581934123985786,6.440578105559869e-15,0.0,0.0,0.9581248258810998,1.4165473265533628,0.021303985366352265,0.05994404436831297,0.050158958788863346
23,2,7,9.37142857142857,-0.13270329585681515,-0.13270329585676938,-4.5764107781121054e-14,0.0,0.0,0.958147876543378,1.4165389903096886,0.018691273024072964,0.048679347913944834,0.03925453006240677
23,2,7,9.634285714285713,-0.11260786001265648,-0.11260786001258492,-7.154642199871942e-14,0.0,0.0,0.9581734483327955,1.4165286342429055,0.01623480609180568,0.03940764428483225,0.029231035496845647
23,2,7,9.897142857142857,-0.09521844126267358,-0.09521844126267788,4.30038600215954e-15,0.0,0.0,0.9581988603375569,1.4165161245306388,0.01400361789900188,0.031810037454248874,0.020588597749382032
23,2,7,10.16,-0.08011425148606303,-0.08011425148607289,9.86088511192862e-15,0.0,0.0,0.9582230375325729,1.4165007119123316,0.01200488601338472,0.025599540894009735,0.013647343453093234
23,2,7,10.422857142857143,-0.06681266403821344,-0.06681266403814001,-7.342659076245429e-14,0.0,0.0,0.9582458445860395,1.416481059265491,0.010205926744993186,0.02052350241943439,0.008640818302955211
23,2,7,10.685714285714285,-0.05479443239656689,-0.05479443239644213,-1.2475119765334443e-13,0.0,0.0,0.9582676849864757,1.4164554484065761,0.008546698072971539,0.016348212222520427,0.00560232365413109
23,2,7,10.948571428571427,-0.043537097690946165,-0.04353709769090259,-4.3578911638163244e-14,0.0,0.0,0.9582892028250274,1.416422262467969,0.006952448032426115,0.012836995280570458,0.0040450544879642265
23,2,7,11.21142857142857,-0.03257637875850279,-0.03257637875852468,2.188696457145617e-14,0.0,0.0,0.9583109919580319,1.416380807005833,0.005349207674066507,0.009731696859733612,0.0032710649081593088
23,2,7,11.474285714285713,-0.02160597389927956,-0.021605973899179547,-1.0001397724324763e-13,0.0,0.0,0.9583332696040398,1.4163324392924328,0.0036766545054159314,0.006747019454791702,0.0030973959109147687
23,2,7,11.737142857142857,-0.010610523906662724,-0.010610523906635607,-2.7117434057803704e-14,0.0,0.0,0.9583555293772351,1.4162817833035661,0.001895660175341665,0.003587380072314091,0.0026846960531197103
23,2,7,12.0,0.0,0.0,0.0,0.0,0.0,0.9583762687397378,1.4162374655210066,0.0,0.0,0.0
24,3,0,2.8,10.628736415170495,0.01182070611676776,10.616915709053728,1.0,0.0,2.6913852127961135,5.667180617031789,47.86293135589887,85.56453652964684,55.04417479391148
24,3,0,3.0628571428571427,2.4059673007917635,0.01182070611676776,2.394146594674996,1.0,0.0,2.0003060486908004,4.715649455024557,35.45500776802026,61.7160660663266,19.06173198687131
24,3,0,3.3257142857142856,24.680709522542394,0.01182070611676776,24.66888881642563,1.0,0.0,2.6475579079581033,5.850942702258473,24.77103776847798,38.78928796581749,14.058169351540004
24,3,0,3.588571428571428,18.86701784744222,0.01182070611676776,18.855197141325455,1.0,0.0,1.4399831230278142,3.2965327430986626,17.945711842718023,39.6581052150193,20.258774049263025
24,3,0,3.8514285714285714,5.781849368686438,0.01182070611676776,5.77002866256967,1.0,0.0,1.1153832730070152,2.413031033372726,14.669440800622523,40.604762342651405,29.60634771550565
24,3,0,4.114285714285714,1.916189681576817,0.01182070611676776,1.9043689754600492,1.0,0.0,0.9690041742615552,1.491888498838275,6.802889118954945,18.75034655468368,17.52945975148155
24,3,0,4.377142857142857,-0.0014656068119702434,0.01182070611676776,-0.013286312928738003,1.0,0.0,0.9510444417554436,1.3336646015379594,3.074281998770228,8.549253583026234,7.273169031547381
24,3,0,4.64,-1.0192424112586114,0.01182070611676776,-1.0310631173753793,1.0,0.0,0.9460056687404025,1.3484981447572395,1.7840471908958329,3.157170569102237,2.2807243012802716
24,3,0,4.902857142857142,-1.1317344589407496,0.01182070611676776,-1.1435551650575173,1.0,0.0,0.9531004456844373,1.3658707269518635,1.4808369563535897,2.9791267251130567,0.2863601456492809
24,3,0,5.1657142857142855,-0.9747942521739661,0.01182070611676776,-0.9866149582907339,1.0,0.0,0.9588766819627402,1.3877703667244088,1.3167717641417793,2.4904352913319703,1.1836114545857275
24,3,0,5.428571428571429,-0.7658239086220905,0.01182070611676776,-0.7776446147388583,1.0,0.0,0.9619040871761054,1.3942979429322617,1.1604995438042225,1.5975172534818134,1.3428669564723987
24,3,0,5.691428571428571,-0.5947584893774667,0.01182070611676776,-0.6065791954942344,1.0,0.0,0.9619550141696408,1.4000018622202464,1.1957129268799507,2.5139615304454157,1.0243866366420145
24,3,0,5.954285714285714,-0.4733130335289568,0.01182070611676776,-0.4851337396457246,1.0,0.0,0.9603892887985797,1.3992951611561082,1.205272293676457,3.0381561409552256,0.5647273680794307
24,3,0,6.217142857142857,-0.3882344024311535,0.01182070611676776,-0.40005510854792126,1.0,0.0,0.9592048700226169,1.4020022797801353,1.11425979116537,2.819371666193185,0.17649312768829176
24,3,0,6.4799999999999995,-0.32883169095465836,0.01182070611676776,-0.34065239707142614,1.0,0.0,0.9592579008380213,1.4056863821768157,0.9804762177183313,2.2485837945840923,0.07568900835967214
24,3,0,6.742857142857142,-0.28313597719304523,0.006328318794599356,-0.28946429598764456,0.9671991017264261,0.0,0.9601947546621084,1.411240861209809,0.8466448375380247,1.6360493774291167,0.16635762188266548
24,3,0,7.005714285714285,-0.25296569661242324,-0.041723277006183015,-0.21124241960624024,0.7844476532096374,0.0,0.9606656719560064,1.416626820023501,0.6387332464827808,1.0528402037338354,0.16843009250795152
24,3,0,7.268571428571428,-0.24550072203904966,-0.12927925168280005,-0.11622147035624959,0.47679520179622625,0.0,0.959949334727493,1.4180864379430942,0.395094273802776,0.7595483073880679,0.06593659142580677
24,3,0,7.531428571428571,-0.2418614968784407,-0.2028441257431121,-0.0390173711353286,0.1798412120634292,0.0,0.9587194350108208,1.416806456048344,0.16273946838891695,0.3247515194203563,0.0301410871019718
24,3,0,7.794285714285714,-0.22768616906617306,-0.2238204700402972,-0.0038656990258758776,0.020778930647087083,0.0,0.9580575128830244,1.4161876220539322,0.0341744077765835,0.06477768138252904,0.06727359931258842
24,3,0,8.057142857142857,-0.2029814520938653,-0.202981452093814,-5.1324606890890136e-14,0.0,0.0,0.9580695476081125,1.4162315024145657,0.02150570091104209,0.04986990446793459,0.07523413618735256
24,3,0,8.32,-0.17666557334880817,-0.17666557334879265,-1.5521393198492106e-14,0.0,0.0,0.9581396648879457,1.4161508165879348,0.020353441317256006,0.04027884716189835,0.07171721023546289
24,3,0,8.582857142857144,-0.15191832222351007,-0.1519183222235573,4.7244240637678297e-14,0.0,0.0,0.9581832144786775,1.4160907318404319,0.01846069263573707,0.03922754103219072,0.06373079989194876
24,3,0,8.845714285714285,-0.12959835799915115,-0.1295983579991541,2.9202621223967108e-15,0.0,0.0,0.9582112261345934,1.4160475666471923,0.01634495462347507,0.03665248032670346,0.05416070785097803
24,3,0,9.108571428571427,-0.10994314544428929,-0.10994314544433538,4.608413650686316e-14,0.0,0.0,0.9582301323151103,1.4160179230879817,0.014283068162796224,0.03264255295302948,0.04450193423225898
24,3,0,9.37142857142857,-0.09287565775517949,-0.09287565775521861,3.9123511721972373e-14,0.0,0.0,0.9582436990697545,1.4159989905931814,0.012400310950825756,0.02817919226542749,0.035494941712032706
24,3,0,9.634285714285713,-0.07816673805097954,-0.07816673805096909,-1.0450938075015625e-14,0.0,0.0,0.9582541553773124,1.4159887017472317,0.010735556074631347,0.023783337968594356,0.027488486600914054
24,3,0,9.897142857142857,-0.0655161796490053,-0.06551617964900343,-1.870167866055428e-15,0.0,0.0,0.958262868215065,1.4159858298751151,0.009281688929543206,0.019715913196618744,0.02064430934642717
24,3,0,10.16,-0.054589289742478654,-0.054589289742393486,-8.516764463811778e-14,0.0,0.0,0.9582707612057841,1.4159900356900175,0.008008235438052758,0.016091062801734404,0.015043448911695376
24,3,0,10.422857142857143,-0.04503258109292118,-0.04503258109296909,4.791430078220083e-14,0.0,0.0,0.9582785833206217,1.4160018170790931,0.006870839658927966,0.012937461437382404,0.010723776980169936
24,3,0,10.685714285714285,-0.036485675845590974,-0.03648567584565276,6.17855458635852e-14,0.0,0.0,0.958287074502467,1.416022283042564,0.005815419626305253,0.010228897284186715,0.007664654424019588
24,3,0,10.948571428571427,-0.02860249408770314,-0.02860249408775041,4.7269242881876897e-14,0.0,0.0,0.9582970333554807,1.4160526619128442,0.004783411921967543,0.007897783601352869,0.00573480548233026
24,3,0,11.21142857142857,-0.021090646874888014,-0.021090646874908525,2.051184114053306e-14,0.0,0.0,0.9583092640910165,1.4160934775266856,0.0037197741437629433,0.00584153774843981,0.004631598494827052
24,3,0,11.474285714285713,-0.013771652035141128,-0.013771652035199217,5.809021417103183e-14,0.0,0.0,0.9583243697675334,1.4161434084965583,0.0025816182979495916,0.003930153584635842,0.0038357244071636786
24,3,0,11.737142857142857,-0.0066545155460514495,-0.006654515546048692,-2.757747535105798e-15,0.0,0.0,0.9583423783009216,1.4161980220013155,0.0013440605813252997,0.0020226760041554717,0.0025930744389983077
24,3,0,12.0,0.0,0.0,0.0,0.0,0.0,0.9583622566060965,1.4162488977195808,0.0,0.0,0.0
25,3,1,2.8,64.53438479638264,0.00979238917027711,64.52459240721235,1.0,0.0,2.426355530093461,4.738028766786034,98.34921554617445,149.96997156204952,195.55015240850057
25,3,1,3.0628571428571427,28.54137658202777,0.00979238917027711,28.531584192857494,1.0,0.0,2.006265192802462,4.58031463080957,66.21431894815389,129.03596324165807,113.99867543847493
25,3,1,3.3257142857142856,17.054485010092666,0.00979238917027711,17.04469262092239,1.0,0.0,1.3180246545150243,2.226623242772649,45.04911301877541,128.86993644246746,52.05185581006561
25,3,1,3.588571428571428,7.926433799066213,0.00979238917027711,7.916641409895935,1.0,0.0,1.2983298995617918,2.4435336494604805,43.086622457155094,71.51060212982841,48.93681324237383
25,3,1,3.8514285714285714,-0.35503687082483965,0.00979238917027711,-0.3648292599951168,1.0,0.0,1.0535473757939937,1.5745253791565195,24.430483577141377,64.8550850018627,39.33410703142633
25,3,1,4.114285714285714,-2.4517050271548664,0.00979238917027711,-2.4614974163251437,1.0,0.0,0.9289947750044611,1.4233240561235465,19.094059859533953,59.72195759377543,32.95863337232813
25,3,1,4.377142857142857,-2.48500662859499,0.00979238917027711,-2.494799017765267,1.0,0.0,0.9463204151654372,1.4769314780280356,10.738019856637978,28.262257904804706,16.048547218793207
25,3,1,4.64,-2.0110572714894186,0.00979238917027711,-2.0208496606596955,1.0,0.0,0.9538968704413643,1.4695760133347038,8.495564024425777,20.593663807058633,2.0837483924858007
25,3,1,4.902857142857142,-1.555246219787037,0.00979238917027711,-1.5650386089573138,1.0,0.0,0.9570046930292108,1.446968588095172,7.788318985450893,23.010068229482794,2.969751175422152
25,3,1,5.1657142857142855,-1.152979857058304,0.00979238917027711,-1.1627722462285812,1.0,0.0,0.9617704310478918,1.439578168658996,7.410805062539959,22.11033433366171,1.2521706736117195
25,3,1,5.428571428571429,-0.8456665740632417,0.00979238917027711,-0.8554589632335189,1.0,0.0,0.9633774947195063,1.4386377882309556,6.617059941977044,18.083705883885674,1.5356434169143898
25,3,1,5.691428571428571,-0.6484589625564705,0.00979238917027711,-0.6582513517267476,1.0,0.0,0.9611669240265739,1.4334703159178264,5.333118846200194,14.350971965543222,1.1531129690088715
25,3,1,5.954285714285714,-0.5269490846078364,0.00979238917027711,-0.5367414737781135,1.0,0.0,0.9587666267002287,1.426394975102743,3.948510883091351,10.460544739190345,0.21547917265585262
25,3,1,6.217142857142857,-0.44658721256634365,0.00979238917027711,-0.4563796017366208,1.0,0.0,0.9583153181049134,1.422615348062127,2.8474295525297295,6.963559308440496,0.43486153617361456
25,3,1,6.4799999999999995,-0.3887597039650383,0.00979238917027711,-0.3985520931353154,1.0,0.0,0.9596200986434745,1.423097338304916,2.231821528844644,4.608849976891064,0.37602600758732635
25,3,1,6.742857142857142,-0.33468997069694256,0.007093626868418853,-0.3417835975653614,0.9671991017264264,0.0,0.9614129271838084,1.4258529540182832,1.835672480862807,3.048632626800269,0.25414241432037304
25,3,1,7.005714285714285,-0.28029651639473385,-0.03259162231951869,-0.24770489407521518,0.7844476532096384,0.0,0.9620701972190477,1.4263068925797002,1.3028198177705654,2.1974792939251944,0.14577780144826294
25,3,1,7.268571428571428,-0.24847456582386085,-0.11407088552258182,-0.13440368030127905,0.47679520179622736,0.0,0.9610802226753561,1.4234108228719478,0.7346487292250253,1.3484728236123529,0.07632816615321929
25,3,1,7.531428571428571,-0.2313215862210936,-0.18669554635254285,-0.04462603986855077,0.1798412120634292,0.0,0.9595669394985509,1.419961514465499,0.26700396939408905,0.49067286568613877,0.17943197911187328
25,3,1,7.794285714285714,-0.21470483343224994,-0.2102873538129489,-0.004417479619301046,0.020778930647087374,0.0,0.9587645800904268,1.418189597555848,0.046349440951627775,0.09199179378419749,0.13903071305801964
25,3,1,8.057142857142857,-0.19282996976134875,-0.19282996976142985,8.108727838490593e-14,0.0,0.0,0.9586582014256221,1.4177731443053672,0.024478190187805227,0.08229575192456835,0.08101477492838181
25,3,1,8.32,-0.16875947435537586,-0.16875947435545247,7.658687442915757e-14,0.0,0.0,0.9586335508609837,1.4175318122924603,0.02369022001452704,0.06713388927849945,0.08167940369340526
25,3,1,8.582857142857144,-0.1454106051070354,-0.1454106051071015,6.608593186574475e-14,0.0,0.0,0.9586077232525614,1.417331037975315,0.02187879835671102,0.05418267440241657,0.07465490539745595
25,3,1,8.845714285714285,-0.12399681204688327,-0.12399681204689678,1.3501211867245068e-14,0.0,0.0,0.9585831941757682,1.417164787209682,0.019517524737713052,0.043457226361013755,0.06448657930501443
25,3,1,9.108571428571427,-0.10496043184797929,-0.10496043184793823,-4.1063685871783884e-14,0.0,0.0,0.9585610041225554,1.4170273358084116,0.017056631962724937,0.03669707782298839,0.05357620034110305
25,3,1,9.37142857142857,-0.08834362550863166,-0.08834362550869512,6.346569667373126e-14,0.0,0.0,0.958541448584311,1.4169137132745686,0.014722358950423,0.03206101639874179,0.043130908876258305
25,3,1,9.634285714285713,-0.07398750287180716,-0.07398750287183947,3.231290040227319e-14,0.0,0.0,0.9585244515854523,1.416819839064353,0.012612096080216163,0.027268801653690142,0.033728097727825014
25,3,1,9.897142857142857,-0.06163502886046521,-0.06163502886046152,-3.680330346034211e-15,0.0,0.0,0.9585097566584247,1.4167424906099952,0.01075179198024215,0.022732801765390925,0.025633310409789018
25,3,1,10.16,-0.05098135536515214,-0.05098135536518155,2.9412640075235364e-14,0.0,0.0,0.958497014608452,1.4166791460608763,0.009125765688564153,0.018641978380248298,0.018966663179207803
25,3,1,10.422857142857143,-0.04169882433702877,-0.04169882433704273,1.3961253160499344e-14,0.0,0.0,0.9584858162739518,1.4166277115106811,0.007691705224955632,0.015056927981335561,0.013770667744359982
25,3,1,10.685714285714285,-0.033455167814990056,-0.03345516781498859,-1.4651315100380759e-15,0.0,0.0,0.9584757030890463,1.4165861516073925,0.006390416536406367,0.011958653910033546,0.01000996771077947
25,3,1,10.948571428571427,-0.025937793259044755,-0.02593779325903064,-1.4111266625690955e-14,0.0,0.0,0.9584661817204936,1.416552080835561,0.005156669998582366,0.009272138003693616,0.007526767091468565
25,3,1,11.21142857142857,-0.01889165015612968,-0.01889165015605981,-6.987127163741308e-14,0.0,0.0,0.9584567659216896,1.416522428622753,0.003932594170604402,0.006879279030555866,0.005977373622540756
25,3,1,11.474285714285713,-0.01217123408890805,-0.012171234088987494,7.944213071663792e-14,0.0,0.0,0.9584470641080907,1.41649335042957,0.0026789233842110286,0.0046325091634703015,0.004777758399773897
25,3,1,11.737142857142857,-0.005797754222296096,-0.005797754222348483,5.238720226933072e-14,0.0,0.0,0.9584369197102456,1.4164605999072837,0.0013750272542118521,0.0023785481678535634,0.0031011100259587506
25,3,1,12.0,0.0,0.0,0.0,0.0,0.0,0.9584265866203191,1.4164205783505937,0.0,0.0,0.0
26,3,2,2.8,23.65304603874677,0.007232681037512009,23.645813357709258,1.0,0.0,1.714523960906663,2.6590183352795904,155.82821816379123,372.8714802712874,357.9707934266453
26,3,2,3.0628571428571427,21.177025378655575,0.007232681037512009,21.16979269761806,1.0,0.0,0.9196991533351566,1.4940198209728701,52.15472025825786,132.05982903494277,116.91775319302924
26,3,2,3.3257142857142856,18.827976208030982,0.007232681037512009,18.82074352699347,1.0,0.0,0.7727982126586784,1.1783009577697694,24.292851545104032,46.899344516760294,24.621248961197022
26,3,2,3.588571428571428,9.797333950433213,0.007232681037512009,9.790101269395702,1.0,0.0,1.04788510188266,1.672420325124119,26.789353445125236,53.982766714900094,26.635486377936942
26,3,2,3.8514285714285714,2.1831224563152833,0.007232681037512009,2.1758897752777715,1.0,0.0,0.9236072106522888,1.1882573651210886,22.042521171043077,47.576092546764464,21.932630052122715
26,3,2,4.114285714285714,0.02160497689106566,0.007232681037512009,0.014372295853553652,1.0,0.0,0.9435816721009378,1.31515991719783,16.141374667652777,45.37879900211107,9.003823961699268
26,3,2,4.377142857142857,-0.5239487468007751,0.007232681037512009,-0.531181427838287,1.0,0.0,0.9533394261971253,1.3944906460981885,18.41017237707185,33.89025445786579,19.982462046725594
26,3,2,4.64,-0.7987166283555831,0.007232681037512009,-0.8059493093930952,1.0,0.0,0.9580997460855538,1.4125801450218671,11.841674319119468,22.51638783874677,11.870345783636644
26,3,2,4.902857142857142,-0.8891244117184312,0.007232681037512009,-0.8963570927559432,1.0,0.0,0.9521540329903658,1.4043543565148748,8.03632887634975,17.838068904396444,1.5131326561541645
26,3,2,5.1657142857142855,-0.7517895180023222,0.007232681037512009,-0.7590221990398343,1.0,0.0,0.9511363374890488,1.39872412813522,7.2516490300260426,18.501810996319936,1.964048402705833
26,3,2,5.428571428571429,-0.5344977444589146,0.007232681037512009,-0.5417304254964266,1.0,0.0,0.9555164888834877,1.4065583033405324,5.808790716987023,14.737997933555441,1.644273633674758
26,3,2,5.691428571428571,-0.36218044084200457,0.007232681037512009,-0.36941312187951664,1.0,0.0,0.958685944864,1.415804095533771,4.443402379374809,10.472087020458487,3.2810582617680937
26,3,2,5.954285714285714,-0.26738143012422927,0.007232681037512009,-0.2746141111617413,1.0,0.0,0.9587585539217969,1.4219821523720522,3.2870298633647868,7.026399102694721,2.1949910838090156
26,3,2,6.217142857142857,-0.22297707936954653,0.007232681037512009,-0.23020976040705854,1.0,0.0,0.9578337645319269,1.4265334236262661,2.7045881324662506,5.308170518185972,0.8968581525435858
26,3,2,6.4799999999999995,-0.20342121538253558,0.007232681037512009,-0.21065389642004756,1.0,0.0,0.9575760806019368,1.4293871919906858,2.522571805495998,4.8596273033954285,0.2008161257235771
26,3,2,6.742857142857142,-0.18349694620706358,0.014568176006585633,-0.1980651222136492,0.9671991017264264,0.0,0.9579718563278166,1.4306624440100093,2.3728101449212984,4.404868632121599,0.9009404132516743
26,3,2,7.005714285714285,-0.1475325160995682,0.012178417904339375,-0.15971093400390754,0.7844476532096393,0.0,0.9585469170490871,1.4281364745160325,1.838114342242745,3.3555602089466956,1.57813079819081
26,3,2,7.268571428571428,-0.12663938802596073,-0.032055363932314965,-0.09458402409364576,0.47679520179622736,0.0,0.9588512936421394,1.423257697304887,1.0171215999662135,2.129246709381259,1.3979372857386894
26,3,2,7.531428571428571,-0.12268056261508205,-0.08942976142943375,-0.0332508011856483,0.1798412120634292,0.0,0.9586785653672738,1.419375060790612,0.35738445247944267,0.8480418822980836,0.7142887661338749
26,3,2,7.794285714285714,-0.1246853999086468,-0.1213059982626202,-0.003379401646026608,0.020778930647087437,0.0,0.9584338835060245,1.4177581157919665,0.06773102068963985,0.12373829700271398,0.11736554340268623
26,3,2,8.057142857142857,-0.12233007261822067,-0.12233007261819466,-2.6002333966546055e-14,0.0,0.0,0.9584630177986563,1.417421042011685,0.03583814352779851,0.08850269394332466,0.03736038402666828
26,3,2,8.32,-0.1133483393473428,-0.1133483393473045,-3.830343811225823e-14,0.0,0.0,0.9585082160961671,1.4172404133176981,0.026612883927025585,0.07407434560284937,0.0296766894888474
26,3,2,8.582857142857144,-0.10135966829780109,-0.10135966829779439,-6.700601445225329e-15,0.0,0.0,0.958523784061628,1.4170890528438043,0.022636194277195452,0.06197417956597604,0.032752640425179044
26,3,2,8.845714285714285,-0.08864546013813902,-0.0886454601381223,-1.6721500920025002e-14,0.0,0.0,0.9585237632700997,1.4169634628922072,0.021116061630117554,0.05189289541243509,0.03299068449790546
26,3,2,9.108571428571427,-0.0763734939746482,-0.07637349397460123,-4.696421550265395e-14,0.0,0.0,0.9585160546247478,1.416859735774042,0.019491145461099587,0.043507739179274814,0.030359225679191967
26,3,2,9.37142857142857,-0.06508951369854137,-0.0650895136985355,-5.870526937831744e-15,0.0,0.0,0.9585050300377933,1.416774230187746,0.017605851186206705,0.03652560943948967,0.026234092837989876
26,3,2,9.634285714285713,-0.05499265897497487,-0.05499265897490582,-6.904619757885922e-14,0.0,0.0,0.9584930283002457,1.4167038438768538,0.01568793155324761,0.030696427218943334,0.021633024658379865
26,3,2,9.897142857142857,-0.04608811078165826,-0.04608811078157368,-8.457759167503077e-14,0.0,0.0,0.9584812078280454,1.4166460681920987,0.013847568703299869,0.025811570913795833,0.0171972408285211
26,3,2,10.16,-0.03827060579265311,-0.03827060579254729,-1.0581449789732328e-13,0.0,0.0,0.9584700362620392,1.4165988967726377,0.012121818831026617,0.021693785456069654,0.013315621642985949
26,3,2,10.422857142857143,-0.031371402273591205,-0.03137140227357638,-1.482133036093125e-14,0.0,0.0,0.9584595830220284,1.4165606163963653,0.01049904230910396,0.018181867856420692,0.010193191902747449
26,3,2,10.685714285714285,-0.025189712087560816,-0.025189712087411713,-1.4910338350278275e-13,0.0,0.0,0.9584497135279209,1.4165295089017615,0.008934209578777521,0.015158916456108517,0.007859110951270095
26,3,2,10.948571428571427,-0.019522374050874258,-0.019522374050733562,-1.4069762900321276e-13,0.0,0.0,0.9584402413744453,1.4165035242705908,0.00736237447688077,0.01264470985752977,0.006178781727974766
26,3,2,11.21142857142857,-0.014199598390203154,-0.014199598390194773,-8.380752255371382e-15,0.0,0.0,0.9584310644420935,1.4164800335740064,0.005714660676896922,0.00980911097505859,0.004933969099472911
26,3,2,11.474285714285713,-0.009128180236694807,-0.00912818023665822,-3.65870340480242e-14,0.0,0.0,0.9584222856559051,1.4164558204795668,0.003938398682398688,0.006703933458964055,0.0038596416808776785
26,3,2,11.737142857142857,-0.004335733066650757,-0.004335733066535851,-1.149065640001449e-13,0.0,0.0,0.9584142954580592,1.4164274987618268,0.002019417350426917,0.0035310081715358276,0.0024798904548784407
26,3,2,12.0,0.0,0.0,0.0,0.0,0.0,0.9584077700958593,1.4163925188598685,0.0,0.0,0.0
27,3,3,2.8,27.729059564247745,0.011151792316995002,27.71790777193075,1.0,0.0,2.147086060211288,5.0025285161918225,48.774543136691655,104.46909309874188,120.8061246799556
27,3,3,3.0628571428571427,22.228932377497465,0.011151792316995002,22.21778058518047,1.0,0.0,1.30005599110079,3.737424789087086,27.136644620896018,51.938699877677585,53.03018737681754
27,3,3,3.3257142857142856,23.129546568252618,0.011151792316995002,23.118394775935624,1.0,0.0,1.2895089264725552,2.5936473219001637,26.74286130070144,63.751909885014676,51.00636247650423
27,3,3,3.588571428571428,19.672183714971872,0.011151792316995002,19.661031922654878,1.0,0.0,1.3298426851871523,3.0319321424110837,24.451356169476952,65.2666102454755,54.77932093924021
27,3,3,3.8514285714285714,21.148501675743375,0.011151792316995002,21.13734988342638,1.0,0.0,0.8775950261342951,1.2912338074568037,9.949504739460652,21.03700052081314,11.840945739138546
27,3,3,4.114285714285714,19.07367523116661,0.011151792316995002,19.062523438849617,1.0,0.0,0.9527756787066795,1.2738505628671675,8.55801007671786,22.09621731339629,14.230297292726778
27,3,3,4.377142857142857,11.472217701379437,0.011151792316995002,11.461065909062441,1.0,0.0,1.175037463528962,2.0248786995487174,12.72162298377068,46.25591396270614,43.50822205776125
27,3,3,4.64,3.4923019041565935,0.011151792316995002,3.4811501118395984,1.0,0.0,0.9941989497935987,1.4998202353937509,8.08063054908089,33.23808713103277,31.766432843765063
27,3,3,4.902857142857142,0.3260542624329395,0.011151792316995002,0.3149024701159445,1.0,0.0,0.9401339581781812,1.3137282647976651,2.6699293310054006,11.17909443286115,9.899742041704268
27,3,3,5.1657142857142855,-0.5513734821222483,0.011151792316995002,-0.5625252744392434,1.0,0.0,0.9440084651661735,1.3587586250937604,1.202453206996815,4.243628436177184,2.7033150357935516
27,3,3,5.428571428571429,-0.7292241092215707,0.011151792316995002,-0.7403759015385656,1.0,0.0,0.9545525904697294,1.3898592083308663,0.6680160253421431,1.7006368020554834,0.736066264574447
27,3,3,5.691428571428571,-0.6903453363219678,0.011151792316995002,-0.7014971286389629,1.0,0.0,0.9576393529851137,1.399117221702385,0.438722663026702,0.9078820609631083,0.390835688489669
27,3,3,5.954285714285714,-0.582489967462705,0.011151792316995002,-0.5936417597797,1.0,0.0,0.9581663632534048,1.4016752757435038,0.3737619237497811,0.9322595572324028,0.4480637797878107
27,3,3,6.217142857142857,-0.4683300383180187,0.011151792316995002,-0.47948183063501376,1.0,0.0,0.9592359468537289,1.404255382717677,0.33510388133463603,0.7982581865697563,0.39642666416917194
27,3,3,6.4799999999999995,-0.3763535311420478,0.011151792316995002,-0.38750532345904276,1.0,0.0,0.9600338450731274,1.406493396686189,0.2985571119071534,0.6359666460449955,0.3039070914060906
27,3,3,6.742857142857142,-0.3093433373655798,0.003243487740407947,-0.31258682510598773,0.9671991017264258,0.0,0.9600624688062421,1.4093199920660076,0.26211919001558875,0.6170355156929332,0.21910830354454863
27,3,3,7.005714285714285,-0.26921557610750796,-0.05372787612472741,-0.21548769998278056,0.7844476532096366,0.0,0.9596570370346168,1.4131029511861182,0.20569464526099723,0.46488118622907404,0.07800306628769206
27,3,3,7.268571428571428,-0.2580165392358539,-0.14914911085045102,-0.10886742838540288,0.47679520179622514,0.0,0.9593215781829436,1.4161102586362382,0.12857731691176114,0.2567389186561663,0.04580092611653697
27,3,3,7.531428571428571,-0.2561836274861938,-0.22413124007343319,-0.03205238741276062,0.1798412120634292,0.0,0.9588787849974534,1.4173804518553805,0.05594609560182843,0.09944294428137072,0.029132513334845057
27,3,3,7.794285714285714,-0.24363616155206233,-0.24102746463528965,-0.002608696916772691,0.020778930647087083,0.0,0.9585052880294704,1.4177127779303815,0.02560012340890707,0.07687333914648245,0.06387362093966167
27,3,3,8.057142857142857,-0.2147142550753141,-0.21471425507526767,-4.644416882332303e-14,0.0,0.0,0.9585076658924458,1.417621723913048,0.025747259527016668,0.07173478099551248,0.10099873150429799
27,3,3,8.32,-0.18431409716747657,-0.1843140971674082,-6.836613653665724e-14,0.0,0.0,0.9585395531110791,1.4173318580538736,0.02365888158555281,0.05845619510717317,0.09165579999797958
27,3,3,8.582857142857144,-0.15671939264685444,-0.15671939264680104,-5.340479360821382e-14,0.0,0.0,0.9585363637662463,1.4170881745926491,0.021017092784585967,0.05457161825094455,0.07897743507968462
27,3,3,8.845714285714285,-0.13242646497903113,-0.13242646497901742,-1.3721231616192764e-14,0.0,0.0,0.958517409493111,1.4168897549950403,0.018376439990146397,0.048391499844749476,0.06573973241401393
27,3,3,9.108571428571427,-0.11141537429958268,-0.11141537429956852,-1.416127111408816e-14,0.0,0.0,0.9584928471578523,1.4167312304940163,0.015965102795551373,0.04157254324430412,0.05326023120963762
27,3,3,9.37142857142857,-0.0934272161267096,-0.09342721612670928,-3.200287257421053e-16,0.0,0.0,0.9584678296142604,1.4166062065288276,0.013809729606487586,0.03494257790808475,0.04210500456083002
27,3,3,9.634285714285713,-0.07810469312070724,-0.07810469312059076,-1.1648045527244688e-13,0.0,0.0,0.9584447872591595,1.416508771093486,0.011902865727054401,0.028883438020838675,0.032474990758140664
27,3,3,9.897142857142857,-0.06505778586805523,-0.06505778586803916,-1.606144167318191e-14,0.0,0.0,0.9584246948050271,1.4164340976558891,0.010231945946962334,0.023540750924309115,0.024414317354269043
27,3,3,10.16,-0.053889822249450894,-0.05388982224930958,-1.413226851081778e-13,0.0,0.0,0.9584077898255383,1.416378595636362,0.008770981911463924,0.01893685350493691,0.01791141932994192
27,3,3,10.422857142857143,-0.0442062073476135,-0.04420620734753656,-7.6936905847938e-14,0.0,0.0,0.9583939991477035,1.416339790559458,0.007478221864353762,0.01502877623716484,0.01292643907091412
27,3,3,10.685714285714285,-0.035621589642751465,-0.03562158964270242,-4.904440221997764e-14,0.0,0.0,0.9583832076794924,1.4163159895285107,0.00629735222031188,0.011735150937280978,0.009363655910914233
27,3,3,10.948571428571427,-0.027777241585740214,-0.02777724158571754,-2.267203503929227e-14,0.0,0.0,0.9583754269798324,1.4163057420189922,0.005162747471314936,0.008946626305501854,0.0070165503253773005
27,3,3,11.21142857142857,-0.020376309179303283,-0.02037630917928674,-1.6541484761795068e-14,0.0,0.0,0.9583708673902777,1.4163071167605255,0.004008948609758918,0.006529826877154218,0.005532043927229519
27,3,3,11.474285714285713,-0.013238481503618242,-0.013238481503630904,1.266113646217204e-14,0.0,0.0,0.9583698826978901,1.4163168798851895,0.0027818625434146305,0.004332851183604998,0.0043910200511443
27,3,3,11.737142857142857,-0.006366133653644873,-0.0063661336536131805,-3.169284474614786e-14,0.0,0.0,0.9583727461949454,1.4163297889194917,0.0014480292946648184,0.0021995761853444615,0.002854522948968895
27,3,3,12.0,0.0,0.0,0.0,0.0,0.0,0.9583792476348642,1.4163384345176215,0.0,0.0,0.0
28,3,4,2.8,14.764177397206039,0.012306740654306545,14.751870656551732,1.0,0.0,2.047467409817286,3.286126309886531,43.43882075664041,90.74164090288853,72.36027276472554
28,3,4,3.0628571428571427,24.617681650281867,0.012306740654306545,24.605374909627557,1.0,0.0,1.5713939463384712,3.3545231558435495,38.49505059063492,75.28152408145215,43.288843702872136
28,3,4,3.3257142857142856,20.629517113425997,0.012306740654306545,20.61721037277169,1.0,0.0,0.8061724060877186,1.4872084829665997,37.91183462810497,71.0776079092011,35.33364480626091
28,3,4,3.588571428571428,16.173825126373544,0.012306740654306545,16.161518385719237,1.0,0.0,1.0213470799762323,1.7784540078431321,21.676781813697467,50.73321297783102,23.874802896465724
28,3,4,3.8514285714285714,8.076587466002232,0.012306740654306545,8.064280725347926,1.0,0.0,1.1446840275369365,2.2714346203508216,15.950137012688742,35.50315404717004,15.349732496430727
28,3,4,4.114285714285714,2.574925121253624,0.012306740654306545,2.5626183805993175,1.0,0.0,1.0088235055707737,1.6115076397168457,12.387972976301926,22.4882291807016,11.250951135607798
28,3,4,4.377142857142857,0.16329652978464987,0.012306740654306545,0.15098978913034333,1.0,0.0,0.9518776440092346,1.4165765214544586,11.446686534060609,26.7262068502509,6.860266801302773
28,3,4,4.64,-0.7043142433890138,0.012306740654306545,-0.7166209840433203,1.0,0.0,0.943691083979101,1.40383543790251,10.358106930839305,26.52897605113685,3.2988927223821376
28,3,4,4.902857142857142,-0.8882476267777204,0.012306740654306545,-0.9005543674320271,1.0,0.0,0.9505964514553229,1.4196483138099407,8.396579000951283,22.232036476207522,2.8329226020909704
28,3,4,5.1657142857142855,-0.9145019913908184,0.012306740654306545,-0.9268087320451251,1.0,0.0,0.9531926563452812,1.4138749788624283,6.403202169586271,17.06634340149348,1.3808178897055867
28,3,4,5.428571428571429,-0.8247786978771071,0.012306740654306545,-0.8370854385314137,1.0,0.0,0.9544993456134856,1.4086722428670555,4.72112238100981,12.563895402585702,2.5120068321846536
28,3,4,5.691428571428571,-0.6729698017896535,0.012306740654306545,-0.68527654244396,1.0,0.0,0.9565605713587468,1.4125782640868747,3.5140097729864834,8.739446417358076,2.386916649104484
28,3,4,5.954285714285714,-0.5251610450464518,0.012306740654306545,-0.5374677857007584,1.0,0.0,0.9579633680200452,1.4188150906840438,2.7733973161214664,5.882735414600231,1.4771130572592706
28,3,4,6.217142857142857,-0.4184341461508014,0.012306740654306545,-0.4307408868051079,1.0,0.0,0.9582918205228182,1.4230996148560275,2.433287389461962,4.07215653158393,0.753302910139864
28,3,4,6.4799999999999995,-0.35141453526906147,0.012306740654306545,-0.363721275923368,1.0,0.0,0.9583637707603302,1.4263942447332252,2.30659424658436,3.957062425136039,0.5445579434462567
28,3,4,6.742857142857142,-0.3013560050746194,0.0076774757409928595,-0.30903348081561227,0.9671991017264258,0.0,0.958742094465441,1.4294225940732752,2.140419800384872,4.198917747624612,0.4900961155099229
28,3,4,7.005714285714285,-0.2596876541403486,-0.037209451576834564,-0.22247820256351408,0.7844476532096374,0.0,0.9592681506727996,1.4291426314496847,1.6544698539143659,3.664885345380257,0.35854670577673853
28,3,4,7.268571428571428,-0.23978957346544147,-0.12181282978996834,-0.11797674367547314,0.47679520179622736,0.0,0.9594350185443815,1.4251147498301457,0.9833539251745493,2.303831876304726,0.14022596596884038
28,3,4,7.531428571428571,-0.23188357600801968,-0.19454110192656668,-0.03734247408145299,0.1798412120634292,0.0,0.9590315790785237,1.4205672603324409,0.3553968434441353,0.8516457993368848,0.009204051907345799
28,3,4,7.794285714285714,-0.22014132962573166,-0.21670201652844537,-0.0034393130972862744,0.020778930647087374,0.0,0.9586412819238808,1.4183209484619963,0.042850862768895104,0.09955468084648161,0.028121438731247637
28,3,4,8.057142857142857,-0.19774317766998364,-0.19774317767003566,5.200466793309211e-14,0.0,0.0,0.9586420230623421,1.4179033544430075,0.021948220816514676,0.06054602300412228,0.04823742021291693
28,3,4,8.32,-0.17292285506692184,-0.1729228550669625,4.0683651759965134e-14,0.0,0.0,0.9586728178954953,1.4176516102593926,0.019097771315596104,0.04916444782666744,0.054303024420756706
28,3,4,8.582857142857144,-0.1492906867347604,-0.14929068673476625,5.8605260401523035e-15,0.0,0.0,0.9586698648792098,1.417442413954399,0.01829161493158704,0.03979761734677371,0.05223334451611015
28,3,4,8.845714285714285,-0.12780645932087922,-0.12780645932090637,2.7142436302002304e-14,0.0,0.0,0.9586507334188816,1.4172690456892307,0.016757325255086695,0.0321421373448103,0.04608526770823269
28,3,4,9.108571428571427,-0.10877946880288474,-0.10877946880296419,7.944713116547765e-14,0.0,0.0,0.9586250004203988,1.4171253673775546,0.014941953943817688,0.027556596743123496,0.038308266278608644
28,3,4,9.37142857142857,-0.09218450395949994,-0.09218450395946585,-3.4083059291534216e-14,0.0,0.0,0.9585977433965605,1.4170061604306172,0.013111281124815029,0.024794054125410747,0.03026047935883331
28,3,4,9.634285714285713,-0.07783022526129948,-0.07783022526137331,7.382662666963191e-14,0.0,0.0,0.9585714985216184,1.41690720151413,0.01139777407987055,0.021435671594016003,0.022683279300860764
28,3,4,9.897142857142857,-0.06544409575649897,-0.0654440957564727,-2.62823591015704e-14,0.0,0.0,0.9585473573590505,1.4168251956910687,0.009853991883485949,0.01800248951836683,0.016000819016265076
28,3,4,10.16,-0.05471126474358475,-0.05471126474366935,8.459759347038964e-14,0.0,0.0,0.9585255839620489,1.4167575944805526,0.008481938419419513,0.014775152761226512,0.010489343672692416
28,3,4,10.422857142857143,-0.04529148141412191,-0.0452914814141994,7.748695522030725e-14,0.0,0.0,0.95850597433414,1.4167022946314298,0.007248900347161807,0.011892863493131834,0.006349289304478713
28,3,4,10.685714285714285,-0.03683154853214647,-0.036831548532176,2.953265084738865e-14,0.0,0.0,0.9584880904900341,1.4166572241363709,0.0060995462170059635,0.009404188602261216,0.003688306110751777
28,3,4,10.948571428571427,-0.02898695226818803,-0.028986952268193932,5.900529630870067e-15,0.0,0.0,0.9584714467449424,1.4166198651901458,0.00497130396099784,0.0072884747832221205,0.0024120003675057594
28,3,4,11.21142857142857,-0.021462353851224348,-0.0214623538511874,-3.6948316476694e-14,0.0,0.0,0.9584556869889134,1.4165868306104383,0.0038139807247331856,0.005461171835948208,0.002191107682916688
28,3,4,11.474285714285713,-0.014074459912291257,-0.01407445991237211,8.085225728943907e-14,0.0,0.0,0.9584407579293801,1.4165536890804247,0.0026055494060667535,0.0037747651876001765,0.002499396973983078
28,3,4,11.737142857142857,-0.006830557075314339,-0.0068305570753695016,5.516245137537554e-14,0.0,0.0,0.9584270491408675,1.4165153083023994,0.0013455783350890197,0.0020280635618831985,0.002270644979356882
28,3,4,12.0,0.0,0.0,0.0,0.0,0.0,0.958415433995269,1.4164670289905972,0.0,0.0,0.0
29,3,5,2.8,17.46168453530353,0.006828104748820186,17.45485643055471,1.0,0.0,1.831315562744401,3.5543045412448504,82.21403646150168,227.50308414178085,190.1677976791603
29,3,5,3.0628571428571427,19.056139802328918,0.006828104748820186,19.049311697580098,1.0,0.0,1.3262256469524327,2.2968462616273437,56.96711616778517,110.3132254418101,80.05965952562204
29,3,5,3.3257142857142856,15.868164527631338,0.006828104748820186,15.861336422882516,1.0,0.0,2.0114639500964233,4.199750665695626,45.06914176027819,153.34012514325633,43.717323485459616
29,3,5,3.588571428571428,11.680532837102598,0.006828104748820186,11.673704732353777,1.0,0.0,1.3800395153335576,2.5186739744114166,26.394984667924444,78.86437955278743,15.888161525262245
29,3,5,3.8514285714285714,19.441502615613018,0.006828104748820186,19.4346745108642,1.0,0.0,1.5079810572533636,3.5626273728418227,22.23752074314765,83.20334127261535,6.06121926610945
29,3,5,4.114285714285714,19.132374993650295,0.006828104748820186,19.12554688890147,1.0,0.0,1.216874512994797,2.687860646636118,42.77333035116578,171.05727283255897,5.979350605879388
29,3,5,4.377142857142857,20.40883240210029,0.006828104748820186,20.40200429735147,1.0,0.0,0.571725250894082,0.8472639730269063,21.98534044784374,88.0573751261009,2.602049685098979
29,3,5,4.64,17.987949279002063,0.006828104748820186,17.981121174253243,1.0,0.0,0.8873466279269348,1.3517850651472376,6.75195445858519,17.562250274854918,1.0997134899417453
29,3,5,4.902857142857142,7.472872389865664,0.006828104748820186,7.466044285116843,1.0,0.0,1.029325316137797,1.9110558869952994,12.61887957874079,40.159707537240806,1.0686196375206414
29,3,5,5.1657142857142855,1.1520637719310487,0.006828104748820186,1.1452356671822284,1.0,0.0,0.9166134068322945,1.3246023046729463,17.13061111178131,58.635182795176235,0.3125197004733276
29,3,5,5.428571428571429,-0.5025596020896831,0.006828104748820186,-0.5093877068385033,1.0,0.0,0.936411368214537,1.3177118037901538,15.26511163804177,51.85581517257862,0.4154783508537996
29,3,5,5.691428571428571,-0.7830262955650502,0.006828104748820186,-0.7898544003138703,1.0,0.0,0.9509486765246538,1.4009416370315508,10.49824729759652,33.367438331844475,0.500185076064044
29,3,5,5.954285714285714,-0.7645337254237822,0.006828104748820186,-0.7713618301726023,1.0,0.0,0.957018085618291,1.42649443469566,6.8586049251040375,18.105722851292956,0.26155516988024674
29,3,5,6.217142857142857,-0.6656529980727331,0.006828104748820186,-0.6724811028215534,1.0,0.0,0.9578924236790209,1.428144499234207,5.280327362808376,11.632909251141506,0.6752141524047566
29,3,5,6.4799999999999995,-0.5613161474984634,0.006828104748820186,-0.5681442522472836,1.0,0.0,0.9591351416181109,1.4269022827557452,4.9053026368281945,11.278383494020806,0.9662258990248894
29,3,5,6.742857142857142,-0.45088847659353926,0.002770086331971253,-0.45365856292551054,0.9671991017264261,0.0,0.9604453701822827,1.4275688565006348,4.815193777628589,12.379508943800168,0.5797805144701066
29,3,5,7.005714285714285,-0.3450072968692858,-0.04620351497019398,-0.2988037818990918,0.7844476532096384,0.0,0.9603979445848665,1.4249374999732534,4.097868546855242,11.415675959770729,0.3872075300368294
29,3,5,7.268571428571428,-0.2844583298279729,-0.13881457517878334,-0.14564375464918958,0.47679520179622625,0.0,0.9598232892113348,1.4222413210631482,2.597293001977587,7.604474235997697,1.03386327836397
29,3,5,7.531428571428571,-0.25712766192127995,-0.21454238525435554,-0.042585276666924424,0.1798412120634292,0.0,0.959395548780886,1.4211850142857496,1.0069868937167628,2.9912674459305504,0.8714529424011301
29,3,5,7.794285714285714,-0.23628316891916315,-0.2326934191875005,-0.003589749731662664,0.020778930647087083,0.0,0.9591861086439335,1.4209140010436787,0.1320673417919353,0.35827090911712567,0.2755400120532743
29,3,5,8.057142857142857,-0.20718707588526053,-0.2071870758851831,-7.744695162958949e-14,0.0,0.0,0.9591778478040869,1.4204385843406568,0.01704847808947374,0.04120123720414858,0.046217855271396935
29,3,5,8.32,-0.17673961879992714,-0.17673961879979097,-1.3617222280326581e-13,0.0,0.0,0.9591476006256505,1.4197420105430738,0.01734668797566812,0.032853104818619826,0.05155173698296975
29,3,5,8.582857142857144,-0.14878632301027084,-0.14878632301027883,8.000718143552633e-15,0.0,0.0,0.9590783290724249,1.4191154926174876,0.016440804930050106,0.03020087463407307,0.049773449951150565
29,3,5,8.845714285714285,-0.12415890382396808,-0.12415890382385932,-1.0874976136623915e-13,0.0,0.0,0.9589971843084337,1.4185844507919554,0.01494943865812045,0.030793254565652104,0.044638666541531785
29,3,5,9.108571428571427,-0.10295536248387895,-0.1029553624837911,-8.78478852162079e-14,0.0,0.0,0.9589170876544417,1.4181474699026144,0.013265470694154801,0.02894424128524481,0.03821322257676752
29,3,5,9.37142857142857,-0.08493951034058768,-0.08493951034059137,3.7003321413930924e-15,0.0,0.0,0.9588436672818552,1.4177934272004777,0.011596364147138008,0.025972226617121986,0.031604887767432505
29,3,5,9.634285714285713,-0.06973977658986806,-0.06973977658982536,-4.2703833091212176e-14,0.0,0.0,0.958778832913632,1.4175089628676836,0.010042801548333109,0.022615272904135893,0.025396163705207815
29,3,5,9.897142857142857,-0.05694347632132681,-0.056943476321250526,-7.628684749877435e-14,0.0,0.0,0.9587226147941216,1.417281490792596,0.008643739617013925,0.01927266940063139,0.01989150671275043
29,3,5,10.16,-0.04613824129017853,-0.0461382412900559,-1.2263100734530298e-13,0.0,0.0,0.958674104639646,1.417100134018055,0.007400085457422859,0.016145041817865687,0.015250151158331038
29,3,5,10.422857142857143,-0.03693021353010901,-0.0369302135300278,-8.120728915705922e-14,0.0,0.0,0.9586319449966301,1.4169556965701977,0.006287066400555847,0.013312748022951345,0.011544139517976936
29,3,5,10.685714285714285,-0.02895692909638354,-0.028956929096245095,-1.3844242657649886e-13,0.0,0.0,0.9585946140987189,1.4168402214949976,0.005262817473804068,0.010778431945986648,0.008765652015176427
29,3,5,10.948571428571427,-0.021905386217618478,-0.021905386217525434,-9.30433515606774e-14,0.0,0.0,0.9585606457123245,1.4167464562318595,0.00427773368739519,0.008490877624066548,0.006803002491763249
29,3,5,11.21142857142857,-0.015539352409822798,-0.015539352409727918,-9.488101650927464e-14,0.0,0.0,0.9585288572025201,1.4166674695647483,0.003285178869595232,0.006362437364488271,0.005406261256576242
29,3,5,11.474285714285713,-0.009732986569549169,-0.00973298656943312,-1.1605041667223093e-13,0.0,0.0,0.9584986077094353,1.4165966422961327,0.002250704371142005,0.004289255149745983,0.004168082076294745
29,3,5,11.737142857142857,-0.004500033714812532,-0.00450003371468399,-1.2854153787385247e-13,0.0,0.0,0.9584700570852058,1.4165282235560153,0.0011562662359889998,0.0021806434163719754,0.002551393090996894
29,3,5,12.0,0.0,0.0,0.0,0.0,0.0,0.9584443358861808,1.4164585542909556,0.0,0.0,0.0
30,3,6,2.8,33.87228330960068,0.0198485468597007,33.85243476274098,1.0,0.0,2.1971123725933124,3.54541728882224,42.60882176304523,116.01186020786656,71.90887147632749
30,3,6,3.0628571428571427,39.267041845300255,0.0198485468597007,39.24719329844056,1.0,0.0,1.9147915229056918,5.514825037467007,28.64282655400519,55.462867637335165,45.78932013952347
30,3,6,3.3257142857142856,13.656066878221216,0.0198485468597007,13.636218331361516,1.0,0.0,1.4463915329156187,2.5160199534139602,26.60533315767945,56.987977250189516,92.35783606148159
30,3,6,3.588571428571428,11.454234316296652,0.0198485468597007,11.434385769436952,1.0,0.0,1.164838501648092,1.9923626067694764,15.757628325478,29.476086481115658,8.916861132196745
30,3,6,3.8514285714285714,0.0037914461164425934,0.0198485468597007,-0.016057100743258106,1.0,0.0,1.1339524973510067,1.6812414410099623,15.115480443632785,47.43646557108591,34.001921982488554
30,3,6,4.114285714285714,-2.697853543399509,0.0198485468597007,-2.7177020902592095,1.0,0.0,0.9353038593727213,1.4890217586410042,5.269754365429635,14.944001652263813,9.468967969614841
30,3,6,4.377142857142857,-2.564278648149109,0.0198485468597007,-2.5841271950088096,1.0,0.0,0.9488635803189933,1.4982480024650153,1.3966599769771268,3.2291196967735627,1.0008253854805782
30,3,6,4.64,-2.28750173731301,0.0198485468597007,-2.3073502841727107,1.0,0.0,0.9553073798654227,1.481933563973942,1.2098867873835524,2.30948660635254,1.297892732772903
30,3,6,4.902857142857142,-1.814755162327822,0.0198485468597007,-1.8346037091875225,1.0,0.0,0.9565861398169357,1.4704430841879375,0.7857997615451293,1.2711367494567327,1.7021161044052449
30,3,6,5.1657142857142855,-1.4089488423114924,0.0198485468597007,-1.4287973891711931,1.0,0.0,0.9583210660389521,1.4625388461882443,0.5927452342726771,1.3023786188261994,1.347771142850659
30,3,6,5.428571428571429,-1.0956739065329717,0.0198485468597007,-1.1155224533926724,1.0,0.0,0.9575649715507687,1.448738455946056,0.43576002567330646,1.1255764938441708,1.0157741456251332
30,3,6,5.691428571428571,-0.8538728300327219,0.0198485468597007,-0.8737213768924226,1.0,0.0,0.9547622068124187,1.4338626866029165,0.30138699550559805,0.819565787480942,0.7632304107342931
30,3,6,5.954285714285714,-0.6759796895217934,0.0198485468597007,-0.6958282363814942,1.0,0.0,0.9528968003636118,1.4266501339228777,0.2731629480527977,0.7046420652967835,0.5498688749533328
30,3,6,6.217142857142857,-0.5519400019817593,0.0198485468597007,-0.57178854884146,1.0,0.0,0.9528393867992856,1.4248803765988352,0.2640118876327991,0.6241059547233285,0.3542862537612689
30,3,6,6.4799999999999995,-0.46769342955818405,0.0198485468597007,-0.48754197641788477,1.0,0.0,0.9541418782866982,1.4252860753416288,0.24363592281491844,0.5039417791459607,0.22147857868227105
30,3,6,6.742857142857142,-0.398091593712419,0.012066515451148849,-0.4101581091635678,0.9671991017264264,0.0,0.9561942920802295,1.4260606889579392,0.23238165029526414,0.3759907689050854,0.21879743323099377
30,3,6,7.005714285714285,-0.3371202655836158,-0.0485662865005262,-0.2885539790830896,0.7844476532096374,0.0,0.9581871173661669,1.424743805212584,0.18560640136423454,0.30918429954715987,0.15289859193254504
30,3,6,7.268571428571428,-0.30432776119610494,-0.15558776135301217,-0.14873999984309277,0.47679520179622736,0.0,0.959112149526754,1.4217177408035901,0.11073305556437975,0.18938159044475059,0.05940327076512969
30,3,6,7.531428571428571,-0.2909416660723036,-0.24506800589011554,-0.04587366018218807,0.1798412120634292,0.0,0.9588984446272946,1.4190789660680234,0.05166569643153108,0.09325964307958548,0.027072090726444037
30,3,6,7.794285714285714,-0.27545128520715567,-0.27128946681663946,-0.004161818390516204,0.020778930647087374,0.0,0.9585188250201181,1.4180046127637536,0.02490301322996212,0.07471291491658688,0.05629955103839071
30,3,6,8.057142857142857,-0.24714851236831015,-0.24714851236835153,4.140371639288487e-14,0.0,0.0,0.9585349959806188,1.4177683745083545,0.02267077581022143,0.06443152758349888,0.08491015901689303
30,3,6,8.32,-0.21662760382581844,-0.21662760382587284,5.44048833761579e-14,0.0,0.0,0.9585817732750886,1.4175323136384068,0.0213237115820614,0.05158815829441088,0.0792342681165311
30,3,6,8.582857142857144,-0.18800818823945725,-0.18800818823941978,-3.748336450254408e-14,0.0,0.0,0.9585903093665327,1.4173336681068054,0.019171311799192372,0.041009403567691186,0.06883102166508437
30,3,6,8.845714285714285,-0.16215807005208308,-0.1621580700521085,2.542228190113849e-14,0.0,0.0,0.9585797557177926,1.417168143294517,0.01677070662933069,0.03401879294542484,0.05688971141907585
30,3,6,9.108571428571427,-0.1393002293360745,-0.1393002293361417,6.720603240584211e-14,0.0,0.0,0.9585606675879724,1.4170308430249898,0.014440649789953205,0.03027997472120874,0.0450478016682211
30,3,6,9.37142857142857,-0.11933177679785512,-0.11933177679780319,-5.1924660751656586e-14,0.0,0.0,0.9585387373726493,1.4169171981273099,0.01233242543155426,0.02593516294948079,0.03410503241340237
30,3,6,9.634285714285713,-0.10199056453361627,-0.10199056453354119,-7.506673798188257e-14,0.0,0.0,0.9585168940480389,1.4168233647743422,0.010501294088360726,0.02158527175125419,0.024440153245315194
30,3,6,9.897142857142857,-0.08693490033930608,-0.0869349003392689,-3.7183337572160857e-14,0.0,0.0,0.9584964875785378,1.416746354243045,0.00894669405767594,0.01754270714311328,0.0162511840574852
30,3,6,10.16,-0.07377462200808915,-0.07377462200815396,6.480581696277632e-14,0.0,0.0,0.9584779664259491,1.4166839859123501,0.007632334107965311,0.013961655846610818,0.009684167337332628
30,3,6,10.422857142857143,-0.062079196420138476,-0.06207919642013392,-4.560409341825e-15,0.0,0.0,0.9584612852378435,1.416634674451779,0.006495464240745912,0.010907752551501327,0.004880725529219499
30,3,6,10.685714285714285,-0.051383518070058413,-0.05138351807005257,-5.8405242447934215e-15,0.0,0.0,0.9584461813791971,1.4165970374188728,0.005456107705829002,0.008389227405089843,0.0019602072184242516
30,3,6,10.948571428571427,-0.041210184403250805,-0.041210184403302846,5.2039671074970154e-14,0.0,0.0,0.9584323960203811,1.4165693283520617,0.00443567112209958,0.006362923960868388,0.0008679997294254492
30,3,6,11.21142857142857,-0.031124671213108978,-0.031124671213023404,-8.557268099413513e-14,0.0,0.0,0.9584198679854345,1.4165487604203564,0.0033833748983872714,0.004725222766927396,0.0010171064991409077
30,3,6,11.474285714285713,-0.020833571284443228,-0.020833571284505654,6.242560331506941e-14,0.0,0.0,0.9584088869659763,1.4165308891533996,0.002295226914498473,0.003298389028975724,0.0019088900471216092
30,3,6,11.737142857142857,-0.010322023270879676,-0.010322023270950323,7.064634120756974e-14,0.0,0.0,0.958400154721849,1.4165093743168233,0.0011928286762480354,0.0018262225872898604,0.002200644819261195
30,3,6,12.0,0.0,0.0,0.0,0.0,0.0,0.9583946718209464,1.416476645850354,0.0,0.0,0.0
31,3,7,2.8,10.481116253372672,0.011362722595131039,10.46975353077754,1.0,0.0,5.294120317880241,11.50017909307816,43.15093210635381,83.91645364269093,50.15687665422775
31,3,7,3.0628571428571427,46.90512294246418,0.011362722595131039,46.89376021986906,1.0,0.0,2.445724793900478,5.759563164389726,49.04113460308672,99.9561678034621,59.38555564310943
31,3,7,3.3257142857142856,26.601853277528573,0.011362722595131039,26.59049055493344,1.0,0.0,1.6447280259045935,3.2650382652941374,46.53264823870961,136.03441750577204,31.93513753111867
31,3,7,3.588571428571428,17.20047346759046,0.011362722595131039,17.18911074499533,1.0,0.0,1.282736328042438,2.705586689829402,20.902103380069303,51.164280211837344,19.219801183089356
31,3,7,3.8514285714285714,6.495519724186028,0.011362722595131039,6.484157001590897,1.0,0.0,1.1495717573659658,2.104133803804732,24.6224805192962,61.20402324520615,18.55799563397306
31,3,7,4.114285714285714,-0.060531322493285494,0.011362722595131039,-0.07189404508841654,1.0,0.0,0.9368292229910798,1.536722503328596,20.873328707094807,42.70995612053928,6.625206252948166
31,3,7,4.377142857142857,-1.6651600768538326,0.011362722595131039,-1.6765227994489635,1.0,0.0,0.9234491975109742,1.4153338458228653,18.88483813579718,46.06476610051641,9.664895541640735
31,3,7,4.64,-1.8160666131278616,0.011362722595131039,-1.8274293357229927,1.0,0.0,0.9431286474204539,1.4474985402897003,11.810232322306819,33.562577655520805,1.076832274262845
31,3,7,4.902857142857142,-1.5844497422066524,0.011362722595131039,-1.5958124648017833,1.0,0.0,0.9489942294110578,1.4411403185519658,7.629768329625598,22.325048950309913,1.3836673187775896
31,3,7,5.1657142857142855,-1.2999156054917478,0.011362722595131039,-1.311278328086879,1.0,0.0,0.9518364497475986,1.45323279341842,4.610310251295531,14.860666083202435,3.1949560982213225
31,3,7,5.428571428571429,-1.056846083359061,0.011362722595131039,-1.0682088059541919,1.0,0.0,0.9530437056084619,1.4494750259451143,2.5450816866385235,5.1846375367299125,3.357578343151029
31,3,7,5.691428571428571,-0.8576731305313273,0.011362722595131039,-0.8690358531264584,1.0,0.0,0.9530781540244269,1.4385298796792798,2.136324716830073,4.369774673218659,2.8405998032376862
31,3,7,5.954285714285714,-0.6952153276003072,0.011362722595131039,-0.7065780501954382,1.0,0.0,0.9530018184250529,1.4315649195750006,2.760165939434668,6.459142138077768,2.5779297554089258
31,3,7,6.217142857142857,-0.5666918981403183,0.011362722595131039,-0.5780546207354493,1.0,0.0,0.9536278409257729,1.4289879709875806,2.868363838855136,6.8950305795110545,2.175812851363467
31,3,7,6.4799999999999995,-0.4750511394945437,0.011362722595131039,-0.4864138620896747,1.0,0.0,0.9548477915756817,1.4281553412168122,2.6516453745742528,6.117539772482598,1.4414387343560475
31,3,7,6.742857142857142,-0.3996630121832247,0.006552494235918212,-0.4062155064191429,0.9671991017264258,0.0,0.9565061232653822,1.4290706031138494,2.313150746899879,5.18736500430054,0.27361302852272945
31,3,7,7.005714285714285,-0.3258168248344415,-0.04142510003548726,-0.2843917247989543,0.7844476532096374,0.0,0.9582942396698023,1.4279088924610976,1.7505812329366377,3.751573942103428,1.9458014983179601
31,3,7,7.268571428571428,-0.2774458929675965,-0.13161207199881308,-0.14583382096878336,0.47679520179622625,0.0,0.959406635962558,1.4243450396828985,1.029135032720458,2.0540353704512113,2.411037663624794
31,3,7,7.531428571428571,-0.25307746236676515,-0.20815943083839383,-0.044918031528371344,0.1798412120634276,0.0,0.9594747427225008,1.421229920641414,0.43489722299030076,0.7310037334886342,1.5437327266916252
31,3,7,7.794285714285714,-0.2343770343401291,-0.23027662396010606,-0.00410041038002303,0.020778930647087083,0.0,0.9591955762476078,1.419877660926624,0.08638993739966146,0.12376715156399803,0.392064143787378
31,3,7,8.057142857142857,-0.20888687746605433,-0.20888687746592857,-1.2577128921664737e-13,0.0,0.0,0.9591739557069122,1.4193252262678864,0.02080605373132803,0.05970653783973213,0.049285258894758585
31,3,7,8.32,-0.1816046259932892,-0.18160462599328644,-2.760247759525658e-15,0.0,0.0,0.9591622305423684,1.4187935943913734,0.01943742219118192,0.048672127530594196,0.05379660655911765
31,3,7,8.582857142857144,-0.15587175955055527,-0.15587175955049298,-6.228559074755724e-14,0.0,0.0,0.9591131146867264,1.4183479503920224,0.018438420393801558,0.03961622857079847,0.05129398732248773
31,3,7,8.845714285714285,-0.13265872976666587,-0.13265872976652274,-1.4313284758815658e-13,0.0,0.0,0.9590491436683255,1.4179810591584858,0.016810065743124186,0.032219828400299785,0.045378762242358935
31,3,7,9.108571428571427,-0.11223966669226486,-0.11223966669211387,-1.5099355316419705e-13,0.0,0.0,0.9589820491108261,1.417681752019442,0.014967799800322255,0.02820745814593932,0.03815608850590111
31,3,7,9.37142857142857,-0.09453978602012801,-0.09453978602004795,-8.006718682160297e-14,0.0,0.0,0.9589176285450769,1.4174386667785919,0.013136587196417417,0.025223649507947258,0.030781349248712925
31,3,7,9.634285714285713,-0.07931780028053577,-0.07931780028053459,-1.1801059261740133e-15,0.0,0.0,0.9588584049326532,1.4172417581235834,0.011426452750932752,0.021812403357094494,0.02387707298228373
31,3,7,9.897142857142857,-0.06625681195271171,-0.06625681195261136,-1.0034900731550889e-13,0.0,0.0,0.9588050630583226,1.4170827519261204,0.009880115997491999,0.018407206425214564,0.017788227351671505
31,3,7,10.16,-0.05500575227399878,-0.05500575227396253,-3.6253254087972864e-14,0.0,0.0,0.9587572108799339,1.416955063536449,0.008498192007579673,0.015233524648970515,0.012723324351323834
31,3,7,10.422857142857143,-0.04519769669868785,-0.04519769669864135,-4.650417420939968e-14,0.0,0.0,0.9587137859981635,1.4168534032252353,0.007252260207386972,0.012392995771132549,0.00881286319949598
31,3,7,10.685714285714285,-0.03646337669589255,-0.03646337669573743,-1.5511392300812667e-13,0.0,0.0,0.9586733098771072,1.4167731788919598,0.0060941008231779215,0.00990725967403447,0.006103208989667432
31,3,7,10.948571428571427,-0.028453267527330257,-0.028453267527173812,-1.564440423994923e-13,0.0,0.0,0.9586341294694453,1.4167097946184053,0.004966744169387691,0.007738542621887954,0.004507750137335124
31,3,7,11.21142857142857,-0.02087680403820582,-0.020876804038135792,-7.002878577586428e-14,0.0,0.0,0.9585947436782016,1.4166579911032078,0.003818494104562043,0.005799309932645694,0.003755395001668991
31,3,7,11.474285714285713,-0.013560520313216928,-0.013560520313137807,-7.911960176647596e-14,0.0,0.0,0.9585542664635793,1.4166114541817731,0.002615611380218776,0.0039612926698863555,0.00333548740467655
31,3,7,11.737142857142857,-0.006516755732774403,-0.0065167557327648,-9.603361996683019e-15,0.0,0.0,0.958513007879619,1.4165630089115375,0.0013452692445081844,0.0020736355314956863,0.002431005357121053
31,3,7,12.0,0.0,0.0,0.0,0.0,0.0,0.958473035806439,1.416505796397901,0.0,0.0,0.0
32,4,0,2.8,27.684845730396482,0.022828594026293288,27.66201713637019,1.0,0.0,1.883400231675644,5.148990156439942,41.65136680551844,127.81116355553598,72.01078905678807
32,4,0,3.0628571428571427,13.445895317712226,0.022828594026293288,13.423066723685933,1.0,0.0,1.3935017124687674,2.9000167861466086,27.03460636320816,77.22923288962522,81.47278738782715
32,4,0,3.3257142857142856,9.02919936103041,0.022828594026293288,9.006370767004116,1.0,0.0,1.1373926540695565,2.091903766285722,15.170464757806442,28.01378102200382,29.03611817428482
32,4,0,3.588571428571428,1.1919175893165856,0.022828594026293288,1.1690889952902923,1.0,0.0,0.9809226623964717,1.6317058157255868,10.160435608189227,22.29845993122361,15.928755374100458
32,4,0,3.8514285714285714,-1.3392343921316137,0.022828594026293288,-1.362062986157907,1.0,0.0,0.9467551224517617,1.5467171560897626,7.69938886216688,17.18425362112058,5.9074230573700754
32,4,0,4.114285714285714,-2.8295483660213696,0.022828594026293288,-2.8523769600476627,1.0,0.0,0.9623853575130397,1.496278197876871,8.838419905555462,21.2686638111593,1.98151352516186
32,4,0,4.377142857142857,-2.6151423580637894,0.022828594026293288,-2.637970952090083,1.0,0.0,0.9626629384491909,1.4846696441357623,4.614612203996229,10.916700371316589,2.1156089925961648
32,4,0,4.64,-2.2487182312140064,0.022828594026293288,-2.2715468252402995,1.0,0.0,0.965727800972062,1.493968177384412,2.8503635027759207,5.924404054009177,1.2183146254425354
32,4,0,4.902857142857142,-1.7741780014141226,0.022828594026293288,-1.797006595440416,1.0,0.0,0.9676129811024433,1.4700159107321251,2.240561501142828,3.844491903650381,1.640124311102744
32,4,0,5.1657142857142855,-1.3761429049181007,0.022828594026293288,-1.398971498944394,1.0,0.0,0.9668527368911516,1.4500517797580752,1.8105483187224902,3.360631071634758,1.1308310111545596
32,4,0,5.428571428571429,-1.097497053007735,0.022828594026293288,-1.1203256470340284,1.0,0.0,0.9632686676942985,1.4259180700851422,1.4335851060826736,2.3924827844132186,1.1238338196393738
32,4,0,5.691428571428571,-0.8724759889688154,0.022828594026293288,-0.8953045829951087,1.0,0.0,0.9606313063440508,1.4172828580104726,0.9384657029262163,1.505741953681419,0.9823354063217336
32,4,0,5.954285714285714,-0.687961104947901,0.022828594026293288,-0.7107896989741943,1.0,0.0,0.9595451659539757,1.414192911378482,0.8598894569317908,1.7248914362583738,0.7690832936459011
32,4,0,6.217142857142857,-0.5412725800766388,0.022828594026293288,-0.564101174102932,1.0,0.0,0.9598800054892805,1.4144538059448692,1.1852543619703104,3.0433605610442016,0.5737375276905672
32,4,0,6.4799999999999995,-0.4328939691080966,0.022828594026293288,-0.45572256313438986,1.0,0.0,0.9609036628516587,1.4175358197803734,1.4309161826709622,3.9810818081397445,0.34131548607474504
32,4,0,6.742857142857142,-0.3549047379341142,0.020167036759319534,-0.3750717746934338,0.9671991017264268,0.0,0.9616120371721942,1.420215910510712,1.4390998641592252,3.9185704721641117,0.1816643877074275
32,4,0,7.005714285714285,-0.3016680819305834,-0.027014336422063478,-0.27465374550851995,0.7844476532096393,0.0,0.9610771728608206,1.4222360374303298,1.0918221679966003,2.7156729090295557,0.0479595966383842
32,4,0,7.268571428571428,-0.28429290414306607,-0.1289557074534055,-0.1553371966896606,0.4767952017962296,0.0,0.9596143389355388,1.4208365586993341,0.5767217325366922,1.2347499301853675,0.08694427736046821
32,4,0,7.531428571428571,-0.279137469100402,-0.22479476568169915,-0.054342703418702856,0.1798412120634308,0.0,0.9584428514128451,1.418450808182764,0.18816192258532524,0.4614244415993618,0.032078076019513006
32,4,0,7.794285714285714,-0.2672756030233985,-0.2615770990156529,-0.005698504007745581,0.020778930647087437,0.0,0.9580550869672184,1.4164581743049114,0.046803516865696025,0.07972703380256232,0.036966389965851415
32,4,0,8.057142857142857,-0.2455983032269308,-0.2455983032268407,-9.008808629640263e-14,0.0,0.0,0.9580074903793655,1.416163652465612,0.029222953727291924,0.07006691092609997,0.05357767622471214
32,4,0,8.32,-0.21983124313452948,-0.21983124313452826,-1.2001077215328949e-15,0.0,0.0,0.9580072480287134,1.4162036484697276,0.024417904556095285,0.05743510029084814,0.05951186599658628
32,4,0,8.582857142857144,-0.19381662417963433,-0.19381662417952716,-1.071696195328875e-13,0.0,0.0,0.9580287440499256,1.4162344653968983,0.02182778617817297,0.04693107359241623,0.056160028589711836
32,4,0,8.845714285714285,-0.16926758445422724,-0.1692675844542223,-4.960445249002632e-15,0.0,0.0,0.9580593610697725,1.4162580936883276,0.019921081071759935,0.03824255257973985,0.04837695612372772
32,4,0,9.108571428571427,-0.1469219432176671,-0.14692194321770946,4.236380257011119e-14,0.0,0.0,0.958092505106919,1.4162760185270173,0.01775866201841284,0.03293184493508497,0.03892489108794067
32,4,0,9.37142857142857,-0.1269925801688288,-0.1269925801688376,8.800789957907896e-15,0.0,0.0,0.9581248697882916,1.416289199997504,0.01562050155444985,0.028640962842811427,0.02930534451572043
32,4,0,9.634285714285713,-0.10941094244843406,-0.1094109424484469,1.2841152620401975e-14,0.0,0.0,0.9581549645831838,1.4162979610043938,0.013632751548505614,0.024002033086895795,0.02033810187129736
32,4,0,9.897142857142857,-0.09395154413325164,-0.09395154413320508,-4.656417959547632e-14,0.0,0.0,0.9581823279166916,1.4163018343706557,0.011834961189829503,0.019525057827186307,0.012515232425496346
32,4,0,10.16,-0.08028854845228806,-0.0802885484522315,-5.655507637723767e-14,0.0,0.0,0.9582071146870991,1.4162994711483279,0.010222999372446228,0.015476690092353917,0.006219655444892215
32,4,0,10.422857142857143,-0.06801797420389728,-0.06801797420382069,-7.659687532683701e-14,0.0,0.0,0.958229879449279,1.4162887540979128,0.008763842112396164,0.012795980786801534,0.002036477328308238
32,4,0,10.685714285714285,-0.05667174614194923,-0.056671746141869164,-8.006718682160297e-14,0.0,0.0,0.9582514409189509,1.4162672783451524,0.007401843150614879,0.011314483075030267,0.0018772200610946642
32,4,0,10.948571428571427,-0.045747018132795844,-0.04574701813275505,-4.0793661634438984e-14,0.0,0.0,0.9582727457476246,1.4162333343572815,0.0060700189597905786,0.009473261954689897,0.0022554088750187952
32,4,0,11.21142857142857,-0.034771521681227706,-0.03477152168126055,3.2842947979283555e-14,0.0,0.0,0.9582946704817097,1.416187427528205,0.004706895144701204,0.007235029310900436,0.0012053235797467874
32,4,0,11.474285714285713,-0.0234188449347287,-0.023418844934685813,-4.288384924944211e-14,0.0,0.0,0.9583177258469082,1.4161852766786451,0.003266637715830596,0.004691536327036067,0.000978857860506178
32,4,0,11.737142857142857,-0.01167165679998249,-0.011671656799998806,1.631646456400765e-14,0.0,0.0,0.9583416722089542,1.4162071832301815,0.0017112456831093682,0.0022669918763345434,0.0019729156743491516
32,4,0,12.0,0.0,0.0,0.0,0.0,0.0,0.9583651365301552,1.4162283160050353,0.0,0.0,0.0
33,4,1,2.8,31.260675665201518,0.014450732690045204,31.246224932511474,1.0,0.0,1.5688418185133384,3.7779390246117077,60.843233860418124,113.85913207895314,141.14521131838816
33,4,1,3.0628571428571427,22.987591468321178,0.014450732690045204,22.973140735631134,1.0,0.0,0.8796575306978575,1.6300129119376134,61.46415600283395,203.49872485769123,168.92206111318956
33,4,1,3.3257142857142856,16.755985645983593,0.014450732690045204,16.74153491329355,1.0,0.0,1.2657578775272322,2.090151864693101,24.670874881148443,68.24081408945867,14.139013565862285
33,4,1,3.588571428571428,6.197596414895713,0.014450732690045204,6.1831456822056685,1.0,0.0,1.174793161679767,1.844298205059656,23.440517975020235,69.68942271603045,16.220491619363393
33,4,1,3.8514285714285714,1.0560815719286094,0.014450732690045204,1.041630839238564,1.0,0.0,0.9519192642749706,1.5521609558079696,18.005439929295406,39.2292594239236,24.04047649274178
33,4,1,4.114285714285714,-1.6581492952504349,0.014450732690045204,-1.67260002794048,1.0,0.0,0.9650623077935517,1.5684948949032296,12.212959192686672,31.181901841064146,17.3751043390079
33,4,1,4.377142857142857,-2.371563808661097,0.014450732690045204,-2.3860145413511415,1.0,0.0,0.9394383321362826,1.4441340915047483,7.434750603131218,21.284839673508174,3.7061676316477636
33,4,1,4.64,-2.051244599786586,0.014450732690045204,-2.065695332476631,1.0,0.0,0.9453242530826842,1.440262507066742,5.402248261200401,16.52344847885449,2.102976846677854
33,4,1,4.902857142857142,-1.613679841852136,0.014450732690045204,-1.628130574542181,1.0,0.0,0.9554817234426572,1.4610595463806426,5.172573937983758,17.396671112961908,1.090980018438637
33,4,1,5.1657142857142855,-1.3001158297361195,0.014450732690045204,-1.3145665624261649,1.0,0.0,0.9596793551357005,1.4690146227643452,6.436802256741317,23.197381378034073,0.11913560311018001
33,4,1,5.428571428571429,-1.0453824946729857,0.014450732690045204,-1.0598332273630309,1.0,0.0,0.95715209509722,1.4530926503126922,7.393914259889183,25.95101464774704,1.095569854844512
33,4,1,5.691428571428571,-0.8349479714657827,0.014450732690045204,-0.849398704155828,1.0,0.0,0.9529688586927467,1.4291393494682758,6.8560654121601985,21.548217741196662,2.1515804151843403
33,4,1,5.954285714285714,-0.6681395165363119,0.014450732690045204,-0.682590249226357,1.0,0.0,0.9522565257514259,1.4176087921892246,5.210491835930444,12.950670880892792,2.3165021444244522
33,4,1,6.217142857142857,-0.5360883949545882,0.014450732690045204,-0.5505391276446333,1.0,0.0,0.9546700683385341,1.4186398202480142,3.4097894386077074,6.981819303547621,1.5569104313951636
33,4,1,6.4799999999999995,-0.42993638517761734,0.014450732690045204,-0.4443871178676625,1.0,0.0,0.9580446873896445,1.4242109814737294,2.7328120311096966,4.687114821591007,0.5257169579087027
33,4,1,6.742857142857142,-0.3402463318957912,0.012809136754868278,-0.35305546865065945,0.9671991017264268,0.0,0.9608252205148631,1.4291014053460103,2.8456534177485144,6.6075952992815274,0.4552771137485862
33,4,1,7.005714285714285,-0.26879409010181354,-0.02422416398210288,-0.24456992611971065,0.7844476532096384,0.0,0.9616879952782336,1.4294250920344274,2.3476223257317854,6.2959569729051825,0.7878743488568838
33,4,1,7.268571428571428,-0.23783310532618412,-0.10605814288793532,-0.1317749624382488,0.47679520179622736,0.0,0.960586937187483,1.4249906068791085,1.3293552744840789,3.622464611933624,0.3922294408705123
33,4,1,7.531428571428571,-0.227636737025375,-0.18297292366036852,-0.04466381336500649,0.17984121206342998,0.0,0.959082067189503,1.4197429983041672,0.433692584212784,1.1229599561704915,0.03231009776680592
33,4,1,7.794285714285714,-0.21640451801586688,-0.21179829880229076,-0.004606219213576131,0.020778930647087437,0.0,0.9583994764748613,1.4165293024051393,0.049814601540403555,0.08601897529356162,0.04265749467685118
33,4,1,8.057142857142857,-0.19790328133219562,-0.19790328133216004,-3.5603195738809214e-14,0.0,0.0,0.9583478250015922,1.4162300425828538,0.022179924523392704,0.05014991637385728,0.05706659093135858
33,4,1,8.32,-0.17603194466304123,-0.1760319446630592,1.796161223227566e-14,0.0,0.0,0.9583600814158585,1.4162800013043635,0.020139598162482487,0.04096818388826091,0.059240203638540656
33,4,1,8.582857142857144,-0.15401056472676006,-0.1540105647267618,1.7401561962226975e-15,0.0,0.0,0.9583729123178772,1.416315911633426,0.018964631084133373,0.039541204513642035,0.055018340501432686
33,4,1,8.845714285714285,-0.1333118708915292,-0.13331187089148938,-3.982357455953323e-14,0.0,0.0,0.9583846712235818,1.4163410672407024,0.017271104745522754,0.03765489316121119,0.047923770615095604
33,4,1,9.108571428571427,-0.11456339487892095,-0.11456339487890416,-1.6801508101460527e-14,0.0,0.0,0.9583947624481495,1.416358115414274,0.015417417254857037,0.033867707464742484,0.03989876906463721
33,4,1,9.37142857142857,-0.09793869768338952,-0.09793869768344793,5.840524244793422e-14,0.0,0.0,0.9584030889058299,1.4163691187307939,0.013590786732880169,0.02938412158809454,0.03197793409966102
33,4,1,9.634285714285713,-0.08337041301721783,-0.08337041301726071,4.288384924944211e-14,0.0,0.0,0.9584097829139966,1.4163756491794162,0.011881441177789658,0.024850755716684044,0.02470459974710726
33,4,1,9.897142857142857,-0.07066147997307194,-0.07066147997311256,4.062364637388849e-14,0.0,0.0,0.958415070479034,1.4163788682487892,0.01032389483661269,0.02059884186023253,0.018374159634631175
33,4,1,10.16,-0.059539085700446935,-0.05953908570040519,-4.174374691398586e-14,0.0,0.0,0.9584191961878774,1.4163795727245578,0.00891784977220311,0.0167817832925252,0.013164386488318398
33,4,1,10.422857142857143,-0.04967992027570796,-0.049679920275699896,-8.060723529629278e-15,0.0,0.0,0.9584223714668934,1.416378203568682,0.007638388768791691,0.013450418798326598,0.009182182062903865
33,4,1,10.685714285714285,-0.04072762817388914,-0.04072762817397082,8.168233179683266e-14,0.0,0.0,0.9584247293415091,1.4163748330480785,0.006442189431456121,0.01059124728373622,0.006439847864629136
33,4,1,10.948571428571427,-0.0323190984514273,-0.032319098451413994,-1.3306194362495971e-14,0.0,0.0,0.9584262840164754,1.4163691656173172,0.005274635725811163,0.008143354755594578,0.00479442866357236
33,4,1,11.21142857142857,-0.024132174417223057,-0.024132174417246858,2.3802136477069082e-14,0.0,0.0,0.9584269069620618,1.4163606081048954,0.004079910231763617,0.006005057831043954,0.003941050410228657
33,4,1,11.474285714285713,-0.01596079629027432,-0.015960796290310605,3.628325678101119e-14,0.0,0.0,0.9584263423990761,1.416348476181748,0.0028127961173079388,0.004039404759307994,0.0034184424451922856
33,4,1,11.737142857142857,-0.007812000331559244,-0.007812000331495208,-6.403574784145939e-14,0.0,0.0,0.958424290929683,1.4163323920268025,0.0014500640891727057,0.002087544191175969,0.00246152178087756
33,4,1,12.0,0.0,0.0,0.0,0.0,0.0,0.9584205843863878,1.416312869538328,0.0,0.0,0.0
34,4,2,2.8,19.731423126813848,0.007539251920500225,19.72388387489335,1.0,0.0,2.0964440647929954,5.950797807257399,78.57945220431347,217.72508960713697,97.25361103385389
34,4,2,3.0628571428571427,24.86084451262936,0.007539251920500225,24.853305260708858,1.0,0.0,1.5917657767937374,3.8164219166990665,44.655593920251384,90.54035066957712,30.986579629700095
34,4,2,3.3257142857142856,1.964324984857174,0.007539251920500225,1.9567857329366738,1.0,0.0,1.5256969835283223,4.1674014938473425,27.894112723018537,55.6513048598049,36.10532369610081
34,4,2,3.588571428571428,1.482484802940576,0.007539251920500225,1.4749455510200757,1.0,0.0,0.7911313217352202,2.1207734847359565,26.015708512101995,48.78163653257932,53.70837918901216
34,4,2,3.8514285714285714,9.941244570840379,0.007539251920500225,9.933705318919879,1.0,0.0,1.1275226767568456,2.6225781661745926,38.492255356776646,103.96479133872624,17.266583272434612
34,4,2,4.114285714285714,21.263667718185275,0.007539251920500225,21.256128466264773,1.0,0.0,0.6150974396188987,0.867668403036553,24.301062838453287,64.12929583244775,5.942848721351685
34,4,2,4.377142857142857,15.915243806378463,0.007539251920500225,15.907704554457963,1.0,0.0,1.2009939093811886,2.20617010732872,8.267616172767546,19.28786807225421,2.4164857288532873
34,4,2,4.64,5.696465437524476,0.007539251920500225,5.688926185603975,1.0,0.0,1.0418900160753566,1.9188002253479048,6.2493697666332855,9.841789613603154,1.9549262474227187
34,4,2,4.902857142857142,1.3863227731838896,0.007539251920500225,1.3787835212633894,1.0,0.0,0.9576333450634286,1.5163508261608474,6.046484965714046,9.429807662808201,1.9368998435485183
34,4,2,5.1657142857142855,-0.1921033122394463,0.007539251920500225,-0.19964256415994652,1.0,0.0,0.9561284508388097,1.4464283028087261,5.3428228520833265,11.517930587655126,1.7478878181950144
34,4,2,5.428571428571429,-0.7207631868252764,0.007539251920500225,-0.7283024387457765,1.0,0.0,0.9544954865185143,1.4242773525785366,4.652827339412342,13.545692326621745,0.9172950050229546
34,4,2,5.691428571428571,-0.7476737709573397,0.007539251920500225,-0.7552130228778399,1.0,0.0,0.9557515194661057,1.4232090898877736,4.4249185559612,14.98969955306005,0.30182918355640664
34,4,2,5.954285714285714,-0.6279343978694395,0.007539251920500225,-0.6354736497899397,1.0,0.0,0.9583675312851231,1.43288405278149,4.6072638638723316,15.392270935560768,1.3311860876805794
34,4,2,6.217142857142857,-0.4977776009495641,0.007539251920500225,-0.5053168528700643,1.0,0.0,0.9611476494284409,1.438852051894511,4.749914988358591,14.76272543089201,2.0083278334579453
34,4,2,6.4799999999999995,-0.3818265641919004,0.007539251920500225,-0.3893658161124007,1.0,0.0,0.9624428626265615,1.4390688859823646,4.576708710258157,13.410357941698884,2.130318810297064
34,4,2,6.742857142857142,-0.28260822737112207,0.004758355551509249,-0.2873665829226313,0.9671991017264264,0.0,0.9618721573004041,1.4359707068638916,4.012728179585848,11.338402110257602,1.6409668550639078
34,4,2,7.005714285714285,-0.21987417917838517,-0.03649961796349426,-0.18337456121489093,0.7844476532096384,0.0,0.9601217301381484,1.4317421079596362,2.828625251133717,7.822894463670817,0.4202750476562903
34,4,2,7.268571428571428,-0.21568865043083402,-0.12005275907046832,-0.09563589136036568,0.47679520179622736,0.0,0.9587745149997634,1.426665375198588,1.4859537342414957,3.95801969390188,0.6621843947090057
34,4,2,7.531428571428571,-0.22701561091586672,-0.19272136757045083,-0.034294243345415885,0.17984121206342998,0.0,0.9584702131758235,1.4209273372471785,0.5043119028724099,1.203448442415331,0.7524276893986845
34,4,2,7.794285714285714,-0.21815950095980463,-0.21423376196712826,-0.0039257389926763645,0.020778930647087437,0.0,0.9585793557624802,1.4169644286106233,0.07606123478416474,0.12072174339464682,0.2754881929543765
34,4,2,8.057142857142857,-0.19424894534790005,-0.19424894534787585,-2.4202172384246713e-14,0.0,0.0,0.9585385651574159,1.4163531776044498,0.02120529903966384,0.0380238199919946,0.077717458929047
34,4,2,8.32,-0.16812766511146263,-0.16812766511150282,4.01836068759931e-14,0.0,0.0,0.9584843665254175,1.416381592155236,0.020153944040314144,0.0411762472935391,0.07444966963264879
34,4,2,8.582857142857144,-0.14325231422651746,-0.14325231422656626,4.880438067567106e-14,0.0,0.0,0.9584546539099106,1.4164015838011836,0.01836509117453661,0.0416497345251156,0.06682452532030357
34,4,2,8.845714285714285,-0.12077293633900206,-0.12077293633909357,9.150821376688323e-14,0.0,0.0,0.9584392105570988,1.4164151120883295,0.016354194063497907,0.03893632010227027,0.057673342997611274
34,4,2,9.108571428571427,-0.10104738309484151,-0.10104738309486726,2.5742310626880596e-14,0.0,0.0,0.9584319589207005,1.416423640642242,0.014387549847786502,0.03481802325564684,0.04845355960650576
34,4,2,9.37142857142857,-0.0840357241334278,-0.08403572413337149,-5.6315054832931094e-14,0.0,0.0,0.9584292902767381,1.416428155906113,0.012582954493782826,0.030268549968407162,0.03987726174614844
34,4,2,9.634285714285713,-0.06950876103625882,-0.06950876103625495,-3.8803482996230266e-15,0.0,0.0,0.9584290838012853,1.4164291300497716,0.010977130057101174,0.02580011541454636,0.03226379721615909
34,4,2,9.897142857142857,-0.057154396090632574,-0.057154396090692686,6.011539595111859e-14,0.0,0.0,0.958430117449565,1.4164264759583016,0.009564579391744134,0.021662367230085713,0.025733950803562552
34,4,2,10.16,-0.046629399911023,-0.04662939991111749,9.448848127535659e-14,0.0,0.0,0.9584316995790175,1.4164195619585271,0.00831761343421155,0.017953921578305932,0.020307880490359583
34,4,2,10.422857142857143,-0.03758528705940842,-0.037585287059508664,1.0024399788987476e-13,0.0,0.0,0.9584334216199186,1.4164073567797586,0.0071945747070645905,0.014683072615698397,0.015941388086974928
34,4,2,10.685714285714285,-0.02968664237782631,-0.029686642377795797,-3.051273881997385e-14,0.0,0.0,0.9584349779405011,1.4163887584320949,0.006142605618023482,0.011800369643432769,0.01252379388248583
34,4,2,10.948571428571427,-0.022633377523067124,-0.022633377523149284,8.216237488544582e-14,0.0,0.0,0.9584360332034686,1.416363122944639,0.005100176404908268,0.009218303370685941,0.009858662871650084
34,4,2,11.21142857142857,-0.01619223505814514,-0.016192235058216747,7.160642738479607e-14,0.0,0.0,0.9584361452664355,1.416330949020396,0.0040027889532487865,0.006829110519862007,0.007650167060092242
34,4,2,11.474285714285713,-0.010235933865946699,-0.010235933865935219,-1.1479780423788098e-14,0.0,0.0,0.9584347724405793,1.4162945899771826,0.0027946778577716165,0.004528454460077776,0.005518316316617822
34,4,2,11.737142857142857,-0.004780200695743986,-0.004780200695801065,5.707887339319838e-14,0.0,0.0,0.9584314019172006,1.4162587488823102,0.0014494448740854484,0.00224877598425803,0.0030643030829131408
34,4,2,12.0,0.0,0.0,0.0,0.0,0.0,0.9584258203316972,1.4162303548821236,0.0,0.0,0.0
35,4,3,2.8,33.9538944662139,0.02269412375637157,33.93120034245754,1.0,0.0,1.8726976020411712,3.9102446419374832,39.609914599779785,95.46621186765746,111.02565785316642
35,4,3,3.0628571428571427,17.247800942524762,0.02269412375637157,17.225106818768392,1.0,0.0,1.4712665936790572,2.5558113967932794,26.63936896175435,45.673652735343346,90.79180764463152
35,4,3,3.3257142857142856,8.771274286712881,0.02269412375637157,8.74858016295651,1.0,0.0,1.2270866990139724,2.2888176776633573,12.679291141538851,48.6227571551981,27.26046423959832
35,4,3,3.588571428571428,7.2589203493638434,0.02269412375637157,7.236226225607472,1.0,0.0,1.280540116061195,2.1374243925520124,15.094836098432953,48.40540042351839,32.05859354168151
35,4,3,3.8514285714285714,0.4230964249946472,0.02269412375637157,0.40040230123827564,1.0,0.0,1.077182802842263,1.602159120573242,8.607359741143831,27.884595136999835,21.52116138856653
35,4,3,4.114285714285714,-2.104790066389443,0.02269412375637157,-2.127484190145815,1.0,0.0,0.9798034124775722,1.5488211577875597,2.037545516278901,3.474134592338546,3.7832394421300912
35,4,3,4.377142857142857,-2.5086073474114237,0.02269412375637157,-2.5313014711677955,1.0,0.0,0.9574037054595443,1.4724340875524402,0.9187903974184727,1.922368674079592,0.5841426711766158
35,4,3,4.64,-2.216412257265274,0.02269412375637157,-2.239106381021646,1.0,0.0,0.9508907919157081,1.4479609629713024,0.7854497511698434,1.4319686935587457,1.60598586315346
35,4,3,4.902857142857142,-1.7491938130745843,0.02269412375637157,-1.771887936830956,1.0,0.0,0.9572345031457683,1.4497108055199739,0.6351920803589903,1.2281431676410812,1.6831889204147263
35,4,3,5.1657142857142855,-1.3572642783047688,0.02269412375637157,-1.3799584020611404,1.0,0.0,0.9633306756729556,1.4428387508270581,0.543385938923972,1.0840617335835192,1.2764728740983209
35,4,3,5.428571428571429,-1.062232367537939,0.02269412375637157,-1.0849264912943106,1.0,0.0,0.9645791615520632,1.4277264592817418,0.5159986521519182,1.0315376979902884,1.054519185856112
35,4,3,5.691428571428571,-0.8291563216984631,0.02269412375637157,-0.8518504454548347,1.0,0.0,0.9626946938105668,1.414837957788482,0.4858230456932979,1.0145552575852597,0.8280442054340462
35,4,3,5.954285714285714,-0.6598493765256658,0.02269412375637157,-0.6825435002820373,1.0,0.0,0.9605972430700926,1.4074143747994792,0.42149645345868675,0.9409722146834538,0.5591111409678685
35,4,3,6.217142857142857,-0.5395878950339645,0.02269412375637157,-0.5622820187903361,1.0,0.0,0.9597550461834292,1.4064295593253884,0.35020430086772686,0.8129328978404194,0.36166919433358186
35,4,3,6.4799999999999995,-0.4505143963135028,0.02269412375637157,-0.47320852006987435,1.0,0.0,0.9600223543159755,1.4107197266423068,0.296791666286736,0.6741682349384914,0.23965114479068253
35,4,3,6.742857142857142,-0.3756878303149483,0.019672753705800725,-0.395360584020749,0.9671991017264268,0.0,0.9605809223280992,1.4166754100908103,0.24816925880329863,0.5408767103243023,0.24955934073537406
35,4,3,7.005714285714285,-0.31335037476591826,-0.028065637882487834,-0.2852847368834304,0.7844476532096384,0.0,0.9604047965929652,1.4214441195860834,0.17483855974923368,0.3731744706316712,0.1507438945035494
35,4,3,7.268571428571428,-0.2865526783474229,-0.1294959370835022,-0.15705674126392064,0.47679520179622853,0.0,0.9593706826935285,1.4220866430615475,0.10024822385004685,0.2024503960545615,0.042353189795932555
35,4,3,7.531428571428571,-0.2778125771689265,-0.22414678125655466,-0.05366579591237186,0.17984121206342998,0.0,0.9583704217548025,1.419239036761002,0.050781172553955506,0.09847802076693578,0.024249012453090437
35,4,3,7.794285714285714,-0.26554593534651083,-0.2600083699269018,-0.005537565419609014,0.020778930647087437,0.0,0.9580106840915239,1.4166543399091134,0.03492169436455414,0.08033594084963079,0.03513236243134001
35,4,3,8.057142857142857,-0.24371349120846336,-0.24371349120847247,9.12081868365e-15,0.0,0.0,0.9579953719073906,1.4162607545355288,0.02775660037930716,0.06774952408879253,0.05324149501716461
35,4,3,8.32,-0.2179305553340514,-0.2179305553339513,-1.0008898397584342e-13,0.0,0.0,0.9580180117086778,1.416289431721025,0.023255725885564967,0.05546261710391738,0.057948519526226074
35,4,3,8.582857142857144,-0.19203113785588374,-0.1920311378558562,-2.7522470413821057e-14,0.0,0.0,0.9580515138533308,1.4163106464012858,0.021098947865649764,0.04527107437426948,0.05419072123047411
35,4,3,8.845714285714285,-0.16765541202383907,-0.16765541202374085,-9.824881880282633e-14,0.0,0.0,0.9580879191908815,1.4163260890488818,0.019259110855530077,0.03685298917159414,0.046459993440974574
35,4,3,9.108571428571427,-0.14550175272612623,-0.1455017527260889,-3.732335013967303e-14,0.0,0.0,0.958123322090404,1.4163370182417405,0.017191966507026504,0.032813928910364325,0.037280453384985826
35,4,3,9.37142857142857,-0.12576241636510954,-0.12576241636511923,9.680868953698686e-15,0.0,0.0,0.9581559756265146,1.4163442559472803,0.015141169843684193,0.028384188382962718,0.028018142502736997
35,4,3,9.634285714285713,-0.10835885293122943,-0.10835885293126157,3.21428851417227e-14,0.0,0.0,0.9581852952449911,1.4163481068812793,0.013220034819565575,0.023719136728530776,0.01941665231617318
35,4,3,9.897142857142857,-0.0930616431863678,-0.09306164318627329,-9.450848307071547e-14,0.0,0.0,0.9582113413099975,1.416348239391879,0.011472846032261293,0.01927181995652623,0.011921007715886264
35,4,3,10.16,-0.07954454531921447,-0.0795445453192468,3.234290309531152e-14,0.0,0.0,0.9582345577249788,1.4163436046032318,0.009902705206689389,0.015275543324750101,0.0058706009014643365
35,4,3,10.422857142857143,-0.06740525212975312,-0.06740525212970844,-4.468401083174145e-14,0.0,0.0,0.9582556372170847,1.4163325051590359,0.008481514590859584,0.012171301106961336,0.0017270160669211833
35,4,3,10.685714285714285,-0.05617849837817105,-0.056178498378210213,3.9163515312690136e-14,0.0,0.0,0.9582754285361575,1.416312943498875,0.007156700982678598,0.01074184203876924,0.0015802778944870048
35,4,3,10.948571428571427,-0.0453645839821694,-0.04536458398207387,-9.553857553169787e-14,0.0,0.0,0.9582948238240323,1.4162833656012386,0.005863855349763136,0.008976124383316696,0.002027033570722502
35,4,3,11.21142857142857,-0.034493867916745635,-0.034493867916682366,-6.326567872014244e-14,0.0,0.0,0.9583145817301666,1.4162438456346353,0.004543971496605017,0.00684035410639277,0.0010283270105680433
35,4,3,11.474285714285713,-0.02324110478056991,-0.02324110478047667,-9.32383690654265e-14,0.0,0.0,0.9583350656847852,1.4161975968527385,0.0031520148157004086,0.004424009248240727,0.0009094103687061141
35,4,3,11.737142857142857,-0.011587791141348409,-0.011587791141250555,-9.785378334448841e-14,0.0,0.0,0.958355919115107,1.4162103216876774,0.0016496106085000482,0.002142831555599965,0.0018896365284039054
35,4,3,12.0,0.0,0.0,0.0,0.0,0.0,0.95837577377444,1.416230915079056,0.0,0.0,0.0
36,4,4,2.8,25.51532092124833,0.009806894704714648,25.505514026543615,1.0,0.0,1.8470598773052782,3.29040377665095,53.04789393209984,115.81621520998003,131.26894011955397
36,4,4,3.0628571428571427,26.04569547129474,0.009806894704714648,26.035888576590025,1.0,0.0,2.216858986363008,6.576240766038995,84.07429836973216,176.80056623746637,158.12542710797592
36,4,4,3.3257142857142856,38.37860278959923,0.009806894704714648,38.36879589489451,1.0,0.0,1.5739268543567873,3.1168462998275777,50.046326821172414,153.3941734988839,36.414346946386544
36,4,4,3.588571428571428,20.361019620337636,0.009806894704714648,20.351212725632923,1.0,0.0,1.4697391878705666,3.9214963080626477,56.23352438992181,189.50434714692753,62.39503178125781
36,4,4,3.8514285714285714,10.756216289200454,0.009806894704714648,10.746409394495739,1.0,0.0,1.4299171506404393,2.8189557095136557,22.307357188934596,38.48391949174771,21.089061850733774
36,4,4,4.114285714285714,12.050145527552944,0.009806894704714648,12.040338632848231,1.0,0.0,0.8140400436400113,1.4615933406575483,15.483166009025837,49.19593808233082,12.918798988762513
36,4,4,4.377142857142857,19.372313573585974,0.009806894704714648,19.36250667888126,1.0,0.0,0.6485076050417969,1.0702900963474364,15.411151073254533,36.13503284172294,11.277386672484862
36,4,4,4.64,17.49699699227414,0.009806894704714648,17.487190097569428,1.0,0.0,1.052348031710413,1.87867705981221,12.898486644803972,30.99824302634229,5.433191330964236
36,4,4,4.902857142857142,7.650916758937377,0.009806894704714648,7.6411098642326625,1.0,0.0,1.2324631873440643,2.5217962718177733,9.17467404257245,22.2090530133006,0.9146360612140754
36,4,4,5.1657142857142855,1.1278730108479225,0.009806894704714648,1.118066116143208,1.0,0.0,1.0177344970132256,1.5187480232964603,7.43273328876847,14.827603023678256,4.137319026044279
36,4,4,5.428571428571429,-0.5113010560360959,0.009806894704714648,-0.5211079507408106,1.0,0.0,0.9757761238874572,1.466809049959291,6.723982886005766,13.095206097366322,1.6685753510174663
36,4,4,5.691428571428571,-0.8929856534500178,0.009806894704714648,-0.9027925481547325,1.0,0.0,0.9607169554879448,1.4284335955112895,6.414392215783188,13.350162698724342,1.3528384418165709
36,4,4,5.954285714285714,-0.8594007530938604,0.009806894704714648,-0.8692076477985752,1.0,0.0,0.9537072981361028,1.4283569822095084,5.8684820459823515,13.323536252845111,1.7506207826930777
36,4,4,6.217142857142857,-0.7096271816331653,0.009806894704714648,-0.7194340763378799,1.0,0.0,0.954168262484085,1.4339200947565491,4.999144952237321,11.326502244905678,0.8038760614955623
36,4,4,6.4799999999999995,-0.5626003140285935,0.009806894704714648,-0.5724072087333081,1.0,0.0,0.9567910353570227,1.4374538527839495,4.139113360941423,8.256655803498331,0.7036644388025375
36,4,4,6.742857142857142,-0.4251997948189832,0.003984936296134838,-0.429184731115118,0.9671991017264264,0.0,0.9585914771105841,1.4372045038656682,3.292077573075451,5.39906535321292,1.9862397431210816
36,4,4,7.005714285714285,-0.3177300172349971,-0.052761458384814344,-0.2649685588501828,0.7844476532096384,0.0,0.9588500550354813,1.4335031034277141,2.404995611370817,4.193022107668289,2.603101992743262
36,4,4,7.268571428571428,-0.27995618038643894,-0.15619873680958613,-0.12375744357685282,0.47679520179622736,0.0,0.9584848328065545,1.427536064933194,1.4330961240512115,2.6031241362765103,1.8414412796675468
36,4,4,7.531428571428571,-0.2776761719421893,-0.24023514467330748,-0.037441027268881835,0.17984121206342998,0.0,0.9584881462466932,1.42110724989537,0.5082266960128857,0.9198364733921344,0.7198977598539188
36,4,4,7.794285714285714,-0.26419323797753663,-0.2605409413774907,-0.0036522966000459524,0.020778930647087374,0.0,0.9586924278092613,1.4169450831137824,0.05216786033642951,0.08304418013755215,0.040550832381836335
36,4,4,8.057142857142857,-0.23247615968580512,-0.23247615968574506,-6.00453896673625e-14,0.0,0.0,0.958700564311715,1.4167989736188162,0.023937037222907298,0.048293337055946,0.10419681347170894
36,4,4,8.32,-0.19906039021681637,-0.19906039021681793,1.5601400379927633e-15,0.0,0.0,0.958664510921232,1.4167794498651585,0.021670732610235326,0.050271683004406376,0.09347269421658935
36,4,4,8.582857142857144,-0.16840115020949561,-0.1684011502095254,2.980267508473356e-14,0.0,0.0,0.9586386569960478,1.4167554719285527,0.019074338453266528,0.047564917353761456,0.08061801975977131
36,4,4,8.845714285714285,-0.1413418033954715,-0.14134180339544578,-2.5742310626880596e-14,0.0,0.0,0.9586193204429018,1.4167290551342433,0.01656160322813773,0.042767090578188185,0.06775224125667634
36,4,4,9.108571428571427,-0.11797724312162605,-0.1179772431215946,-3.1442822304161844e-14,0.0,0.0,0.9586041548965479,1.4167016558877192,0.014311675983532635,0.037276560824726364,0.0558621350163896
36,4,4,9.37142857142857,-0.09805583532551018,-0.09805583532555787,4.768428013557369e-14,0.0,0.0,0.9585916854230092,1.4166742689742253,0.012370980308264876,0.03182020832752615,0.04534535857735561
36,4,4,9.634285714285713,-0.08118195329216157,-0.08118195329220619,4.461400454798537e-14,0.0,0.0,0.9585809932157947,1.4166475093646986,0.010723188143671576,0.026751501045826295,0.03630910601637539
36,4,4,9.897142857142857,-0.06691237324519622,-0.06691237324519526,-9.50085279546875e-16,0.0,0.0,0.9585714895365152,1.4166216483910885,0.009326356601565155,0.022217482379384913,0.028729535969841156
36,4,4,10.16,-0.0547978268067566,-0.05479782680673733,-1.9271729828282403e-14,0.0,0.0,0.9585627358549027,1.4165965965719536,0.008126343951214168,0.018250112865811952,0.022526699008506127
36,4,4,10.422857142857143,-0.044400061560151693,-0.04440006156005233,-9.936891934292369e-14,0.0,0.0,0.9585542855624727,1.416571847942429,0.007062295359991743,0.014814176235568449,0.017585073604249664
36,4,4,10.685714285714285,-0.03530386788757205,-0.03530386788762142,4.9364430945719744e-14,0.0,0.0,0.9585455463324166,1.4165464284935916,0.006068877746165806,0.011831617365427075,0.013740443595871581
36,4,4,10.948571428571427,-0.02713675247869145,-0.027136752478678958,-1.2491121201621547e-14,0.0,0.0,0.9585356902696489,1.4165189222137637,0.005076708610425162,0.009195812357646752,0.010753054722357687
36,4,4,11.21142857142857,-0.019602910587226862,-0.01960291058722268,-4.182875454426111e-15,0.0,0.0,0.958523666588445,1.4164876732033342,0.004015313000080738,0.006785733886157816,0.00828951163289156
36,4,4,11.474285714285713,-0.012530937322522601,-0.012530937322446369,-7.623184256153742e-14,0.0,0.0,0.9585083885685209,1.4164512642015765,0.002823887225764034,0.004487160367432515,0.005937246068825607
36,4,4,11.737142857142857,-0.005925327035690309,-0.005925327035606932,-8.337748395349787e-14,0.0,0.0,0.9584891559114522,1.4164093234530193,0.0014735286900080555,0.0022243908344085493,0.003273279791939283
36,4,4,12.0,0.0,0.0,0.0,0.0,0.0,0.9584663094776438,1.4163635738131197,0.0,0.0,0.0
37,4,5,2.8,30.61707416758836,0.020181816459929156,30.59689235112843,1.0,0.0,1.7057576046990075,3.1430390097846814,85.69278629264646,187.08815942804603,130.97907342091042
37,4,5,3.0628571428571427,10.215839112383547,0.020181816459929156,10.195657295923619,1.0,0.0,1.047044441148124,1.9830706525109303,61.775381563680334,110.17968032264753,118.03517903096635
37,4,5,3.3257142857142856,10.644913546100877,0.020181816459929156,10.624731729640947,1.0,0.0,0.9090112180917904,1.6553136995588276,109.53077830336885,371.170607503842,19.60060675536776
37,4,5,3.588571428571428,2.1679847851182292,0.020181816459929156,2.1478029686583,1.0,0.0,1.1963190152536285,2.2066367909752675,133.98980902535317,534.4140046354344,18.820563238235472
37,4,5,3.8514285714285714,-2.211200264472385,0.020181816459929156,-2.2313820809323146,1.0,0.0,0.9640433088219943,1.551113547980146,81.98879301643187,336.6034548027846,15.483381794265924
37,4,5,4.114285714285714,-1.9027189269602702,0.020181816459929156,-1.9229007434201995,1.0,0.0,0.965900093480246,1.531048411164427,70.62376928619835,269.04024514710727,25.833815652079544
37,4,5,4.377142857142857,-1.8429665775566266,0.020181816459929156,-1.8631483940165559,1.0,0.0,0.9703671817345203,1.500858374932479,59.79134926121384,226.59896976590014,17.35478195834283
37,4,5,4.64,-1.8197454635635746,0.020181816459929156,-1.8399272800235038,1.0,0.0,0.9642651373390996,1.4918550955839758,19.950415804116346,72.8200262832061,8.886865385936257
37,4,5,4.902857142857142,-1.6048189052889068,0.020181816459929156,-1.625000721748836,1.0,0.0,0.9594766285962445,1.475701026951469,14.401288133195477,49.07454620653903,1.244093180052991
37,4,5,5.1657142857142855,-1.2984265089861882,0.020181816459929156,-1.3186083254461174,1.0,0.0,0.9588314183622966,1.452867049472517,17.291632504597054,62.3993763428077,0.8575104359276619
37,4,5,5.428571428571429,-1.0418077833993202,0.020181816459929156,-1.0619895998592495,1.0,0.0,0.9576287403366978,1.4303449232427923,13.810386661495587,48.65492532320205,1.3469788152836615
37,4,5,5.691428571428571,-0.851485343256245,0.020181816459929156,-0.8716671597161741,1.0,0.0,0.9556314306309865,1.4166503271114994,11.26842823011228,36.36487434730219,2.0462540874036335
37,4,5,5.954285714285714,-0.6939589858426952,0.020181816459929156,-0.7141408023026244,1.0,0.0,0.954846345233995,1.4133388655140744,10.676886197412797,31.78913760665707,2.208210511903927
37,4,5,6.217142857142857,-0.5500767954119653,0.020181816459929156,-0.5702586118718945,1.0,0.0,0.9560927393355207,1.4176443629853186,10.814706579637539,32.51086953716963,1.9644351730043028
37,4,5,6.4799999999999995,-0.43169549325311923,0.020181816459929156,-0.4518773097130484,1.0,0.0,0.9584346785895015,1.424122498456199,10.899444162517865,34.68315641750763,1.453177685392945
37,4,5,6.742857142857142,-0.3383797667485381,0.021408705198836617,-0.3597884719473747,0.9671991017264268,0.0,0.96049533678357,1.427325378172191,10.212799498644538,34.350103734076974,0.4335709453218055
37,4,5,7.005714285714285,-0.2638908860687126,-0.010923601999035212,-0.2529672840696774,0.7844476532096393,0.0,0.9610249208979436,1.4265881616321407,7.5898927312491455,26.56156055063783,0.8090795198941116
37,4,5,7.268571428571428,-0.2323040404503976,-0.09699191645163104,-0.13531212399876655,0.47679520179622853,0.0,0.9599792361268115,1.4218019079461648,3.9756091491395504,14.190841067338727,1.2267846016805177
37,4,5,7.531428571428571,-0.22859087304370423,-0.1848394480305443,-0.04375142501315993,0.1798412120634308,0.0,0.9587170156625573,1.4182356266056366,1.2163298111383407,4.305745296733954,0.7759771602698347
37,4,5,7.794285714285714,-0.22741779437067774,-0.22323299571796473,-0.00418479865271301,0.020778930647087437,0.0,0.9581747165468328,1.4167344793561738,0.11855075973312311,0.3638606737971451,0.19324420388220304
37,4,5,8.057142857142857,-0.21378571818625808,-0.21378571818621683,-4.124370203001382e-14,0.0,0.0,0.9581296373332208,1.4165134992280526,0.02589683560209759,0.0625259891705537,0.05967541064386722
37,4,5,8.32,-0.19361603239719216,-0.19361603239717431,-1.784160146012237e-14,0.0,0.0,0.958146769352146,1.4165187971148925,0.022659574812863018,0.051195449311045804,0.06180093278451136
37,4,5,8.582857142857144,-0.17194535978072883,-0.17194535978069678,-3.2062877960287174e-14,0.0,0.0,0.9581733843151078,1.4165193140493264,0.021238158256622074,0.0418344931864581,0.056940895627643165
37,4,5,8.845714285714285,-0.15084275568753314,-0.1508427556874838,-4.9364430945719744e-14,0.0,0.0,0.9582022523200925,1.4165163900982927,0.019243503673282633,0.03699875748418883,0.04893257481898603
37,4,5,9.108571428571427,-0.13128315792576808,-0.13128315792576553,-2.5602298059368424e-15,0.0,0.0,0.9582299495318471,1.4165110038340951,0.01709977015117762,0.03339941248605682,0.03992005961127335
37,4,5,9.37142857142857,-0.11364248231326332,-0.11364248231316354,-9.978895704546021e-14,0.0,0.0,0.9582550177784434,1.4165037917161312,0.015023787711625828,0.028923709174500215,0.031051072822729286
37,4,5,9.634285714285713,-0.09796864930852751,-0.09796864930845596,-7.154642199871942e-14,0.0,0.0,0.95827700921189,1.4164950079427832,0.013107383091123798,0.024314115197911393,0.022937737870239054
37,4,5,9.897142857142857,-0.08412406209340939,-0.08412406209331726,-9.212826942300856e-14,0.0,0.0,0.9582959886046878,1.416484443065661,0.011376170096495167,0.019959030753459665,0.015934647361776202
37,4,5,10.16,-0.07185471572861186,-0.07185471572850302,-1.0884977034303357e-13,0.0,0.0,0.9583122764950007,1.4164713455294575,0.009820554099713247,0.016049417908235157,0.01029621545781073
37,4,5,10.422857142857143,-0.060821314226733945,-0.060821314226756545,2.2602028755536187e-14,0.0,0.0,0.9583263171255527,1.4164544176217861,0.008408107047152773,0.012664458896736668,0.0062383627198993
37,4,5,10.685714285714285,-0.050618864084045,-0.05061886408396988,-7.512674336795921e-14,0.0,0.0,0.9583386053828005,1.4164319799358993,0.007089242214358961,0.009813694609336556,0.0038467159316481134
37,4,5,10.948571428571427,-0.04080727741209428,-0.04080727741207812,-1.6166451098816037e-14,0.0,0.0,0.9583496335367675,1.416402405312704,0.005804004539267409,0.008035697802386513,0.0027385857279970034
37,4,5,11.21142857142857,-0.030972198742429312,-0.030972198742292185,-1.371273085316524e-13,0.0,0.0,0.958359834526331,1.4163648961132804,0.004492136917702848,0.006117465549257963,0.002295804155017168
37,4,5,11.474285714285713,-0.02082857433343043,-0.020828574333399734,-3.0697755427043507e-14,0.0,0.0,0.9583695108395904,1.4163205898242202,0.003103643348611166,0.003957376237674535,0.002396355001364195
37,4,5,11.737142857142857,-0.01036505874455747,-0.010365058744543893,-1.3576218599840872e-14,0.0,0.0,0.9583787511433389,1.4162737875562643,0.0016071530127561358,0.0019926732027962697,0.0022214697959706056
37,4,5,12.0,0.0,0.0,0.0,0.0,0.0,0.9583873539312361,1.416232752963044,0.0,0.0,0.0
38,4,6,2.8,11.484794674651418,0.013387216300797974,11.47140745835062,1.0,0.0,1.091586558668849,1.701862347281201,26.95106412061547,44.18427708015435,35.07998504515461
38,4,6,3.0628571428571427,13.874764753496862,0.013387216300797974,13.861377537196063,1.0,0.0,1.1686085010881242,1.8902444018022695,26.259701380719672,47.64111461920152,23.320836056020912
38,4,6,3.3257142857142856,19.456968559883954,0.013387216300797974,19.443581343583155,1.0,0.0,0.7117528744489497,1.1444480948134124,15.69560588315451,31.05042426240523,4.33048050631012
38,4,6,3.588571428571428,17.133639691859088,0.013387216300797974,17.12025247555829,1.0,0.0,1.0556411312349092,1.6628282716045357,10.183131077503845,23.93612637287755,27.05699286367157
38,4,6,3.8514285714285714,7.486741440159652,0.013387216300797974,7.473354223858855,1.0,0.0,1.1628701528908338,2.2190157680148954,11.169165530027962,39.884915696942954,40.44073702348488
38,4,6,4.114285714285714,1.4934211785422828,0.013387216300797974,1.4800339622414849,1.0,0.0,0.9750057128276938,1.492718059970806,4.684963359717316,16.492747714526132,16.477897845850666
38,4,6,4.377142857142857,-0.2546556101788553,0.013387216300797974,-0.2680428264796533,1.0,0.0,0.9457007985924566,1.391584094620237,2.153062236266612,6.392525678413942,5.472508158004538
38,4,6,4.64,-0.9960063899559736,0.013387216300797974,-1.0093936062567717,1.0,0.0,0.9478077541628164,1.3984386412028154,1.0781877739461025,3.0071730612886527,2.275258799975845
38,4,6,4.902857142857142,-1.154064904295006,0.013387216300797974,-1.167452120595804,1.0,0.0,0.9506966297635205,1.4056978494857268,0.4990135963462015,0.8750763408821767,0.4916413436747129
38,4,6,5.1657142857142855,-1.0162779296638222,0.013387216300797974,-1.0296651459646202,1.0,0.0,0.9527014553905783,1.4022020449289347,0.3116178169259685,0.5158414213177108,0.6807848366722119
38,4,6,5.428571428571429,-0.8191315183181568,0.013387216300797974,-0.8325187346189549,1.0,0.0,0.9535995605808468,1.4010101828346702,0.2867483767524868,0.44786915751855494,0.7051566648760406
38,4,6,5.691428571428571,-0.6239874697448791,0.013387216300797974,-0.637374686045677,1.0,0.0,0.9537405676772129,1.403457489507415,0.3333227656836983,0.5938138710092979,0.6688749342396095
38,4,6,5.954285714285714,-0.4471130707579277,0.013387216300797974,-0.4605002870587257,1.0,0.0,0.9538746672749296,1.405592567581509,0.376303057182233,0.8563936418656141,0.5610586823676422
38,4,6,6.217142857142857,-0.3108159056383626,0.013387216300797974,-0.32420312193916057,1.0,0.0,0.9549818896115718,1.408769760983113,0.38143864752738865,0.972613934701595,0.3702847911542089
38,4,6,6.4799999999999995,-0.22996280817901524,0.013387216300797974,-0.2433500244798132,1.0,0.0,0.9571976130316378,1.4136123302585932,0.36474410960587744,0.9317447138881234,0.17449827086737066
38,4,6,6.742857142857142,-0.1991907196498787,0.0032669381879989515,-0.2024576578378776,0.9671991017264258,0.0,0.9596619372000404,1.419099388391242,0.3362869165598215,0.7676610195681719,0.02678312968403891
38,4,6,7.005714285714285,-0.21548683171990768,-0.0606802279973583,-0.15480660372254937,0.7844476532096374,0.0,0.9608561858739708,1.422730593168436,0.25930125276986044,0.4990125373422407,0.13397952797005172
38,4,6,7.268571428571428,-0.25051989921721624,-0.16280934052443655,-0.08771055869277969,0.47679520179622736,0.0,0.9602966015448169,1.4223896400203355,0.1475891710975348,0.29352940120676807,0.12960409144019522
38,4,6,7.531428571428571,-0.27001830475253974,-0.2416033651403666,-0.028414939612173142,0.1798412120634292,0.0,0.9590288463918519,1.4192349166860971,0.05099940548702087,0.1044235662614477,0.04036815473485049
38,4,6,7.794285714285714,-0.2613399362677006,-0.258804827928787,-0.0025351083389135733,0.020778930647087374,0.0,0.9583052548879151,1.4167364737357313,0.01791038548923375,0.02852965827396392,0.0622172339103246
38,4,6,8.057142857142857,-0.23061777077753065,-0.23061777077756337,3.272293720713027e-14,0.0,0.0,0.9583067102793942,1.4163931225380315,0.022311359343038722,0.03543023555897441,0.09911262720364487
38,4,6,8.32,-0.19852864829926012,-0.19852864829927067,1.0560947949489475e-14,0.0,0.0,0.9583704561505015,1.4163846741585213,0.02032090084368664,0.0403038793944353,0.08927934086134194
38,4,6,8.582857142857144,-0.16954205365937372,-0.16954205365932254,-5.118459432337797e-14,0.0,0.0,0.9584074846158099,1.4163755115302805,0.017847953887032347,0.039665576246761855,0.07665269064903513
38,4,6,8.845714285714285,-0.14401605441416154,-0.14401605441421758,5.604503059558619e-14,0.0,0.0,0.9584283484999956,1.4163662176215692,0.015355189359717152,0.036341161783138703,0.06360476120071565
38,4,6,9.108571428571427,-0.12187269898848724,-0.12187269898850622,1.8981703795578622e-14,0.0,0.0,0.95843943371029,1.4163571720242736,0.013072370878363356,0.03190440399049478,0.0512933498770275
38,4,6,9.37142857142857,-0.10283033917567236,-0.102830339175671,-1.3601220844039475e-15,0.0,0.0,0.9584446359773464,1.4163486319053087,0.011096086080291804,0.0272078349230258,0.04023725189114688
38,4,6,9.634285714285713,-0.08652245468300261,-0.08652245468304462,4.200377025365132e-14,0.0,0.0,0.9584463528320137,1.4163408010409875,0.0094449027351553,0.022696726524505998,0.030642201459701313
38,4,6,9.897142857142857,-0.07255232728213294,-0.07255232728219763,6.468580619062304e-14,0.0,0.0,0.9584460716148442,1.4163338783561104,0.00808890325201812,0.018589640520602302,0.022583657025219778
38,4,6,10.16,-0.0605129716832952,-0.060512971683224025,-7.116638788690067e-14,0.0,0.0,0.9584447143467237,1.4163280732975405,0.0069684938869383805,0.014979807821499465,0.016097734347888783
38,4,6,10.422857142857143,-0.049992202308078944,-0.04999220230804916,-2.9782673289374677e-14,0.0,0.0,0.958442832822616,1.4163235754711838,0.006009885249370021,0.011888767007455465,0.011200907962530062
38,4,6,10.685714285714285,-0.04057828581460888,-0.04057828581465052,4.1638737488351733e-14,0.0,0.0,0.958440711233662,1.4163204723867708,0.005137527012271944,0.0092907555232914,0.007844320986454205
38,4,6,10.948571428571427,-0.031878882783996074,-0.031878882784013546,1.7476568694822783e-14,0.0,0.0,0.9584384161714814,1.4163186228048965,0.004282960584158144,0.0071197447957358955,0.005826809854062521
38,4,6,11.21142857142857,-0.023562436834511407,-0.023562436834465114,-4.6294155358131416e-14,0.0,0.0,0.9584358271116876,1.4163175139291264,0.003389313322622865,0.005268235062337595,0.0047565979598836435
38,4,6,11.474285714285713,-0.015424799926035572,-0.015424799926023691,-1.1881066443175658e-14,0.0,0.0,0.9584326789591987,1.416316157346761,0.002408744247425121,0.003586480909359037,0.0040594040673375765
38,4,6,11.737142857142857,-0.007472897873281071,-0.0074728978732374616,-4.360891433120157e-14,0.0,0.0,0.9584286473337034,1.4163131089168035,0.0012946905410907254,0.0018918274856283893,0.002864803336330212
38,4,6,12.0,0.0,0.0,0.0,0.0,0.0,0.9584235019612176,1.416306728260831,0.0,0.0,0.0
39,4,7,2.8,34.54204145573059,0.010222917758510459,34.53181853797208,1.0,0.0,3.7710983693824303,8.192192204858408,59.51573113622579,146.92475340272776,79.88049183496157
39,4,7,3.0628571428571427,20.609698434337652,0.010222917758510459,20.599475516579144,1.0,0.0,1.9582518135493117,3.589761623277714,81.97037026124012,173.16024326430295,51.45048762686551
39,4,7,3.3257142857142856,2.6962240666755526,0.010222917758510459,2.6860011489170423,1.0,0.0,0.9201474720549211,1.6852659667406622,55.33631234835493,144.3473986378721,30.027802248216677
39,4,7,3.588571428571428,1.0923359415316893,0.010222917758510459,1.0821130237731789,1.0,0.0,0.9100108755916618,1.525100485628629,34.087345402739395,63.157934433587236,51.91770776050237
39,4,7,3.8514285714285714,-1.680155158008762,0.010222917758510459,-1.6903780757672722,1.0,0.0,0.9396166611818296,1.5212688115477109,29.100547632027343,80.73224479142522,17.243687908838126
39,4,7,4.114285714285714,-2.247481208015719,0.010222917758510459,-2.257704125774229,1.0,0.0,0.9409623979596923,1.427077091078716,25.989323211156005,82.34902717724717,36.63058824357326
39,4,7,4.377142857142857,-2.083930324898977,0.010222917758510459,-2.0941532426574874,1.0,0.0,0.9474399969089127,1.4314563575021793,12.040934938972377,31.85347125378964,6.405519579107623
39,4,7,4.64,-1.6334316226057517,0.010222917758510459,-1.643654540364262,1.0,0.0,0.9529576107824387,1.4410587311982235,13.847327811390512,46.60328932562465,3.95721765443807
39,4,7,4.902857142857142,-1.2557292953321082,0.010222917758510459,-1.2659522130906187,1.0,0.0,0.9586791754292262,1.45862777024489,11.032478521167677,37.55022205856673,1.158538027111348
39,4,7,5.1657142857142855,-0.990295091437284,0.010222917758510459,-1.0005180091957946,1.0,0.0,0.9605898774250136,1.4527354558914867,7.383657328253991,26.719494283054438,1.6376834521753858
39,4,7,5.428571428571429,-0.7652343211986975,0.010222917758510459,-0.775457238957208,1.0,0.0,0.9574352830366388,1.4335000550742454,5.676575290567437,20.168622880909922,0.7871094587068121
39,4,7,5.691428571428571,-0.5739522938594019,0.010222917758510459,-0.5841752116179124,1.0,0.0,0.953869026899163,1.4275404454542469,4.94237548544711,15.613343404658726,0.8442017786334646
39,4,7,5.954285714285714,-0.43086192019468617,0.010222917758510459,-0.44108483795319664,1.0,0.0,0.9529584472491835,1.421897125823485,4.703795357197536,13.053866562534203,1.301733463837833
39,4,7,6.217142857142857,-0.33149862868338,0.010222917758510459,-0.34172154644189046,1.0,0.0,0.9547248466649825,1.4208449713221845,4.846569858761926,11.79146995054344,1.5097045970053395
39,4,7,6.4799999999999995,-0.2698731650526785,0.010222917758510459,-0.280096082811189,1.0,0.0,0.9576575187445504,1.4240322100148317,5.018990840482658,12.188994761989285,1.4012862765548042
39,4,7,6.742857142857142,-0.2311073020176699,0.007417341556185082,-0.238524643573855,0.9671991017264264,0.0,0.9603365046049473,1.4303828867326336,4.631686289732981,10.969949968147091,1.1365031849266385
39,4,7,7.005714285714285,-0.2065304360039249,-0.029632690738031205,-0.1768977452658937,0.7844476532096384,0.0,0.9614675198074221,1.4320751621182952,3.3173379581372813,7.383838643526917,0.48487999720280855
39,4,7,7.268571428571428,-0.20195412825535897,-0.10495275211827557,-0.09700137613708339,0.47679520179622853,0.0,0.9607750316538146,1.4271029321874997,1.6760054759384813,3.273641002388475,0.2724887713355604
39,4,7,7.531428571428571,-0.2041572646237001,-0.17242908354755002,-0.031728181076150073,0.17984121206342998,0.0,0.9594044245336344,1.4203715981397689,0.4996772411118154,1.175633310006629,0.47343892457218195
39,4,7,7.794285714285714,-0.19803716054002357,-0.19496679791372423,-0.0030703626262993475,0.020778930647087437,0.0,0.958617146950797,1.4168270694733407,0.05924821349946696,0.140741715690386,0.22085823744794814
39,4,7,8.057142857142857,-0.17949998400460843,-0.1794999840047166,1.0816970930083159e-13,0.0,0.0,0.9585520269566364,1.4164250197112092,0.022963269612824036,0.041176499347942784,0.08376276434304863
39,4,7,8.32,-0.1577840282052367,-0.15778402820519852,-3.8183427340104937e-14,0.0,0.0,0.9585708973273499,1.4164486069538544,0.021621658743776754,0.040291567256715136,0.07882099918121331
39,4,7,8.582857142857144,-0.1365847810533147,-0.1365847810532905,-2.4202172384246713e-14,0.0,0.0,0.958578133625881,1.4164628283714276,0.01952875210484393,0.04071621561820992,0.06971187721612368
39,4,7,8.845714285714285,-0.11702890358532153,-0.11702890358540773,8.618773620142073e-14,0.0,0.0,0.9585783446084546,1.4164701452960078,0.017215803624076636,0.037954319912440616,0.05927072728469359
39,4,7,9.108571428571427,-0.09954974758941681,-0.09954974758948376,6.694600906617665e-14,0.0,0.0,0.9585744011448254,1.4164724244388538,0.014960298263038182,0.03379212988292675,0.04894538513637667
39,4,7,9.37142857142857,-0.08421416565766725,-0.08421416565762961,-3.7633377967735694e-14,0.0,0.0,0.9585680864108438,1.4164710370814915,0.012894297996472995,0.029205762116116325,0.039432871101869375
39,4,7,9.634285714285713,-0.07089997415473381,-0.07089997415484735,1.1353019045701185e-13,0.0,0.0,0.9585604924499249,1.4164669199589615,0.011068914842771175,0.024710070627683253,0.031041960029290418
39,4,7,9.897142857142857,-0.059388490633421366,-0.05938849063353894,1.1757055311950593e-13,0.0,0.0,0.958552248134857,1.4164605992479649,0.009487740137880011,0.020559310551060552,0.02389529725983472
39,4,7,10.16,-0.04940992935391666,-0.049409929353999085,8.242739867395099e-14,0.0,0.0,0.9585436364546496,1.416452192208084,0.008123286500073426,0.01685995000735287,0.01803210750644657
39,4,7,10.422857142857143,-0.04066582642038836,-0.040665826420419805,3.144782275300157e-14,0.0,0.0,0.958534643773891,1.4164414144907451,0.006926924578302851,0.01363165569156589,0.01344353302704585
39,4,7,10.685714285714285,-0.03284556088821412,-0.032845560888275664,6.15405238704389e-14,0.0,0.0,0.9585249804653813,1.4164276349367695,0.0058373734633806774,0.010838298702555179,0.010060410385432705
39,4,7,10.948571428571427,-0.025649506526898153,-0.02564950652688332,-1.483133125861069e-14,0.0,0.0,0.9585141170443603,1.4164100306326102,0.004788934044277908,0.008403291657877352,0.007713134752947845
39,4,7,11.21142857142857,-0.01882682635603082,-0.018826826356034953,4.130370741609047e-15,0.0,0.0,0.9585013863295769,1.416387895674242,0.0037198643114404514,0.006219695781719678,0.006087813665386366
39,4,7,11.474285714285713,-0.012229624486201407,-0.012229624486300491,9.908389375905963e-14,0.0,0.0,0.958486201099214,1.4163611345142548,0.0025805341345418796,0.004163376387518783,0.004699119187454398
39,4,7,11.737142857142857,-0.00587583261884603,-0.005875832618808138,-3.7892151195191225e-14,0.0,0.0,0.9584684149959074,1.4163309047487194,0.001341059008066965,0.002115710811369432,0.0029024240141351508
39,4,7,12.0,0.0,0.0,0.0,0.0,0.0,0.9584487933028962,1.4163107903408891,0.0,0.0,0.0
40,5,0,2.8,42.97403193285312,0.010441746422805825,42.96359018643032,1.0,0.0,2.4356561710513476,6.132904285145046,52.729418376576746,122.15334840324392,123.66467664730496
40,5,0,3.0628571428571427,40.150019825750114,0.010441746422805825,40.13957807932731,1.0,0.0,1.6767054344213836,3.6107947078206015,38.580504968852956,82.59551091814618,36.96887606130449
40,5,0,3.3257142857142856,29.32182056459523,0.010441746422805825,29.311378818172425,1.0,0.0,1.8895083486949595,4.962007666047932,30.806521447741407,103.87608937840311,125.99735717286322
40,5,0,3.588571428571428,5.869339252846952,0.010441746422805825,5.858897506424147,1.0,0.0,1.0802240575268933,2.2440019489981604,12.15211093778505,39.16125303362003,24.372602604150554
40,5,0,3.8514285714285714,9.084291144296612,0.010441746422805825,9.073849397873806,1.0,0.0,1.14894201330764,1.8056652323651805,16.101915173201085,43.47482871997298,22.572981300438553
40,5,0,4.114285714285714,5.773822794076844,0.010441746422805825,5.763381047654039,1.0,0.0,1.2538898946753387,2.702215203333025,15.249370315813348,50.674109915157075,29.0660373903363
40,5,0,4.377142857142857,-0.2722497452449387,0.010441746422805825,-0.2826914916677445,1.0,0.0,0.996216012976503,1.3952921597058527,4.863819293669461,11.971451345727253,2.199885680918045
40,5,0,4.64,-1.524600983481712,0.010441746422805825,-1.535042729904518,1.0,0.0,0.9446150513970656,1.4390646015778432,4.660430315768436,13.681369369058062,0.8145451282138937
40,5,0,4.902857142857142,-1.5829755329776378,0.010441746422805825,-1.593417279400444,1.0,0.0,0.9552405759126978,1.4699836116365654,4.263213037815954,9.296450512848871,0.8016801063949742
40,5,0,5.1657142857142855,-1.377880059726281,0.010441746422805825,-1.388321806149087,1.0,0.0,0.9569299085849927,1.4776242763628962,2.6568262442759716,4.602665474236343,0.2425132584079266
40,5,0,5.428571428571429,-1.0573524774391838,0.010441746422805825,-1.0677942238619895,1.0,0.0,0.9607280821523048,1.4933530032395506,1.9968620556286445,3.898845024012827,1.0629526899018227
40,5,0,5.691428571428571,-0.7915697340806552,0.010441746422805825,-0.802011480503461,1.0,0.0,0.960159787987255,1.4868644076462265,1.651657051314909,3.160886749053203,0.9110531141873914
40,5,0,5.954285714285714,-0.6135584695596255,0.010441746422805825,-0.6240002159824313,1.0,0.0,0.9567838951043992,1.4692195667913928,1.398842402675304,2.4131069481109635,0.7384202743112055
40,5,0,6.217142857142857,-0.5106930690010457,0.010441746422805825,-0.5211348154238515,1.0,0.0,0.9528555511440999,1.449083604941908,1.2135716369991836,2.352046533201816,0.5647479373907562
40,5,0,6.4799999999999995,-0.4493600634679547,0.010441746422805825,-0.4598018098907605,1.0,0.0,0.9512206286526087,1.437589184485212,1.0392192352068363,2.226699699688784,0.3224155154362471
40,5,0,6.742857142857142,-0.38025284187769914,0.017479276652507248,-0.3977321185302064,0.9671991017264268,0.0,0.952350989430137,1.436516578114821,0.8298914994974911,1.508512364411565,0.25566481847164585
40,5,0,7.005714285714285,-0.2791549264963679,0.007361298258067921,-0.28651622475443583,0.7844476532096393,0.0,0.9553004878128478,1.4355766206267355,0.561635577394923,1.0712688472964413,0.18326341792938436
40,5,0,7.268571428571428,-0.20424642361357817,-0.053200818661574466,-0.1510456049520037,0.47679520179622736,0.0,0.9578786079786917,1.4301432722444731,0.33000737731362134,0.6540636952665752,0.09905089998449129
40,5,0,7.531428571428571,-0.17280828873921422,-0.12497486280315047,-0.04783342593606375,0.1798412120634292,0.0,0.9587939121336996,1.4239765740005905,0.1403345722782096,0.22224746724950414,0.04985069833994687
40,5,0,7.794285714285714,-0.16592008692579538,-0.16144349295654936,-0.004476593969246009,0.020778930647087437,0.0,0.9587423778839911,1.420665694847451,0.04394511258896685,0.12487532347649417,0.03598790725142703
40,5,0,8.057142857142857,-0.1590668604976153,-0.15906686049765512,3.982357455953323e-14,0.0,0.0,0.9587229644772062,1.4197733032330275,0.029546440134557685,0.09854270308489588,0.03654361889329584
40,5,0,8.32,-0.14552939252634195,-0.1455293925264054,6.34256930830135e-14,0.0,0.0,0.9587231994051528,1.4192541980995586,0.024474809574913842,0.08186821042057445,0.045223729295423606
40,5,0,8.582857142857144,-0.1292344855719669,-0.12923448557189293,-7.396663923714409e-14,0.0,0.0,0.9587058375034987,1.4188080248365436,0.022042051240303367,0.06769932527926009,0.04694447238950956
40,5,0,8.845714285714285,-0.11264899378597643,-0.11264899378595863,-1.7781596074045726e-14,0.0,0.0,0.9586810764916092,1.41843235299255,0.02046361191161776,0.055882064974087035,0.043769041728010924
40,5,0,9.108571428571427,-0.09698372604799846,-0.09698372604797631,-2.214198746228191e-14,0.0,0.0,0.9586542771147709,1.4181191397567643,0.01846639771466214,0.04611153239089604,0.03822327925305665
40,5,0,9.37142857142857,-0.08276263882173165,-0.08276263882169244,-3.922352069876678e-14,0.0,0.0,0.9586281172048832,1.4178590421447117,0.01637894940565083,0.03805916350088082,0.03187146988377513
40,5,0,9.634285714285713,-0.0701355959617546,-0.07013559596171944,-3.516315624091382e-14,0.0,0.0,0.9586037814538988,1.4176432418047125,0.014368978669572983,0.03142399232975168,0.02559982947377605
40,5,0,9.897142857142857,-0.059047505574509336,-0.05904750557442837,-8.09572667150732e-14,0.0,0.0,0.9585816040811872,1.4174640486561594,0.012509901298787353,0.025947431257051595,0.019904131072435813
40,5,0,10.16,-0.04932759613938947,-0.04932759613932567,-6.37957262971528e-14,0.0,0.0,0.9585614095096787,1.4173148661259865,0.010817579793363256,0.021409711114439945,0.01506472376484825
40,5,0,10.422857142857143,-0.04073722947856068,-0.04073722947850647,-5.4204865422569083e-14,0.0,0.0,0.95854269912529,1.4171898006785322,0.009269518263162526,0.01761685313644861,0.011225309895727916
40,5,0,10.685714285714285,-0.0330012916770983,-0.03300129167715022,5.191465985397714e-14,0.0,0.0,0.9585247795053837,1.4170830991036627,0.007816731068804109,0.014383986050780803,0.008402743757041075
40,5,0,10.948571428571427,-0.02584031025962243,-0.025840310259566512,-5.5915018925753457e-14,0.0,0.0,0.958506897518645,1.4169886059878674,0.006395094918474325,0.011520883499883885,0.006471774064399445
40,5,0,11.21142857142857,-0.01901409153492371,-0.019014091534870832,-5.287724625562332e-14,0.0,0.0,0.9584884255719881,1.4168994935935388,0.004938884246501521,0.008826708185206927,0.005173438320395361
40,5,0,11.474285714285713,-0.012380325877891302,-0.01238032587794157,5.0267011961289275e-14,0.0,0.0,0.9584691145589715,1.4168085774920351,0.0033958801733809897,0.006101559359592497,0.0041084807025624365
40,5,0,11.737142857142857,-0.005961556466875781,-0.005961556466882504,6.7231034650040714e-15,0.0,0.0,0.9584493920639009,1.416709536929489,0.0017427580285104978,0.003181494826781507,0.0026571436772438732
40,5,0,12.0,0.0,0.0,0.0,0.0,0.0,0.9584306172807745,1.416599235574857,0.0,0.0,0.0
41,5,1,2.8,15.563056518075053,0.5690407411193774,14.994015776955676,1.0,0.0241288232538762,2.3059161937440114,4.552348763017095,39.94101877445984,55.60762493892037,49.04969384934342
41,5,1,3.0628571428571427,20.48664883644263,0.012618012473365327,20.474030823969265,1.0,0.0,1.7821387581222425,3.8205550341956953,62.62159210216395,106.6801941941253,43.9003106067385
41,5,1,3.3257142857142856,21.93956606910733,0.012618012473365327,21.926948056633965,1.0,0.0,1.7944330943480415,3.3437736180695383,56.348490901794285,179.06381935805192,126.51830385586427
41,5,1,3.588571428571428,6.7119450797844795,0.012618012473365327,6.699327067311113,1.0,0.0,1.4336331009294132,2.2909932082146205,47.59636738481795,86.98491396661186,34.16123011414113
41,5,1,3.8514285714285714,14.868180843820907,0.012618012473365327,14.855562831347543,1.0,0.0,2.0064660702320762,3.69935831383884,43.40711667931731,97.5535383210112,74.0615508332814
41,5,1,4.114285714285714,23.825534460211365,0.012618012473365327,23.812916447737997,1.0,0.0,1.320633745236553,3.098931508543494,26.151197447275813,59.891388952380204,48.18751524125015
41,5,1,4.377142857142857,9.81637011438077,0.012618012473365327,9.803752101907405,1.0,0.0,1.2211225097633482,3.1467751373526873,21.74335019749078,53.671560661642594,33.048574499006925
41,5,1,4.64,4.042902800471821,0.012618012473365327,4.030284787998456,1.0,0.0,1.0072894973279891,1.8949323266534726,13.546783234946982,33.82631284458408,14.9402509144281
41,5,1,4.902857142857142,1.432787692634561,0.012618012473365327,1.4201696801611958,1.0,0.0,0.9657745130350127,1.4646051552691914,12.324011149133629,24.83754677514789,7.071702644986943
41,5,1,5.1657142857142855,0.00465404319672135,0.012618012473365327,-0.007963969276643976,1.0,0.0,0.9505559955298285,1.3683846430699314,11.881153016006248,30.367536538813454,4.350955753929832
41,5,1,5.428571428571429,-0.5231243947728443,0.012618012473365327,-0.5357424072462096,1.0,0.0,0.9544104556515449,1.3834422330243599,9.85962405778938,28.646533763783566,2.7484908500052274
41,5,1,5.691428571428571,-0.6946986547760845,0.012618012473365327,-0.7073166672494499,1.0,0.0,0.958716589146803,1.3970656036307325,7.355079990882257,23.729452281188387,2.0741046021983496
41,5,1,5.954285714285714,-0.6806539145378457,0.012618012473365327,-0.693271927011211,1.0,0.0,0.9602030359859335,1.4006482118371673,5.14223126315699,16.48955797120176,2.6186923312985315
41,5,1,6.217142857142857,-0.5900301109162003,0.012618012473365327,-0.6026481233895656,1.0,0.0,0.9603407020642081,1.405288316075416,3.3361156059857615,9.336482564528506,1.881307764256916
41,5,1,6.4799999999999995,-0.4802750307848011,0.012618012473365327,-0.4928930432581664,1.0,0.0,0.9610073999874992,1.4084838801595239,2.643474121341858,6.698783705526983,0.6173558446828104
41,5,1,6.742857142857142,-0.3746777081199513,0.004223339929470764,-0.37890104804942215,0.9671991017264264,0.0,0.9614917240456226,1.4107501801682014,2.5078627580677977,6.076029266432419,0.5878447184788751
41,5,1,7.005714285714285,-0.3038054982096427,-0.060765972691879055,-0.24303952551776364,0.7844476532096374,0.0,0.9608230618216667,1.4135874851069852,2.0032998589280235,4.3952459359150975,0.9121436731117344
41,5,1,7.268571428571428,-0.2899564273241182,-0.17167435186368762,-0.11828207546043057,0.47679520179622736,0.0,0.959581350992849,1.4155947852699013,1.148999071751558,2.302738938024912,0.5698998960829298
41,5,1,7.531428571428571,-0.29544725198110666,-0.2590443492089524,-0.03640290277215426,0.1798412120634284,0.0,0.9585147693663121,1.4157459473744747,0.4011652946390631,0.7380080233722731,0.20011411582407865
41,5,1,7.794285714285714,-0.2819933973631863,-0.2785395685196247,-0.003453828843561613,0.020778930647087083,0.0,0.958023618736758,1.4168669973083112,0.06069783723997401,0.09952124633809259,0.11614601769612574
41,5,1,8.057142857142857,-0.24768535790301674,-0.247685357903168,1.5129358009458027e-13,0.0,0.0,0.958060858727996,1.4171863454621871,0.029823581295317175,0.0947640156401135,0.11535534804632765
41,5,1,8.32,-0.2120828248898108,-0.2120828248898906,7.980716348193751e-14,0.0,0.0,0.9581374082736233,1.4169065337449072,0.027608427510013415,0.07790751536181144,0.1060140810850356
41,5,1,8.582857142857144,-0.179836138703425,-0.17983613870357368,1.486733449025668e-13,0.0,0.0,0.9581819698623175,1.4166842067655114,0.024488193146794825,0.06323237605688174,0.0917085447947347
41,5,1,8.845714285714285,-0.15154651695827198,-0.15154651695827853,6.560588877713158e-15,0.0,0.0,0.9582084135036675,1.4165112155623631,0.0211891119646856,0.050950705159914934,0.07630399536539018
41,5,1,9.108571428571427,-0.12717440568930818,-0.12717440568946156,1.5339376860726285e-13,0.0,0.0,0.9582247157010604,1.4163787466932936,0.01807724031188968,0.04376560416605386,0.06162494040023706
41,5,1,9.37142857142857,-0.10639164868121007,-0.10639164868131272,1.0264921378178027e-13,0.0,0.0,0.958235450649633,1.4162788806494317,0.015339531217476981,0.03690235466594939,0.048457056438517665
41,5,1,9.634285714285713,-0.08875691741403738,-0.08875691741417206,1.3468208904902912e-13,0.0,0.0,0.9582432377317515,1.4162052061150818,0.013076898766520057,0.030515929722460318,0.03708426544678216
41,5,1,9.897142857142857,-0.07379628574889416,-0.07379628574893597,4.1823754095421383e-14,0.0,0.0,0.9582495997214993,1.416153016497213,0.011209460960914968,0.024833207141817592,0.027574485074483065
41,5,1,10.16,-0.06103450267801746,-0.061034502678062,4.454399826422928e-14,0.0,0.0,0.9582554930443707,1.416119292100265,0.009602082963566629,0.019917751527764666,0.019919780702122487
41,5,1,10.422857142857143,-0.05000473339505669,-0.05000473339520933,1.526437012813048e-13,0.0,0.0,0.958261653732918,1.4161025050236662,0.008176742599582336,0.015746678347887434,0.014081268220652933
41,5,1,10.685714285714285,-0.04025574141721845,-0.040255741417228805,1.0350929098221218e-14,0.0,0.0,0.9582688252251117,1.4161022000982584,0.006867487222129707,0.012246769919611421,0.009963631652284881
41,5,1,10.948571428571427,-0.03137029490726549,-0.03137029490736341,9.791878917940478e-14,0.0,0.0,0.9582778780641924,1.4161182757277222,0.005606389114598847,0.00930838476495255,0.007344704360043301
41,5,1,11.21142857142857,-0.023003679364669443,-0.023003679364810705,1.4126267972210116e-13,0.0,0.0,0.958289790763256,1.4161499125737163,0.0043282455069520885,0.006789501696445194,0.005810536416174264
41,5,1,11.474285714285713,-0.01494430348585603,-0.014944303485914107,5.807771304893253e-14,0.0,0.0,0.9583054400988298,1.416194195226799,0.0029812294466685196,0.004519632385891384,0.004720375423407508
41,5,1,11.737142857142857,-0.007187764764865137,-0.007187764765000536,1.35399653457529e-13,0.0,0.0,0.9583251625226049,1.4162446810150255,0.001538083570913879,0.0023128385872505947,0.0031605965793477376
41,5,1,12.0,0.0,0.0,0.0,0.0,0.0,0.9583481215307538,1.4162905502172667,0.0,0.0,0.0
42,5,2,2.8,-0.6832417888852982,0.00613450470188354,-0.6893762935871817,1.0,0.0,3.2157580950782716,5.491056975424897,53.90207904901832,105.81707778889337,94.219381192076
42,5,2,3.0628571428571427,28.585906268624672,0.00613450470188354,28.57977176392279,1.0,0.0,3.2041637272778933,5.844726409530373,55.33543106726982,138.8357374888528,158.63179498995612
42,5,2,3.3257142857142856,33.87941142394341,0.00613450470188354,33.873276919241526,1.0,0.0,1.8912541732048287,4.786089685569944,35.01945525201598,74.75853100525673,45.36274080740549
42,5,2,3.588571428571428,10.22503736209477,0.00613450470188354,10.218902857392887,1.0,0.0,1.2880945067662255,2.436056845143626,25.840145011802555,69.32465712037043,33.279151880773185
42,5,2,3.8514285714285714,1.72699477070715,0.00613450470188354,1.7208602660052665,1.0,0.0,0.902490618231164,1.5369969857083963,17.561628775068133,35.751500091522736,5.761753130996351
42,5,2,4.114285714285714,-0.5697814156632398,0.00613450470188354,-0.5759159203651233,1.0,0.0,0.8576035538874518,1.3628246252822238,19.781225290943727,60.04717862044602,44.54447104562015
42,5,2,4.377142857142857,-1.5163400720286468,0.00613450470188354,-1.5224745767305303,1.0,0.0,0.9213569517189271,1.412834171577941,17.83724724979131,54.63115962652551,52.04535502803192
42,5,2,4.64,-1.4642387947274864,0.00613450470188354,-1.47037329942937,1.0,0.0,0.9526808340709854,1.40890293244806,8.906817635537383,14.358248841812303,7.320549446306202
42,5,2,4.902857142857142,-1.3126329633860492,0.00613450470188354,-1.3187674680879327,1.0,0.0,0.963733175497554,1.4302248553992913,5.2739479749215095,10.67475277565718,3.004188450310361
42,5,2,5.1657142857142855,-1.0016633768431313,0.00613450470188354,-1.0077978815450148,1.0,0.0,0.9689524668822418,1.4638996964140767,5.32577672033545,10.54217754753398,2.110664756715366
42,5,2,5.428571428571429,-0.7219043222665482,0.00613450470188354,-0.7280388269684317,1.0,0.0,0.970407898834071,1.4726958861282453,4.263272123247808,9.58232751169587,0.4402144355247752
42,5,2,5.691428571428571,-0.5340774229181596,0.00613450470188354,-0.5402119276200432,1.0,0.0,0.9691997636110097,1.4592377583138483,3.3460827985901616,8.781123470740278,1.3847119789586468
42,5,2,5.954285714285714,-0.4112226340894792,0.00613450470188354,-0.41735713879136277,1.0,0.0,0.9647152587401499,1.438283714730188,3.2619461283301705,8.609534507568409,1.6281077054009683
42,5,2,6.217142857142857,-0.33156266137869533,0.00613450470188354,-0.3376971660805788,1.0,0.0,0.9598212842442159,1.4218312201181869,3.412268196695235,9.109181946930303,1.5594213864500897
42,5,2,6.4799999999999995,-0.2903288128811309,0.00613450470188354,-0.2964633175830144,1.0,0.0,0.9565194352588258,1.4144320461645385,3.468964283620389,9.590173425403439,1.299383467895376
42,5,2,6.742857142857142,-0.26055840398987695,0.011482749631310513,-0.27204115362118747,0.9671991017264268,0.0,0.9553690363574534,1.4155747279326427,3.288024754187521,9.135758937030419,0.566549281185764
42,5,2,7.005714285714285,-0.21244438374636473,0.0006543443251973563,-0.2130987280715621,0.7844476532096393,0.0,0.9563877472950824,1.4192575845621576,2.467617180225374,6.771339388234059,0.6199273146197358
42,5,2,7.268571428571428,-0.1746224471112987,-0.05262675159714534,-0.12199569551415336,0.47679520179622736,0.0,0.9580520694858599,1.4207703823825986,1.3165542721105654,3.5506481086955075,1.0698757791336948
42,5,2,7.531428571428571,-0.15477270463313747,-0.11347530001304881,-0.04129740462008867,0.17984121206342998,0.0,0.9587773606588357,1.4199503084242433,0.448993920198601,1.1052505381200879,0.7633984355073393
42,5,2,7.794285714285714,-0.14663724905618636,-0.14263017704929376,-0.00400707200689259,0.020778930647087437,0.0,0.9587069344135106,1.4186472307574172,0.07007181287743197,0.12083170609048913,0.19559944973148627
42,5,2,8.057142857142857,-0.13840867930511017,-0.13840867930519143,8.126729454313587e-14,0.0,0.0,0.9586676354985636,1.4180910946392484,0.026253357103834637,0.08099678662352083,0.03250907326921061
42,5,2,8.32,-0.12508288985530572,-0.12508288985539975,9.404844177746119e-14,0.0,0.0,0.9586587486937151,1.417750119118048,0.02188301356691638,0.06678456638542304,0.04495287383647516
42,5,2,8.582857142857144,-0.10979058666478096,-0.10979058666479836,1.7401561962226976e-14,0.0,0.0,0.9586376640646265,1.417462557676064,0.021110886718009387,0.054801447324687315,0.04753294621300997
42,5,2,8.845714285714285,-0.09457333035701077,-0.09457333035707398,6.32056733340658e-14,0.0,0.0,0.9586122873741157,1.4172260128497731,0.01953793243608565,0.044896844863323675,0.044657022590350405
42,5,2,9.108571428571427,-0.08040956709507538,-0.08040956709508623,1.0850973982193258e-14,0.0,0.0,0.9585866468752459,1.4170341395360038,0.01757772574811483,0.036790128490629785,0.039279228604448914
42,5,2,9.37142857142857,-0.06769898775057663,-0.06769898775067407,9.742874519311218e-14,0.0,0.0,0.9585626434260244,1.416879789512601,0.015544955618991985,0.030816953028821436,0.03306123093322212
42,5,2,9.634285714285713,-0.056529506499347855,-0.05652950649933698,-1.0870975777552139e-14,0.0,0.0,0.958541017565109,1.4167563677029382,0.013598268539695967,0.026925338310094537,0.02690427074794268
42,5,2,9.897142857142857,-0.046822599689497674,-0.0468225996894423,-5.537497045106366e-14,0.0,0.0,0.9585218750216559,1.4166583222733538,0.011805595986659877,0.022982606812712796,0.02129117661394215
42,5,2,10.16,-0.0384114716691934,-0.03841147166916923,-2.416716924236867e-14,0.0,0.0,0.9585049710255216,1.4165811946403117,0.010180168005104755,0.019264405844382246,0.01647783539450508
42,5,2,10.422857142857143,-0.031084676583277463,-0.03108467658333927,6.18105481077838e-14,0.0,0.0,0.9584898721807551,1.41652142470948,0.008699494693835215,0.015881956294359074,0.012584417463674983
42,5,2,10.685714285714285,-0.024615684715197813,-0.024615684715266244,6.843114237157361e-14,0.0,0.0,0.9584760674979391,1.416476012214597,0.0073168536279744865,0.012844338468898825,0.009621458570667398
42,5,2,10.948571428571427,-0.018791040703528154,-0.01879104070355646,2.8307540881657156e-14,0.0,0.0,0.9584630706391104,1.416442112734701,0.005971561135231093,0.01009414609198603,0.0074791627685529384
42,5,2,11.21142857142857,-0.013443202522184998,-0.01344320252221848,3.3483005430767767e-14,0.0,0.0,0.9584505332809681,1.4164166622470398,0.004601015181613898,0.007532877332022535,0.005905760806260478
42,5,2,11.474285714285713,-0.008487327587008736,-0.008487327587111274,1.025379537950965e-13,0.0,0.0,0.9584383687127908,1.4163961551171724,0.003155051464747031,0.00504749956786645,0.004495577130468908
42,5,2,11.737142857142857,-0.003953729634339944,-0.003953729634283752,-5.619129372414801e-14,0.0,0.0,0.9584268618529392,1.4163767302751709,0.001612521331570977,0.0025454279744020376,0.002713090288680682
42,5,2,12.0,0.0,0.0,0.0,0.0,0.0,0.9584167148458613,1.4163547332190844,0.0,0.0,0.0
43,5,3,2.8,30.030578094499855,0.011863575932150342,30.018714518567705,1.0,0.0,2.2540881329603613,3.6897154270669983,40.72815873384063,90.83197754753584,93.18002124463028
43,5,3,3.0628571428571427,24.718422191369456,0.011863575932150342,24.706558615437302,1.0,0.0,1.73211912307709,3.8298087475363194,36.80974309519492,74.58022179948601,63.917816656805236
43,5,3,3.3257142857142856,31.720445638481596,0.011863575932150342,31.708582062549443,1.0,0.0,1.3927838386243176,2.4223730239498273,25.193762517578143,87.71705679455775,55.159544905614794
43,5,3,3.588571428571428,21.32845229015614,0.011863575932150342,21.316588714223986,1.0,0.0,1.0398394247338,1.3128911262539877,15.633719447540932,53.5504884874941,33.42802401040131
43,5,3,3.8514285714285714,14.78477914160947,0.011863575932150342,14.77291556567732,1.0,0.0,1.0442718425400719,1.9164935909713288,12.188915466668417,49.0526168030674,44.398317715905584
43,5,3,4.114285714285714,6.287777824661464,0.011863575932150342,6.275914248729314,1.0,0.0,1.0758827648391511,1.7742639437125816,8.719016605175833,32.823037946051784,30.461586059691683
43,5,3,4.377142857142857,1.5762790316259123,0.011863575932150342,1.564415455693762,1.0,0.0,0.9387392419021191,1.3115776537402462,3.88711276592143,14.377703014068318,13.154059581623919
43,5,3,4.64,-0.13586499689361117,0.011863575932150342,-0.14772857282576152,1.0,0.0,0.9347172203967157,1.3555313042350234,1.6628099105199097,5.562161282720444,4.441730066119786
43,5,3,4.902857142857142,-0.6540504212052692,0.011863575932150342,-0.6659139971374196,1.0,0.0,0.9449846285328942,1.3903143509748652,0.9901569421488295,2.9930683804433653,2.063515961158159
43,5,3,5.1657142857142855,-0.8936663645225242,0.011863575932150342,-0.9055299404546745,1.0,0.0,0.9499829916912084,1.405075189344128,0.623976737444553,1.409011482145385,0.7809826013034263
43,5,3,5.428571428571429,-0.9191261238436598,0.011863575932150342,-0.9309896997758101,1.0,0.0,0.9500050380574508,1.408954211138355,0.48378350202425524,0.9182115559022392,0.31319505410820614
43,5,3,5.691428571428571,-0.8201648432535648,0.011863575932150342,-0.8320284191857151,1.0,0.0,0.9497965476578942,1.4132287560758674,0.41389819423209606,0.8988109794517201,0.5065147197530767
43,5,3,5.954285714285714,-0.6630512540872403,0.011863575932150342,-0.6749148300193907,1.0,0.0,0.950630151132294,1.4209041663824657,0.339736889869231,0.6864738039971887,0.5384030277919778
43,5,3,6.217142857142857,-0.5126573917711604,0.011863575932150342,-0.5245209677033108,1.0,0.0,0.952137464659873,1.4253106689560062,0.2621485516006352,0.4859628740386725,0.4041127947278189
43,5,3,6.4799999999999995,-0.4015980448886338,0.011863575932150342,-0.4134616208207842,1.0,0.0,0.953947027366986,1.4273971372124399,0.20679011645283724,0.3968364342540697,0.270500582172758
43,5,3,6.742857142857142,-0.3132097046520043,0.012893497541120649,-0.32610320219312494,0.9671991017264264,0.0,0.955867602360361,1.4305026886613927,0.20195597930828357,0.3173096835118041,0.2908138817532522
43,5,3,7.005714285714285,-0.23801636959143896,-0.01706644221168354,-0.2209499273797554,0.7844476532096393,0.0,0.9578000817163446,1.4311475002186078,0.18555621498956784,0.33605617603698557,0.18136306428298254
43,5,3,7.268571428571428,-0.20824205858339837,-0.09433860925049953,-0.11390344933289884,0.47679520179622736,0.0,0.9590473321491638,1.4276959783866794,0.12285439472395389,0.2619720539946857,0.0394354700069492
43,5,3,7.531428571428571,-0.20732232963057753,-0.17034052105908035,-0.03698180857149719,0.1798412120634292,0.0,0.9591659072786394,1.422941043788766,0.0610308416492298,0.15894648574810072,0.03036747131026721
43,5,3,7.794285714285714,-0.20416932599772733,-0.20043901970300973,-0.0037303062947176132,0.020778930647087374,0.0,0.9588801962193434,1.420179008440506,0.034985619935967265,0.10275652320161661,0.03072545211217731
43,5,3,8.057142857142857,-0.18838517949635897,-0.1883851794964543,9.532855668042962e-14,0.0,0.0,0.9588953173165077,1.4194344020918874,0.0256394061591179,0.0833846685465515,0.05370712033756832
43,5,3,8.32,-0.16761854883541563,-0.16761854883538996,-2.568230524080395e-14,0.0,0.0,0.9589246655690182,1.418942514063851,0.023479943805523103,0.06854552850674463,0.0597435739739758
43,5,3,8.582857142857144,-0.14623567505879634,-0.14623567505884938,5.3064763087112834e-14,0.0,0.0,0.9589080372365253,1.418525130341364,0.0220645216802894,0.056073262126880664,0.057255443488990504
43,5,3,8.845714285714285,-0.1259834403049242,-0.12598344030489642,-2.7762491958127635e-14,0.0,0.0,0.9588703887519717,1.4181771053820968,0.019996778176456568,0.045772174543217206,0.0507208075377807
43,5,3,9.108571428571427,-0.10761668317142833,-0.10761668317148856,6.022540582559244e-14,0.0,0.0,0.9588250304482393,1.4178892974972657,0.017723040414621253,0.0373346151627806,0.04267725840757992
43,5,3,9.37142857142857,-0.09136365030298296,-0.09136365030303652,5.356480797108487e-14,0.0,0.0,0.9587788215282705,1.4176520630239156,0.015495364544470994,0.030446304991693516,0.0344818329339881
43,5,3,9.634285714285713,-0.07717749634998425,-0.0771774963499275,-5.6745093433147043e-14,0.0,0.0,0.9587350249247925,1.4174566896624832,0.013434030505493954,0.025102306568324503,0.026842642873518525
43,5,3,9.897142857142857,-0.06486812607599365,-0.06486812607597824,-1.54213842216977e-14,0.0,0.0,0.9586948668675476,1.4172958283396888,0.01158221020612967,0.02111541147303695,0.020132860246105003
43,5,3,10.16,-0.05416801320487372,-0.05416801320494264,6.891618590902648e-14,0.0,0.0,0.9586583860645952,1.4171633977246318,0.009935452624348938,0.017439512413520226,0.014561186306720738
43,5,3,10.422857142857143,-0.04476490941441017,-0.04476490941450612,9.594861233655494e-14,0.0,0.0,0.9586249123196948,1.4170541773381424,0.008457230660087663,0.01416944697776274,0.010244419566912624
43,5,3,10.685714285714285,-0.0363237128606003,-0.03632371286068657,8.626774338285626e-14,0.0,0.0,0.9585933824390367,1.4169632204270115,0.007090084214101179,0.0113134295901169,0.007207982870028076
43,5,3,10.948571428571427,-0.028513540821998345,-0.02851354082194749,-5.085456469995642e-14,0.0,0.0,0.9585626254079689,1.416885230195901,0.005768034764466581,0.008818032054353683,0.0053407036132740345
43,5,3,11.21142857142857,-0.021050698832063102,-0.02105069883210909,4.5986627754488617e-14,0.0,0.0,0.9585316955861145,1.416814107618018,0.004430885771906637,0.006670392484072735,0.0043466631086814984
43,5,3,11.474285714285713,-0.013761287113296359,-0.013761287113398085,1.0172663097085186e-13,0.0,0.0,0.9585002801514136,1.4167429589896559,0.0030360366925148334,0.00465022802630849,0.00370121405132028
43,5,3,11.737142857142857,-0.006656731326553736,-0.006656731326565337,1.1601041308151317e-14,0.0,0.0,0.9584691380258015,1.4166649052066758,0.0015613875443170407,0.002462289396386692,0.002593987226114853
43,5,3,12.0,0.0,0.0,0.0,0.0,0.0,0.9584404255608602,1.416575008592962,0.0,0.0,0.0
44,5,4,2.8,74.77489670531055,0.016771730844401207,74.75812497446616,1.0,0.0,2.828437372365634,6.433586779966722,96.77191709203422,222.9512480601046,149.28890949419107
44,5,4,3.0628571428571427,25.981457270640323,0.016771730844401207,25.964685539795923,1.0,0.0,2.2788858583974916,5.533770610346913,32.12993021568854,61.366370433760245,31.81569483543512
44,5,4,3.3257142857142856,3.3851972094756246,0.016771730844401207,3.3684254786312233,1.0,0.0,0.9482281823079427,1.759221799057854,49.4977447364713,104.49369233057872,110.38124748806165
44,5,4,3.588571428571428,4.894130697259208,0.016771730844401207,4.877358966414807,1.0,0.0,1.1348953992232549,2.5576379217600134,59.02591813085056,103.0227580646761,88.12478868931038
44,5,4,3.8514285714285714,15.981661630158431,0.016771730844401207,15.96488989931403,1.0,0.0,1.0827487010318029,2.517070840634457,30.85372979032274,44.958392603821025,46.620106627628196
44,5,4,4.114285714285714,20.163985943064876,0.016771730844401207,20.147214212220476,1.0,0.0,0.757801623936276,1.0900821717305877,21.89726762729487,43.66125629886995,32.608642402992054
44,5,4,4.377142857142857,16.041467278022928,0.016771730844401207,16.024695547178528,1.0,0.0,1.1145721711496819,1.7580781966518748,16.0625046338824,37.54723747501472,14.393543919950627
44,5,4,4.64,7.33288698086852,0.016771730844401207,7.316115250024119,1.0,0.0,1.0397572908604107,1.7667871988063564,13.141323720089995,35.0350639075858,9.138649735436058
44,5,4,4.902857142857142,2.0657055059842397,0.016771730844401207,2.0489337751398384,1.0,0.0,0.9238074813424115,1.3882268210118134,10.210250113451071,27.330379304809384,1.210685267332474
44,5,4,5.1657142857142855,0.03523178989285207,0.016771730844401207,0.018460059048450862,1.0,0.0,0.9177592009657634,1.3094693405502873,8.826377529433913,22.854629758257776,7.337563536044882
44,5,4,5.428571428571429,-0.6523152483937908,0.016771730844401207,-0.669086979238192,1.0,0.0,0.9338314017384391,1.3347070384238757,7.299165605539556,19.881709788567,4.3007249766750695
44,5,4,5.691428571428571,-0.7319361668352714,0.016771730844401207,-0.7487078976796726,1.0,0.0,0.9505524946049342,1.3767773290655527,6.21708253572687,15.415189161110664,1.0685860969340604
44,5,4,5.954285714285714,-0.6570548555564917,0.016771730844401207,-0.673826586400893,1.0,0.0,0.9583717925342627,1.3913093901657045,4.856683252691552,10.928981123242501,2.408444513410525
44,5,4,6.217142857142857,-0.5556080957124673,0.016771730844401207,-0.5723798265568686,1.0,0.0,0.9627592140534234,1.4027074580027232,3.4908348273590493,7.318408952284008,1.1014934214988559
44,5,4,6.4799999999999995,-0.44539072649837635,0.016771730844401207,-0.4621624573427776,1.0,0.0,0.9652443388171698,1.4096450676887375,2.6807872931362753,4.435858631804329,0.3954669003146976
44,5,4,6.742857142857142,-0.3434675962171159,0.005338804101146276,-0.34880640031826216,0.9671991017264264,0.0,0.9648540895261842,1.4092402561146713,2.2793639530695033,4.083500687280605,0.8522072194900205
44,5,4,7.005714285714285,-0.2860879830925959,-0.06789827813796723,-0.2181897049546287,0.7844476532096374,0.0,0.9620353183610595,1.4102782352471077,1.8404886642307499,2.8557899417614,0.37523056004663574
44,5,4,7.268571428571428,-0.28765595686325274,-0.1848595678596071,-0.10279638900364564,0.47679520179622736,0.0,0.959505467691607,1.4131838094776972,1.2027403261176615,1.9635131670356585,0.3573445148518867
44,5,4,7.531428571428571,-0.3051242058947979,-0.2745417234460106,-0.030582482448787338,0.1798412120634284,0.0,0.9583894036276357,1.4152480377580898,0.49690316160932396,0.860938177733555,0.31057505045947414
44,5,4,7.794285714285714,-0.2963490337542842,-0.29353882474581405,-0.0028102090084700937,0.020778930647087083,0.0,0.9581440457720577,1.4170376406509604,0.07391740424082552,0.1167254242975856,0.021180882646433037
44,5,4,8.057142857142857,-0.26093336539975037,-0.2609333653998211,7.072634838900527e-14,0.0,0.0,0.9582167976973059,1.4173816274565347,0.02898327819122519,0.07673836644915914,0.11335003262445605
44,5,4,8.32,-0.2241918843364721,-0.22419188433645026,-2.1841960531898688e-14,0.0,0.0,0.9582822632628997,1.417077947143327,0.026577268748448044,0.06197290768540862,0.10214437797532237
44,5,4,8.582857142857144,-0.19123946059937247,-0.19123946059933408,-3.8403447089052637e-14,0.0,0.0,0.9583089976860096,1.4168360720896331,0.02347129736267511,0.049751388361079375,0.08701755093353822
44,5,4,8.845714285714285,-0.16240445493557762,-0.16240445493564307,6.546587620961941e-14,0.0,0.0,0.9583161241433491,1.4166467048004996,0.02028275906343705,0.04471229658420725,0.07125619579827205
44,5,4,9.108571428571427,-0.13752690482912303,-0.13752690482915028,2.7242445278796713e-14,0.0,0.0,0.9583140677214113,1.416500283284709,0.017323683074203584,0.03857608157050192,0.05641001657825514
44,5,4,9.37142857142857,-0.11623104392061209,-0.11623104392065643,4.434398031064046e-14,0.0,0.0,0.9583084065441356,1.416388396775421,0.014729638476768761,0.03235108971578263,0.043143576476781374
44,5,4,9.634285714285713,-0.09806030588917851,-0.09806030588927402,9.550857283865955e-14,0.0,0.0,0.9583020255451713,1.4163043293912867,0.012528170478650597,0.026533230006521802,0.031702193762479756
44,5,4,9.897142857142857,-0.08253622777875397,-0.08253622777871814,-3.583321638543635e-14,0.0,0.0,0.9582963420918436,1.416243228901619,0.010677894783247434,0.021344873011814352,0.022167397089112077
44,5,4,10.16,-0.06917667018275782,-0.0691766701828484,9.058813118037468e-14,0.0,0.0,0.9582920297609661,1.4162020777533884,0.009109647880856843,0.01686566163298839,0.014586913152807895
44,5,4,10.422857142857143,-0.057496598403719124,-0.05749659840380424,8.511764014972056e-14,0.0,0.0,0.9582894738958123,1.4161794743059037,0.007749072122614255,0.013100251253489324,0.009014415078716479
44,5,4,10.685714285714285,-0.047009429142183506,-0.04700942914223118,4.7674279237894246e-14,0.0,0.0,0.9582890748442603,1.416175144847189,0.0065186178273431775,0.010007823497902427,0.00545418588935787
44,5,4,10.948571428571427,-0.03724437320437884,-0.03724437320447479,9.594861233655494e-14,0.0,0.0,0.9582914340780855,1.4161890793676244,0.0053398268506317376,0.007507893765813757,0.0036732671606564704
44,5,4,11.21142857142857,-0.027792174418645923,-0.02779217441874147,9.554857642937732e-14,0.0,0.0,0.9582973993515711,1.416220223116095,0.004142608650731582,0.005472541598357023,0.0031149401494597316
44,5,4,11.474285714285713,-0.01838539496089553,-0.018385394960860564,-3.4965638511744865e-14,0.0,0.0,0.9583079080124774,1.41626479090062,0.0028755391412036554,0.003714819991968698,0.003150042895008403
44,5,4,11.737142857142857,-0.009007076505140965,-0.009007076505129632,-1.1333517295226276e-14,0.0,0.0,0.9583235660273621,1.4163145525567002,0.0015066341638560205,0.001985936461625334,0.002686711655774857
44,5,4,12.0,0.0,0.0,0.0,0.0,0.0,0.958343960487206,1.4163559398346757,0.0,0.0,0.0
45,5,5,2.8,27.144619686909152,0.0062933802324592935,27.138326306676696,1.0,0.0,2.406646521425821,5.756963601761761,99.42700393659368,232.48005391133708,136.22912975909543
45,5,5,3.0628571428571427,31.4038082392811,0.0062933802324592935,31.397514859048645,1.0,0.0,1.5319973982839281,2.9538758571207544,53.55592340922408,114.21674520819352,63.951465637352285
45,5,5,3.3257142857142856,30.372045583559476,0.0062933802324592935,30.36575220332702,1.0,0.0,1.1325188630148735,2.6049648335076263,46.242877401604986,104.15313630022219,50.658462211523435
45,5,5,3.588571428571428,11.955062685415914,0.0062933802324592935,11.948769305183454,1.0,0.0,1.1974858358857232,2.351003588746659,46.70041635249165,107.1512312439611,30.289890742196324
45,5,5,3.8514285714285714,2.095074733333723,0.0062933802324592935,2.088781353101264,1.0,0.0,0.9009547469575298,1.6342395986561635,22.96380308276494,69.43893108605367,5.697244203229502
45,5,5,4.114285714285714,-0.5629071267731957,0.0062933802324592935,-0.5692005070056549,1.0,0.0,0.9137618757457133,1.5237551205671478,43.409014956783196,130.84126291887262,34.99207487913748
45,5,5,4.377142857142857,-1.5586019110306988,0.0062933802324592935,-1.5648952912631582,1.0,0.0,0.9459186754568958,1.4676673116369252,54.78469715615873,201.86639230477186,20.291578039562523
45,5,5,4.64,-1.6996869477111891,0.0062933802324592935,-1.7059803279436485,1.0,0.0,0.9543225138918119,1.437803526650509,37.398772662017215,131.29118125508384,10.138451729102245
45,5,5,4.902857142857142,-1.5106003850538139,0.0062933802324592935,-1.516893765286273,1.0,0.0,0.959287325634878,1.4451560192904749,9.143027494077371,17.008495642991807,2.1536548114477045
45,5,5,5.1657142857142855,-1.1377442113329335,0.0062933802324592935,-1.1440375915653929,1.0,0.0,0.9656237546722741,1.470539958396383,11.950446249070227,44.46343197889426,1.3420849814882942
45,5,5,5.428571428571429,-0.8167621610796515,0.0062933802324592935,-0.8230555413121108,1.0,0.0,0.9692442421968247,1.4747051642537798,11.939624129743768,44.61327918149782,1.036345546067109
45,5,5,5.691428571428571,-0.616117814039734,0.0062933802324592935,-0.6224111942721933,1.0,0.0,0.9675583649806432,1.4579331555127217,9.326289747979336,30.875570893098796,0.32838459524209634
45,5,5,5.954285714285714,-0.4943841686163986,0.0062933802324592935,-0.500677548848858,1.0,0.0,0.9624857962851443,1.4363500313943713,7.425037752312796,20.583964427077735,0.31791585429246744
45,5,5,6.217142857142857,-0.403124840509528,0.0062933802324592935,-0.4094182207419873,1.0,0.0,0.9576176096971188,1.4280820443311473,6.895172407774589,17.900314885191754,0.907141354761087
45,5,5,6.4799999999999995,-0.3416671270226728,0.0062933802324592935,-0.3479605072551321,1.0,0.0,0.9547342012587379,1.423833079085341,7.294870600417021,19.6868437377702,1.3361296859239922
45,5,5,6.742857142857142,-0.29143141638569536,0.009058412941482546,-0.30048982932717794,0.9671991017264264,0.0,0.9542901734865954,1.4222543258059968,7.650947371795861,22.310947501562662,0.9193856020541555
45,5,5,7.005714285714285,-0.23117439055133965,-0.010044619248638025,-0.22112977130270162,0.7844476532096393,0.0,0.9560684918083375,1.4219217674369753,6.38183069562408,19.961914056529523,0.47784630475079976
45,5,5,7.268571428571428,-0.1900744942220081,-0.06983928918738339,-0.12023520503462469,0.47679520179622853,0.0,0.9581854063610988,1.4207364608183903,3.690661972586991,12.115382049894265,1.4184670460804842
45,5,5,7.531428571428571,-0.17097775160900755,-0.13179323684826622,-0.03918451476074133,0.1798412120634292,0.0,0.9590178575929711,1.4200486186673345,1.2331971534219142,4.152656206988032,1.1981606616634206
45,5,5,7.794285714285714,-0.16156264607009785,-0.15785771978074375,-0.003704926289354092,0.020778930647087437,0.0,0.9589450319717351,1.4190203558970225,0.13769292515231493,0.4384491605624229,0.3345112807268701
45,5,5,8.057142857142857,-0.1494944152268672,-0.14949441522684875,-1.844165532088882e-14,0.0,0.0,0.9589211661967696,1.4184908734933401,0.023762854930405447,0.07701468106432317,0.0382600130159695
45,5,5,8.32,-0.1331623890976277,-0.13316238909754674,-8.096726761275264e-14,0.0,0.0,0.9589181631770867,1.4180999201073263,0.020608588840520158,0.06313273966566804,0.04828921390727193
45,5,5,8.582857142857144,-0.115796111781817,-0.11579611178188312,6.612593545646251e-14,0.0,0.0,0.9588901745815568,1.4177709565068854,0.019847492628018798,0.05147232360722708,0.04927891718098448
45,5,5,8.845714285714285,-0.09911316559478557,-0.09911316559480816,2.2602028755536187e-14,0.0,0.0,0.9588515432957465,1.417499692449333,0.018250232861672926,0.041864793624140015,0.045545784035703765
45,5,5,9.108571428571427,-0.0838896760995879,-0.08388967609950462,-8.327747497670347e-14,0.0,0.0,0.9588099131749148,1.4172783864796985,0.01633411102872648,0.03425765685213394,0.039746640372027395
45,5,5,9.37142857142857,-0.0703962814164188,-0.07039628141646234,4.3553909393964644e-14,0.0,0.0,0.9587691802306963,1.4170988426637432,0.014379647579008694,0.030699482313938084,0.03335144913066948
45,5,5,9.634285714285713,-0.05863671601805336,-0.0586367160180491,-4.260382411441777e-15,0.0,0.0,0.9587311295341587,1.4169536527036957,0.012525509522332109,0.026693253482668895,0.027147314331635263
45,5,5,9.897142857142857,-0.04847615271148432,-0.048476152711412035,-7.228648842699803e-14,0.0,0.0,0.9586963271012905,1.4168365901500755,0.010829031175003164,0.022721836500254267,0.02154880582219833
45,5,5,10.16,-0.039709031302486514,-0.039709031302560774,7.425666526984786e-14,0.0,0.0,0.9586645943254168,1.4167425729138239,0.009298826112651981,0.019019264114096778,0.01676928624409284
45,5,5,10.422857142857143,-0.03209637625604528,-0.032096376256102725,5.74451562707079e-14,0.0,0.0,0.958635262468506,1.4166673894378312,0.007911982933515404,0.015672085697043692,0.012900960433052427
45,5,5,10.685714285714285,-0.025391627979075685,-0.025391627978999378,-7.630684929413324e-14,0.0,0.0,0.958607337024144,1.4166073022221728,0.006624642719591364,0.012674889699073565,0.00993597700551841
45,5,5,10.948571428571427,-0.019366791761545304,-0.019366791761506453,-3.8853487484627474e-14,0.0,0.0,0.9585796657772307,1.4165586336044347,0.005381534383750104,0.009962328680016688,0.007754526770503548
45,5,5,11.21142857142857,-0.01384443879585171,-0.013844438795772702,-7.900709166758225e-14,0.0,0.0,0.9585511797098141,1.416517464020423,0.004126839245298711,0.007432897117844518,0.006104111949991276
45,5,5,11.474285714285713,-0.008734345145317058,-0.008734345145357467,4.0408627073780516e-14,0.0,0.0,0.95852124637694,1.416479603531561,0.002816613509971353,0.004975144648633117,0.004592478173600071
45,5,5,11.737142857142857,-0.004065952934109476,-0.004065952934072175,-3.730084811989429e-14,0.0,0.0,0.9584901251302178,1.4164410054244223,0.001432912281466552,0.0025028259703709674,0.0027215997890121676
45,5,5,12.0,0.0,0.0,0.0,0.0,0.0,0.9584594243673635,1.4163987450171431,0.0,0.0,0.0
46,5,6,2.8,18.811562823310748,0.020172613967737153,18.79139020934301,1.0,0.0,4.420592514114372,8.714494108056574,86.726972930037,159.36874877765396,182.91487514424776
46,5,6,3.0628571428571427,39.48116861149251,0.020172613967737153,39.46099599752477,1.0,0.0,1.5540856783282522,4.084227195157996,40.642222360845224,109.04356003621737,126.75051678064428
46,5,6,3.3257142857142856,32.904055746691874,0.020172613967737153,32.88388313272414,1.0,0.0,1.5260984412886631,2.88009990806221,41.88601097453197,99.16762367638012,46.766973515520846
46,5,6,3.588571428571428,25.53358089005832,0.020172613967737153,25.513408276090583,1.0,0.0,1.642399619840924,3.0954846880075992,33.86958239009205,78.14515917479568,120.79625450701
46,5,6,3.8514285714285714,4.228839979698487,0.020172613967737153,4.20866736573075,1.0,0.0,1.08550592048364,1.643669859960863,16.262662138323904,45.8375899390328,51.63181901585502
46,5,6,4.114285714285714,-0.41299594256373906,0.020172613967737153,-0.43316855653147623,1.0,0.0,0.8790449416627476,1.7312566911193972,5.755808918647665,11.85425550388743,9.252070034586746
46,5,6,4.377142857142857,-0.9255902999684671,0.020172613967737153,-0.9457629139362043,1.0,0.0,0.922438941158236,1.4807802039562497,3.0330018019303213,8.39324386633462,6.676540215042616
46,5,6,4.64,-1.6839224767104042,0.020172613967737153,-1.7040950906781411,1.0,0.0,0.9391261352318893,1.3931816171121252,1.5886953539354072,5.010454068471974,3.898543446671607
46,5,6,4.902857142857142,-1.6495299777672294,0.020172613967737153,-1.6697025917349664,1.0,0.0,0.9476873620499019,1.4426824021666746,1.0040647646520684,2.5276797670667044,1.7803849481951577
46,5,6,5.1657142857142855,-1.4044491028423758,0.020172613967737153,-1.424621716810113,1.0,0.0,0.9490458111015772,1.4496807041055026,0.8790136150541411,2.005227834537869,1.1395514210340763
46,5,6,5.428571428571429,-1.2196018552152503,0.020172613967737153,-1.2397744691829875,1.0,0.0,0.9466027656284325,1.4315176960686002,0.6608836332579652,1.1445443614638433,0.6494110144822496
46,5,6,5.691428571428571,-1.049158239301964,0.020172613967737153,-1.0693308532697012,1.0,0.0,0.9442005989221981,1.4207092383917994,0.5122407427221697,1.006020929120184,0.6411400720623583
46,5,6,5.954285714285714,-0.8539854713574744,0.020172613967737153,-0.8741580853252116,1.0,0.0,0.944849296212116,1.4220711317569354,0.42281696192330903,0.9715747607200012,0.6836696237901498
46,5,6,6.217142857142857,-0.6752577960297984,0.020172613967737153,-0.6954304099975356,1.0,0.0,0.9476129472133866,1.4264418256559375,0.3528142545441608,0.9011730035475253,0.5081064453508797
46,5,6,6.4799999999999995,-0.5440814645470214,0.020172613967737153,-0.5642540785147586,1.0,0.0,0.951056708098281,1.4297026023981085,0.2909828466702752,0.7584766748876214,0.3311296917115514
46,5,6,6.742857142857142,-0.43733724681061814,0.014957991471874547,-0.45229523828249274,0.9671991017264264,0.0,0.9543880764400285,1.4327958706432828,0.2588595323359521,0.5635501509396937,0.33403161102702306
46,5,6,7.005714285714285,-0.34626345343191695,-0.04190058784868599,-0.30436286558323095,0.7844476532096384,0.0,0.9572830484220367,1.4320100775358842,0.204603900672164,0.38990613413352304,0.2248668440808597
46,5,6,7.268571428571428,-0.3046644326181153,-0.15219355275765326,-0.1524708798604621,0.47679520179622736,0.0,0.9589638648554104,1.4273453619810597,0.1255961952961541,0.2820630445888531,0.07248925006871734
46,5,6,7.531428571428571,-0.2960391381998595,-0.24874708337151624,-0.04729205482834322,0.1798412120634292,0.0,0.9592005182751804,1.422533342401329,0.06549883816843435,0.1567587458093334,0.03728650575531235
46,5,6,7.794285714285714,-0.28448196238680956,-0.27996167815370837,-0.004520284233101155,0.020778930647087374,0.0,0.9589327255518285,1.4202053690510736,0.033180024986460305,0.0955975785036643,0.05674601068839235
46,5,6,8.057142857142857,-0.25714250237896413,-0.25714250237889585,-6.828612935522172e-14,0.0,0.0,0.9589462193910716,1.4195755118452138,0.02507140713746158,0.0778749705003077,0.0831241129935446
46,5,6,8.32,-0.22625977753828388,-0.2262597775383378,5.392484028754474e-14,0.0,0.0,0.9589730802640645,1.4190541112731476,0.023987882849777147,0.06317738505598645,0.08072468176220644
46,5,6,8.582857142857144,-0.19664724611151277,-0.19664724611144327,-6.948623707675462e-14,0.0,0.0,0.9589504445370048,1.4186135444313142,0.02200516219221765,0.05089256120377207,0.07171895049995619
46,5,6,8.845714285714285,-0.16960540695834392,-0.1696054069583456,1.7001526055049344e-15,0.0,0.0,0.9589057284490202,1.4182471005188853,0.019560146013851844,0.040799885336805244,0.06015916821165133
46,5,6,9.108571428571427,-0.14556577381790656,-0.1455657738178844,-2.216198925764079e-14,0.0,0.0,0.9588534245133244,1.417944542698184,0.017069079070631713,0.03257917494045455,0.048198342440494105
46,5,6,9.37142857142857,-0.12451735695217778,-0.12451735695220638,2.860256736320066e-14,0.0,0.0,0.9588009053329711,1.4176954893523153,0.014740560882775226,0.026476926903373162,0.036921481193479266
46,5,6,9.634285714285713,-0.10623000231496482,-0.10623000231490463,-6.018540223487468e-14,0.0,0.0,0.958751592233415,1.4174908104349289,0.012659684650258712,0.022323475789128897,0.02686126187181019
46,5,6,9.897142857142857,-0.09036396838529995,-0.09036396838527025,-2.9702666107939145e-14,0.0,0.0,0.9587066758404752,1.417323070978811,0.010840657951799596,0.01833603121641699,0.01829941196848867
46,5,6,10.16,-0.0765166581576058,-0.07651665815759241,-1.3401202890450658e-14,0.0,0.0,0.9586660496275933,1.4171864573069628,0.009255580929588614,0.014734499957531741,0.011431769930586413
46,5,6,10.422857142857143,-0.06423902109787549,-0.06423902109781303,-6.246560690578718e-14,0.0,0.0,0.9586288408535035,1.4170763474050383,0.007850296431694416,0.011621134262895507,0.006436203930038887
46,5,6,10.685714285714285,-0.05304606094665851,-0.053046060946616506,-4.200377025365132e-14,0.0,0.0,0.9585937749974575,1.4169885878648252,0.00655533630889648,0.009022777205542525,0.003429089141059327
46,5,6,10.948571428571427,-0.042442247211754124,-0.04244224721168935,-6.477081382089829e-14,0.0,0.0,0.9585595229163089,1.4169185499855879,0.005299061720740296,0.006903330324750919,0.0021427188393590853
46,5,6,11.21142857142857,-0.03197918758612773,-0.031979187586039286,-8.844293862813464e-14,0.0,0.0,0.9585251153745489,1.4168601275496442,0.004027273282213701,0.005158897933113264,0.0018808665142630303
46,5,6,11.474285714285713,-0.021355888118641874,-0.02135588811861834,-2.353211223972418e-14,0.0,0.0,0.9584904416895477,1.4168049932761573,0.002723257087013126,0.0036077658089017513,0.00236441895648291
46,5,6,11.737142857142857,-0.010557302043788594,-0.010557302043772152,-1.644147578500066e-14,0.0,0.0,0.9584567581237984,1.4167426375488488,0.0013999453278508876,0.0019902675890870595,0.002410313693511718
46,5,6,12.0,0.0,0.0,0.0,0.0,0.0,0.9584269988291568,1.4166619552355482,0.0,0.0,0.0
47,5,7,2.8,25.97125388946781,0.012872781515958564,25.958381107951855,1.0,0.0,1.722599436219473,4.245920936030023,166.55290617295114,409.0441191496383,393.9758989266332
47,5,7,3.0628571428571427,40.237553730016415,0.012872781515958564,40.224680948500456,1.0,0.0,1.6153902733000751,3.7885258588876214,62.76739181349319,201.73532585315573,108.09687976967908
47,5,7,3.3257142857142856,6.734311050989768,0.012872781515958564,6.7214382694738095,1.0,0.0,1.1652568810673323,2.005812709283843,37.96942604616753,74.23165231684295,36.37005500436004
47,5,7,3.588571428571428,10.871205403831167,0.012872781515958564,10.858332622315208,1.0,0.0,1.5003201246571671,2.4781879313006203,31.557148391715693,67.55839774744403,63.270673614146055
47,5,7,3.8514285714285714,17.59401178181715,0.012872781515958564,17.581139000301192,1.0,0.0,1.1172171848128902,2.255679515746111,28.986502218297723,74.15935095708026,40.81976159694244
47,5,7,4.114285714285714,20.77862774885479,0.012872781515958564,20.765754967338832,1.0,0.0,0.6020504801504312,0.9669767622813911,25.419387730514824,63.53579399773179,27.684015899745994
47,5,7,4.377142857142857,13.919154417646057,0.012872781515958564,13.906281636130098,1.0,0.0,1.1463170271943894,2.9346566233046865,27.010143873279617,50.61351590353355,21.381436232787607
47,5,7,4.64,4.460300280362673,0.012872781515958564,4.447427498846714,1.0,0.0,0.9548932829964419,1.9387166047053763,18.94642792611497,47.14277520577176,4.735534788839615
47,5,7,4.902857142857142,0.960002454065403,0.012872781515958564,0.9471296725494444,1.0,0.0,0.9426767553338978,1.455280501483668,13.50090008102841,33.85147690346654,11.137735533374997
47,5,7,5.1657142857142855,-0.32134830139645126,0.012872781515958564,-0.3342210829124098,1.0,0.0,0.9427564141866928,1.4474926812166367,9.952785333561136,26.799329929361452,6.346246811075604
47,5,7,5.428571428571429,-0.8252601611546055,0.012872781515958564,-0.8381329426705642,1.0,0.0,0.9459628817574084,1.436721275541066,6.771028758248605,15.423065741400874,3.422124306730057
47,5,7,5.691428571428571,-0.8661327813334911,0.012872781515958564,-0.8790055628494498,1.0,0.0,0.9505786768426712,1.4234909567384944,5.160469522977382,12.377664237675305,3.499798297731404
47,5,7,5.954285714285714,-0.7507506350426455,0.012872781515958564,-0.7636234165586041,1.0,0.0,0.9548671418627966,1.4203366808418143,4.701942780821439,10.937497905075782,3.251056050856145
47,5,7,6.217142857142857,-0.6107983106794811,0.012872781515958564,-0.6236710921954397,1.0,0.0,0.959130045188752,1.4247727248749453,4.249975515814049,10.408754836148645,1.5287668580809197
47,5,7,6.4799999999999995,-0.47896071915399074,0.012872781515958564,-0.4918335006699493,1.0,0.0,0.9615086112989987,1.4266698316857422,3.9972526669388437,9.397639902649878,0.512973073632217
47,5,7,6.742857142857142,-0.36514970910896394,0.002903203811997368,-0.36805291292096126,0.9671991017264264,0.0,0.9612631131923116,1.4253423594527082,3.5219399839410097,7.626658121398325,0.7788755179416422
47,5,7,7.005714285714285,-0.29305670244406945,-0.06390320898948783,-0.2291534934545816,0.7844476532096374,0.0,0.9595651187928874,1.4229567820115734,2.4872240983607146,5.169206842651297,1.5458233505741839
47,5,7,7.268571428571428,-0.2796553315465052,-0.17210890859475883,-0.10754642295174639,0.47679520179622625,0.0,0.9585909702931682,1.4210023822737312,1.3331194661055994,2.5442692698494254,1.5401184056618646
47,5,7,7.531428571428571,-0.28682388802888575,-0.2550304529701187,-0.03179343505876699,0.1798412120634284,0.0,0.9585196073540573,1.4192783475643622,0.535899997638616,1.036535072136522,0.9528688611712948
47,5,7,7.794285714285714,-0.27481320184146807,-0.2719490965351886,-0.002864105306279429,0.020778930647087374,0.0,0.9585845497403784,1.4181816698836784,0.0969610886883593,0.18066945248519312,0.31257812231437254
47,5,7,8.057142857142857,-0.24089754564934568,-0.24089754564921456,-1.3113177037282764e-13,0.0,0.0,0.958639814752623,1.4178949852869,0.027172214641140596,0.05681209984451158,0.1021462700406683
47,5,7,8.32,-0.20599134536134503,-0.20599134536127772,-6.732604317799541e-14,0.0,0.0,0.9586643273997584,1.417658134703975,0.02492266503381167,0.05057184312138832,0.09266254932562479
47,5,7,8.582857142857144,-0.17469008237880737,-0.17469008237870243,-1.0492941845269277e-13,0.0,0.0,0.9586532358952843,1.4174559225694294,0.02206371570921587,0.04850632183559592,0.07972326298978637
47,5,7,8.845714285714285,-0.14735945822754778,-0.14735945822751464,-3.314297490966678e-14,0.0,0.0,0.9586262974611358,1.4172854918373652,0.01914285682056479,0.04373818006073558,0.06616128136885471
47,5,7,9.108571428571427,-0.12386003653439599,-0.12386003653433769,-5.83052334711398e-14,0.0,0.0,0.9585939533585721,1.4171427040854359,0.01646141164821192,0.0379873791574475,0.05333611076614573
47,5,7,9.37142857142857,-0.10382977021033309,-0.10382977021022456,-1.0852974161729145e-13,0.0,0.0,0.9585615143502665,1.4170233534843317,0.014176927636087692,0.0321545215672398,0.041842932163862534
47,5,7,9.634285714285713,-0.08682442600207331,-0.08682442600207833,5.030451532758718e-15,0.0,0.0,0.9585314683173289,1.416923678464277,0.012254992932540835,0.026687376059867002,0.03190405399283554
47,5,7,9.897142857142857,-0.0723805685759108,-0.0723805685759208,1.000089767944079e-14,0.0,0.0,0.9585047586510814,1.4168405081716104,0.01059346600377687,0.02178659086262552,0.02358319701404248
47,5,7,10.16,-0.060037933013864696,-0.06003793301386164,-3.050273792229441e-15,0.0,0.0,0.9584815029153375,1.4167711909043514,0.009134196272108883,0.017519297857228756,0.016891650583556166
47,5,7,10.422857142857143,-0.049344487886456685,-0.049344487886366716,-8.996807552424935e-14,0.0,0.0,0.9584614161570354,1.41671337272419,0.007829226245943972,0.013878957285474775,0.011817279918154356
47,5,7,10.685714285714285,-0.03986094748610623,-0.03986094748609229,-1.3941251365140463e-14,0.0,0.0,0.9584440864385904,1.4166646794444653,0.006622004062772485,0.010813551346776265,0.008289589689519395
47,5,7,10.948571428571427,-0.03117761658722183,-0.03117761658723579,1.3961253160499344e-14,0.0,0.0,0.9584291767813505,1.4166223789555101,0.005447064826899465,0.008235819735251832,0.006104808308635882
47,5,7,11.21142857142857,-0.022952404906146744,-0.022952404906063026,-8.371751447459885e-14,0.0,0.0,0.9584165753568096,1.4165831457762685,0.004238224060515375,0.006025206581946637,0.004881218564409466
47,5,7,11.474285714285713,-0.014972506360812965,-0.014972506360696742,-1.1622293215720128e-13,0.0,0.0,0.9584064754954715,1.416543098281051,0.0029412755681314504,0.004029751289669152,0.004054331159300095
47,5,7,11.737142857142857,-0.007231813651726302,-0.007231813651741302,1.4998846294741326e-14,0.0,0.0,0.9583993391530508,1.4164983092298147,0.0015272518126912343,0.0020764192975573767,0.0027926724637271725
47,5,7,12.0,0.0,0.0,0.0,0.0,0.0,0.9583956895149897,1.416445972426055,0.0,0.0,0.0
