epoch,best_loss,lr_eff,objectives.train_loss,objectives.valid_loss,objectives.train_energy_mae,objectives.valid_energy_mae,objectives.train_forces_mae,objectives.valid_forces_mae,objectives.train_dipole_mae,objectives.valid_dipole_mae
1,185.42366365576115,0.0010000000474974513,84.82917955528232,185.42366365576115,36.23269084146855,42.65807949180068,0.17559117399357493,0.47655615519497113,0.05541057303425212,0.22108982582120623
2,90.76980419511831,0.0010000000474974513,12.786488522225824,90.76980419511831,5.5331323368328835,37.32043433658207,0.14855526833252333,0.2183573399359911,0.02899835504243548,0.15344243782796954
3,57.090865404900356,0.0010000000474974513,5.0982623543918315,57.090865404900356,1.8591069821515052,28.52411266103816,0.10368908890263076,0.19039951938848648,0.027096304663557343,0.09119661377114348
4,31.23959031704848,0.0010000000474974513,2.933698059219359,31.23959031704848,1.0026423614636244,20.037116125510867,0.07904953907619201,0.15384675690563873,0.02580817840780409,0.048833494945716975
5,16.685789801710094,0.0010000000474974513,2.3908929626439086,16.685789801710094,0.7916454684924417,13.452557272520227,0.07168422113610363,0.125409972182483,0.024187666810731475,0.02769200949639443
6,8.45921732398881,0.0010000000474974513,2.016334103830468,8.45921732398881,0.6621635033050636,8.832681500788102,0.06636346288561455,0.09764622460275993,0.022392729982623396,0.025373623528981707
7,4.064049138840428,0.0010000000474974513,1.6391843819508205,4.064049138840428,0.5453177487813374,5.740842640970215,0.05955093601879293,0.07162793759641985,0.021336957842158017,0.02637727605516488
8,1.943984532713724,0.0010000000474974513,1.3175728328807568,1.943984532713724,0.43233813949001054,3.7116078614581665,0.053333058764103276,0.05130799446698802,0.020503739240982418,0.02524009610814443
9,1.0072946219375314,0.0010000000474974513,1.3281784781837134,1.0072946219375314,0.463923540604628,2.4552681899404867,0.053402182485151196,0.03776846170492894,0.01961921689592537,0.022962910996486962
10,0.5711764295020613,0.0010000000474974513,1.1009601508415894,0.5711764295020613,0.3717460380147515,1.6452748878918295,0.04873836780542957,0.028769501216948018,0.019355781469839642,0.02078756485202198
11,0.3715222867058497,0.0010000000474974513,0.9096811093239037,0.3715222867058497,0.3172424855752803,1.1203307138457328,0.044211191240474665,0.023478261439904884,0.01810201996206951,0.019338302536099767
12,0.2734165900431299,0.0010000000474974513,0.835749553401842,0.2734165900431299,0.30026059606607125,0.788179191106301,0.042534814702294914,0.020231947344181368,0.017926235232893842,0.01822438939141142
13,0.22605438705586575,0.0010000000474974513,0.9321225789385211,0.22605438705586575,0.3350964912111107,0.5979278915086681,0.04521212267892215,0.018462163293595638,0.017034158820504977,0.017200703840334945
14,0.19769759519731075,0.0010000000474974513,0.8691780126058278,0.19769759519731075,0.3335986334548152,0.4833436937305325,0.043858322651276926,0.017375710866175568,0.01611905803381571,0.016363108655026076
15,0.17915553236961998,0.0010000000474974513,0.777107166547752,0.17915553236961998,0.29207007109815986,0.3868923570166247,0.041163304666421895,0.016597119810523312,0.01629679092656044,0.015639039560920887
16,0.16280994664317536,0.0010000000474974513,0.6213424508613365,0.16280994664317536,0.25596688406925855,0.311371912436811,0.03741495257123292,0.015874940557978234,0.015348560890615526,0.014991115858886869
17,0.15053445802342094,0.0010000000474974513,0.6891902299220404,0.15053445802342094,0.2668987327998183,0.27424091069869394,0.03846798108587159,0.015300285389476195,0.015312551337401087,0.014350543828547597
18,0.14230667004241981,0.0010000000474974513,0.7063281350364443,0.14230667004241981,0.29598251827070976,0.25688367337060936,0.039694099909219384,0.014887652447406037,0.013598920227599252,0.013711279027524198
19,0.1347670376451989,0.0010000000474974513,0.6605198604878029,0.1347670376451989,0.32154947578235094,0.23924624477730363,0.03805530886252279,0.014495964762021543,0.014175352160508812,0.013098603119573497
20,0.12902599622451408,0.0010000000474974513,0.6432194443874675,0.12902599622451408,0.3038984770533455,0.22061802843542122,0.03796525178890708,0.014239232585142609,0.014259195392942122,0.01257503726016398
21,0.12365624497760168,0.0010000000474974513,0.6795178274013386,0.12365624497760168,0.33417546433198825,0.21248769596359202,0.03914328759211223,0.014006284611157034,0.013195263840096186,0.012062434299821371
22,0.11535686775263214,0.0010000000474974513,0.5027031752093299,0.11535686775263214,0.24911703192726692,0.18879788332441033,0.032781756594943236,0.013555860270641151,0.013253719643886332,0.011609246903779008
23,0.11307938090497444,0.0010000000474974513,0.7665295237420802,0.11307938090497444,0.3997284439205916,0.20765862199653015,0.04258482835772816,0.013448241458540247,0.011582261727931371,0.011104641524684588
24,0.1061277644538174,0.0010000000474974513,0.4078466163010593,0.1061277644538174,0.2539877569663995,0.16815453245338885,0.029377603763463888,0.01305073274206423,0.012412404488462422,0.01081480124099854
25,0.09997628964611303,0.0010000000474974513,0.45072933322263414,0.09997628964611303,0.28170003069889066,0.14700809960823152,0.0311481751440504,0.012647455935346092,0.012159239976695643,0.010567371496613472
26,0.09458445589189551,0.0010000000474974513,0.42250046643530415,0.09458445589189551,0.26257336149539684,0.14219336631133245,0.029777749602297943,0.012250902382841237,0.012514956917073095,0.010353441869200498
27,0.09073391204636495,0.0010000000474974513,0.46550195381028076,0.09073391204636495,0.30514662785297914,0.1301754343822139,0.03213849901005304,0.012058217718948069,0.011403552109641947,0.010062605554438785
28,0.08843971330670816,0.0010000000474974513,0.5270576869694522,0.08843971330670816,0.34343718504357174,0.1262735309273515,0.0345710160843952,0.011941998944733552,0.011106809900790961,0.009837793741309504
29,0.08410827788908609,0.0010000000474974513,0.37337254538092796,0.08410827788908609,0.26498710091797295,0.11176110544454343,0.02840757211045559,0.011652836527022559,0.012777832629991912,0.00974548243903547
30,0.0810923785128549,0.0010000000474974513,0.3906508501231599,0.0810923785128549,0.31170258862967726,0.10559714763814279,0.029643414259116388,0.011444582140303075,0.010710108481017104,0.009543698697618773
31,0.07801475799788372,0.0010000000474974513,0.3583397396649899,0.07801475799788372,0.2804510176776423,0.09875433294827074,0.028001772815924905,0.01126241896304845,0.010559568167478979,0.009309417649257645
32,0.07635197785902495,0.0010000000474974513,0.3776074899911517,0.07635197785902495,0.23253019338911132,0.091532960720112,0.02736109024269523,0.011200650075978024,0.010984814921585997,0.009173904773858729
33,0.07505764514682524,0.0010000000474974513,0.4574475707511191,0.07505764514682524,0.3581288675817266,0.09788672880500099,0.03186694202998875,0.011069832995569594,0.010818913378146954,0.009057571761113945
34,0.07412997335506256,0.0010000000474974513,0.36720982064880064,0.07412997335506256,0.2100786582385745,0.09024552703729131,0.027263458071258937,0.011025922662058572,0.010937079317916544,0.009035912405115983
35,0.07026674638382369,0.0010000000474974513,0.2579821898156759,0.07026674638382369,0.2473549666023331,0.0778053720133959,0.02378716966998643,0.01068130341319824,0.011092383340414869,0.008916631781771099
36,0.06950600935179475,0.0010000000474974513,0.4685777409188395,0.06950600935179475,0.31730449960753254,0.08657630058848309,0.031881373340509764,0.01067617152180904,0.009719355987946366,0.00877221130178622
37,0.06683825377941702,0.0010000000474974513,0.3020211138710346,0.06683825377941702,0.2872358362296059,0.07940721225813925,0.02586284513661464,0.010460630316079965,0.01078900500960135,0.00874626011395434
38,0.06683825377941702,0.0010000000474974513,0.36695344359309495,0.06696435314762784,0.23438959650241736,0.07855125804411685,0.026913378919995023,0.010475227416494821,0.010172570784663826,0.00871756312382052
39,0.06579332500800657,0.0010000000474974513,0.36169403812296247,0.06579332500800657,0.29001098236158657,0.07999802142871383,0.02734525603720762,0.01038095444468986,0.010269960805913502,0.008711900441599618
40,0.06553967194147556,0.0010000000474974513,0.2890270336978861,0.06553967194147556,0.2316445209049235,0.07001708094729625,0.024184215018879445,0.01037636681640772,0.009388171721984294,0.00867958242260371
41,0.06392314472012112,0.0010000000474974513,0.24892748250458915,0.06392314472012112,0.23200335742303496,0.06476105717416339,0.02279683785805818,0.010205897686191338,0.009667229184337078,0.008637267790623513
42,0.06320627289777843,0.0010000000474974513,0.391130333392503,0.06320627289777843,0.3161643151633675,0.06558706313232215,0.028601572799400177,0.010205351161908882,0.009309165431187011,0.008550913083227196
43,0.06320627289777843,0.0010000000474974513,0.394198750472603,0.06372667191988833,0.3277898751740482,0.06526843180848615,0.02768752734492225,0.010251265597178278,0.009854120392836035,0.00856992566548252
44,0.06198209576693464,0.0010000000474974513,0.29356975723388523,0.06198209576693464,0.27491156057981164,0.05818523315938371,0.024484023383959073,0.01010545877941955,0.010817417671379136,0.008580502463933007
45,0.05980715703615613,0.0010000000474974513,0.2707557098257705,0.05980715703615613,0.2686782665894709,0.05312004900621129,0.023301914492319473,0.009846178964181412,0.010219961075645165,0.008548357036068908
46,0.057466947375134976,0.0010000000474974513,0.2554661443115253,0.057466947375134976,0.2770141580303641,0.050113641779873284,0.02278217368524687,0.00965051866807303,0.009457333852211921,0.00842477698344412
47,0.054236638035229635,0.0010000000474974513,0.21321577562347413,0.054236638035229635,0.2546719871885218,0.04056388354192055,0.021021531489022395,0.009366639070581764,0.009189514111180573,0.008223966918035749
48,0.052016538120998525,0.0010000000474974513,0.222832421538444,0.052016538120998525,0.2528960548785589,0.038496959219219494,0.020611828150066385,0.009169307271781573,0.009128628574878396,0.00813628511478507
49,0.05013987955980436,0.0010000000474974513,0.19039784929426473,0.05013987955980436,0.2594060619978444,0.03233678320023929,0.019820248982933365,0.008959976257126167,0.008529766463135496,0.00802365495484864
50,0.04969882223260706,0.0010000000474974513,0.30650068309926803,0.04969882223260706,0.3273178167122663,0.03317714720921873,0.024091529449809336,0.008919842006885533,0.008965136893052358,0.007973396131830167
51,0.04804731047415839,0.0010000000474974513,0.17842914371484256,0.04804731047415839,0.247629097413049,0.021248184111530906,0.018950766467648487,0.008722872531403645,0.009179687713647272,0.007906163927063775
52,0.04710693385629118,0.0010000000474974513,0.3032638832500975,0.04710693385629118,0.33789762514687544,0.030049169630916167,0.024026815609063994,0.00864605161802344,0.009637468488031098,0.007848885874736674
53,0.0460949123314191,0.0010000000474974513,0.21021552271667576,0.0460949123314191,0.2708414629678357,0.025761289384167767,0.020328173393245403,0.008531728711176684,0.00920455974805903,0.007820798138384202
54,0.04498030024411801,0.0010000000474974513,0.24990655361560576,0.04498030024411801,0.32584357177154183,0.026262482586320596,0.02236630407915468,0.008450675152531959,0.008625242705964126,0.007709928974734314
55,0.04353090020926917,0.0010000000474974513,0.18492261305363544,0.04353090020926917,0.26767958201762493,0.026902479962746327,0.019347119824947204,0.008278548731549547,0.008555445527423603,0.00760189784518325
56,0.04306931625051005,0.0010000000474974513,0.2749202437746948,0.04306931625051005,0.3425595581447247,0.027200329891991778,0.022831881675406788,0.008229019913778002,0.008654828912344046,0.007551774439601825
57,0.04145405812489296,0.0010000000474974513,0.17394524673792386,0.04145405812489296,0.23677730826370355,0.019657619268922937,0.017978539851205556,0.00806227210158986,0.008256484778591042,0.007468939642071531
58,0.0399633204887807,0.0010000000474974513,0.12603672748103614,0.0399633204887807,0.22635390649302697,0.02090029353657157,0.016180808735958445,0.007869496815650637,0.00849651552184846,0.007392281811642115
59,0.03926893342741221,0.0010000000474974513,0.21442515489060088,0.03926893342741221,0.3143399106226228,0.019801650182470622,0.019805069861920724,0.007795277038787008,0.008299433475908564,0.00732770218726698
60,0.03854558392359252,0.0010000000474974513,0.24094192327007924,0.03854558392359252,0.3224043032009644,0.01763600072109141,0.02106542686149521,0.007700177913573704,0.008016309400370108,0.007245542718570868
61,0.037431667204661775,0.0010000000474974513,0.1708255385885662,0.037431667204661775,0.2526564477595309,0.016275353425060972,0.017932320960916265,0.007606507979783399,0.008193022522730648,0.007164452920299963
62,0.03695271779148597,0.0010000000474974513,0.21946225351158358,0.03695271779148597,0.2894134215927009,0.019807024820900028,0.020056177819093534,0.007528414785788422,0.008533912724019134,0.007125057556605179
63,0.03557638077301202,0.0010000000474974513,0.15190498399816216,0.03557638077301202,0.2566574639653335,0.01921000037396149,0.01711123951015142,0.007398421698385953,0.007818211233753288,0.007033382205100522
64,0.03395512899949102,0.0010000000474974513,0.11449490395955018,0.03395512899949102,0.20414000588664788,0.013320022826959382,0.015155808649561814,0.007216295535859073,0.008378402341431312,0.006935521077682222
65,0.033288761753253494,0.0010000000474974513,0.16961497513655122,0.033288761753253494,0.2819809490133379,0.012168529806022446,0.017745748811248532,0.007139363317034653,0.007584369131757104,0.006853211312311326
66,0.032467180349411914,0.0010000000474974513,0.12853268866195663,0.032467180349411914,0.2255198867351606,0.011197172873587033,0.015959153485665758,0.0070332566707251775,0.008553843400609008,0.006849488101602173
67,0.03196619726542273,0.0010000000474974513,0.12805624970877696,0.03196619726542273,0.23374446378519723,0.010291917227502494,0.01577649033517736,0.006955522738001604,0.0077812580967599665,0.0067908946314169175
68,0.030945976640745228,0.0010000000474974513,0.13936534563165326,0.030945976640745228,0.27260230749644476,0.009335520238933205,0.016509968627132988,0.006849843704122671,0.007527059556166005,0.006739006992127236
69,0.0305409221173493,0.0010000000474974513,0.14995278166608186,0.0305409221173493,0.2547681025409161,0.009294333955975774,0.016489756843098214,0.006804035761183118,0.0074542745666528855,0.006677984162297918
70,0.02998023893524715,0.0010000000474974513,0.12600098918306107,0.02998023893524715,0.25563853850483514,0.009076598938897465,0.015267083107661244,0.006732204899326051,0.007583114946473006,0.006616329059273898
71,0.02973833789179603,0.0010000000474974513,0.17298470020146917,0.02973833789179603,0.3294670737023505,0.007424178441486135,0.018395167318178335,0.00672671721923688,0.007318051467708414,0.006574790155595135
72,0.02973833789179603,0.0010000000474974513,0.19803467747670353,0.030075613002009807,0.28939493803112176,0.010584766317871695,0.018813465438238235,0.00676850047509613,0.00752335914348874,0.006573113567120532
73,0.02907054548605624,0.0010000000474974513,0.08575492827458044,0.02907054548605624,0.18728697452820897,0.0073291044748772785,0.01318811861541527,0.0066163054717155514,0.007501809753865021,0.006520133658814598
74,0.02810517259870658,0.0010000000474974513,0.08981334981443613,0.02810517259870658,0.19718939702510932,0.00995765891103153,0.013424504724386575,0.006484390405249241,0.007630577826302443,0.006472004208439972
75,0.027438135920579233,0.0010000000474974513,0.13324629354959835,0.027438135920579233,0.2817402987427677,0.008738047092919102,0.015586004069139276,0.006396561335832329,0.007205330849118732,0.0064036812980969495
76,0.027282106327291382,0.0010000000474974513,0.15940142137897398,0.027282106327291382,0.3013882543341688,0.007266687243286039,0.017122125299552586,0.006375839257514625,0.0071725771549502335,0.006357539793000902
77,0.026714803749623303,0.0010000000474974513,0.10019962682559436,0.026714803749623303,0.19830314982619296,0.006279531950456977,0.014079537558722191,0.0063067705253678176,0.007015210380280133,0.006275289324086847
78,0.02636413652612598,0.0010000000474974513,0.13838555699748906,0.02636413652612598,0.27041057839055416,0.0074452801596937845,0.016361201714542188,0.0062801059897227,0.0075817435156986124,0.00624584626742825
79,0.02636413652612598,0.0010000000474974513,0.15028402361263515,0.02653030795251336,0.2883807496932646,0.009358173637417451,0.016983971535681177,0.006322779357876022,0.007032102415502073,0.006232402303733123
80,0.026223874736249736,0.0010000000474974513,0.10891861966332983,0.026223874736249736,0.2287500332356722,0.00615325978434379,0.014546638165740942,0.006261520304875169,0.007570934238588213,0.006216459514439596
81,0.025928398950361305,0.0010000000474974513,0.1533931767329514,0.025928398950361305,0.2881419491633,0.009356139017315532,0.016410412617050372,0.006203273629629736,0.0069135491437442,0.006147143916415645
82,0.025856993421717715,0.0010000000474974513,0.14133403961657023,0.025856993421717715,0.27378952412312485,0.006589627586216752,0.016236970610887826,0.006209525447700496,0.006587627176011735,0.006098784900106075
83,0.025098845901804254,0.0010000000474974513,0.08166674629781552,0.025098845901804254,0.18055961667650458,0.008691886721994498,0.012789788534609187,0.006091677314223017,0.007280853952252237,0.006037346464262921
84,0.024509200761855664,0.0010000000474974513,0.09535565652579824,0.024509200761855664,0.2180925177485566,0.005952396388017169,0.013856396791475586,0.006027151975970523,0.0065378728061650385,0.005959184462598626
85,0.024327972095015925,0.0010000000474974513,0.12874023903974272,0.024327972095015925,0.24375942369716852,0.0063586087932207885,0.015187209797071378,0.006007619545638844,0.006544941559210214,0.005899130039817624
86,0.023919200826420354,0.0010000000474974513,0.09974964855290931,0.023919200826420354,0.20295666268283535,0.004877339808085439,0.013599808174149236,0.005958490092887053,0.006688001009884049,0.0058350018298507795
87,0.02346389308559974,0.0010000000474974513,0.12825030239165566,0.02346389308559974,0.2616774090096711,0.0070059783758316336,0.014810236356957539,0.005907881920421737,0.006725184481025353,0.005757656401644965
88,0.02346389308559974,0.0010000000474974513,0.13038775321120635,0.02346775141758483,0.29892077883952173,0.005713328467265321,0.015149624437297228,0.0059104390678472885,0.006131072370240101,0.005721400952692919
89,0.023114432489594557,0.0010000000474974513,0.12354168126767662,0.023114432489594557,0.2555225396399651,0.008647244949346797,0.014991279369383626,0.005856683995572971,0.0063258611177350295,0.0056531368689752195
90,0.022706534371568683,0.0010000000474974513,0.10107169237830524,0.022706534371568683,0.24241456716480247,0.00521695633647634,0.013911252889180685,0.005807837747855556,0.006238574417901794,0.005608994382064253
91,0.022324766328347154,0.0010000000474974513,0.09446307772758833,0.022324766328347154,0.21339925233335585,0.0049317262430646665,0.013302842489243398,0.005755390764550729,0.0061879998111819285,0.005570555076779637
92,0.021713847149726923,0.0010000000474974513,0.06518526977286512,0.021713847149726923,0.15454888770691555,0.004433633992871889,0.01136328544753758,0.005671110157798144,0.006793728187651111,0.005530900856812702
93,0.021290029445743156,0.0010000000474974513,0.061421585747573074,0.021290029445743156,0.1447440349924616,0.004515416968561547,0.011117485107511284,0.005598732876541006,0.005863832338470484,0.005435629874243512
94,0.02094067933131512,0.0010000000474974513,0.07284798769589236,0.02094067933131512,0.20906255393327686,0.004188529868463801,0.011950593238072814,0.005552695618812438,0.006439145300085707,0.0053928659823802945
95,0.02053424906627492,0.0010000000474974513,0.06464661418969603,0.02053424906627492,0.17387921262845746,0.004503016365097812,0.011102064216651783,0.005489025224940843,0.006566155169772289,0.005341901312518963
96,0.02053424906627492,0.0010000000474974513,0.14777078860977447,0.020709525646573662,0.30488154498901227,0.008003623349411175,0.016264722821602618,0.00550809897791848,0.006194421220637335,0.0053340913758195075
97,0.02048976696102109,0.0010000000474974513,0.0691242487289286,0.02048976696102109,0.20498879087614386,0.004872131423301811,0.011548840442569687,0.005463596807317111,0.006140198574393614,0.0053079449359347605
98,0.020332646649990672,0.0010000000474974513,0.0888789403584043,0.020332646649990672,0.23262439021025597,0.0044037386711566345,0.01304338444503977,0.005431543652387449,0.0058653394276041125,0.005265070488090804
99,0.02010747400358171,0.0010000000474974513,0.06337188868951434,0.02010747400358171,0.1895362849775974,0.004646499703842648,0.011253520742818126,0.005391046856321507,0.00596469197578047,0.005226673342749595
100,0.01966602670378212,0.0010000000474974513,0.06172136031731821,0.01966602670378212,0.17343502112518872,0.004523452890710179,0.01089790974247516,0.005332013891581591,0.005765584710590861,0.005163751032743781
101,0.01954472521438351,0.0010000000474974513,0.09667904154508426,0.01954472521438351,0.2467705607308143,0.004269636041936669,0.013521518278399395,0.0053184524484792455,0.005624556709308918,0.005126033317649737
102,0.01926555842522935,0.0010000000474974513,0.057929613441454,0.01926555842522935,0.1552801690242222,0.004153589638277639,0.010827994404273303,0.0052791661118202545,0.005755190419654486,0.0050862000225137295
103,0.019027966862959596,0.0010000000474974513,0.06105311743467506,0.019027966862959596,0.17860582711616782,0.005063920400672075,0.010927302639986322,0.005245983401950881,0.00563654032713447,0.005041855556585457
104,0.018606732478208144,0.0010000000474974513,0.05642072705265331,0.018606732478208144,0.17107783860907055,0.004095531903299758,0.010314973763547846,0.005179984957139379,0.005992372472917375,0.005005534724670166
105,0.018270548149818606,0.0010000000474974513,0.08551379465495687,0.018270548149818606,0.21546603530632882,0.006073101946715001,0.012541586507740876,0.005144802246475186,0.005528793156294833,0.004966720663403129
106,0.018120528116060818,0.0010000000474974513,0.06459648001147078,0.018120528116060818,0.21552610147574763,0.004795303904710699,0.0110967149360444,0.005112193761014694,0.0053166125480601754,0.004940302624185898
107,0.018120528116060818,0.0010000000474974513,0.15733203955347588,0.018246360928103143,0.2596082243649244,0.006273052037623576,0.015519430468662623,0.005145258407839436,0.005822485142029377,0.004925599314722651
108,0.018056051977142325,0.0010000000474974513,0.07093543099180377,0.018056051977142325,0.19865951138963212,0.005140533919076343,0.011516981151762572,0.0050903650393335125,0.005171094332321419,0.004884327836817357
109,0.017989205913767927,0.0010000000474974513,0.09266938384068273,0.017989205913767927,0.2571902992998907,0.004285982933740071,0.013003153768406783,0.005086172350748496,0.00507746901874486,0.0048463249667326826
110,0.017925157775570282,0.0010000000474974513,0.07431173517513051,0.017925157775570282,0.2106209408550103,0.0044332229437592414,0.01171062851312596,0.005069097791152741,0.0053990329573192055,0.00481378044979179
111,0.017738969572203986,0.0010000000474974513,0.06647463005294421,0.017738969572203986,0.1847949404362329,0.004453590410330979,0.011237698649944283,0.005025944216331356,0.00509486030282482,0.004763269529856354
112,0.01746917856845326,0.0010000000474974513,0.06080491083507315,0.01746917856845326,0.1790552812887237,0.0042613449774226925,0.010923070430205727,0.004982020525332475,0.005209957232610648,0.004721341016454191
113,0.017308697982319175,0.0010000000474974513,0.055731941849927046,0.017308697982319175,0.16856300768602359,0.004265963484460879,0.010440371552705937,0.004963022470162449,0.005419503099778574,0.004686561991552818
114,0.017192338099043757,0.0010000000474974513,0.06743647047708859,0.017192338099043757,0.19208750059586097,0.004102053581205007,0.011386731606152799,0.00494992686997344,0.005251276755534307,0.004656482124211377
115,0.017192338099043757,0.0010000000474974513,0.07494966463118086,0.017205643729646395,0.22398449542866086,0.004468119624573933,0.01170407926099754,0.004942637916668799,0.0055569356304170136,0.004657795570188701
116,0.017170532589854185,0.0010000000474974513,0.09249755056027209,0.017170532589854185,0.2358254586321883,0.005634912419577686,0.01306442145774532,0.0049383972764238055,0.00664953003475672,0.004704469151231874
117,0.016981513608842997,0.0010000000474974513,0.05787093967439943,0.016981513608842997,0.18173172334606089,0.004285155711969497,0.010344902905237737,0.00489548162604997,0.005160208576506335,0.004674791511717808
118,0.01672118460618358,0.0010000000474974513,0.06242289795015873,0.01672118460618358,0.1900064132016552,0.004347333268764929,0.010734835917292426,0.004855398692454097,0.00508475108450042,0.004614538498588124
119,0.016629303444689988,0.0010000000474974513,0.0885940250656356,0.016629303444689988,0.2286808548580013,0.004144292814511761,0.012668352762929668,0.004847258613535638,0.0051915030520851705,0.004587008789906232
120,0.01630677088186038,0.0010000000474974513,0.043072016303745374,0.01630677088186038,0.14703459208132258,0.003956540183421541,0.009026159822493785,0.004789770949567123,0.004978775973583268,0.0045346702185245615
121,0.016177956938104553,0.0010000000474974513,0.0744621592930893,0.016177956938104553,0.20305757712857458,0.0058112902493780766,0.011612153113169852,0.004776928679258065,0.004891914110055484,0.004502273617655021
122,0.016122851226797373,0.0010000000474974513,0.08479813621416019,0.016122851226797373,0.20816818069000204,0.004226916982941126,0.011814852523645142,0.004781528905939949,0.005617908066895188,0.004515220738992432
123,0.015943084245069326,0.0010000000474974513,0.05997794272002014,0.015943084245069326,0.18814066448998268,0.005115618256128723,0.010312498695577295,0.004740891008162652,0.005272439080891609,0.00448825122978328
124,0.015733133063458995,0.0010000000474974513,0.05571134647968366,0.015733133063458995,0.169701909516885,0.003942086036488535,0.010069637435134513,0.00469720714198441,0.004984860712249442,0.004447485447311127
125,0.015608247708866891,0.0010000000474974513,0.055276565078941214,0.015608247708866891,0.17723488432071866,0.004003197727044266,0.010267406816574492,0.004665328018829126,0.004932412893469889,0.0044097179884952705
126,0.015497756248563628,0.0010000000474974513,0.057301256214223176,0.015497756248563628,0.1604130666625879,0.004757418460329486,0.010704396275998633,0.0046495000056524065,0.0049812325013285546,0.0043831070106794025
127,0.015497756248563628,0.0010000000474974513,0.05950129023419137,0.015521828072615197,0.21284912539014297,0.004784810081755876,0.010752548411314612,0.004641288324159056,0.0048950548872977616,0.004363508981983049
128,0.01530640226421632,0.0010000000474974513,0.04547571208790405,0.01530640226421632,0.13882621912633944,0.003949648597288781,0.009260063887923923,0.004606798629294387,0.005024310664974718,0.004344549156690751
129,0.01508835740773416,0.0010000000474974513,0.04187652672746734,0.01508835740773416,0.15530498618764588,0.0038168654824565465,0.008872765490456447,0.00455882074096341,0.004926903261398037,0.004305978868523115
130,0.015082124459881892,0.0010000000474974513,0.10289652027091203,0.015082124459881892,0.2798709036268631,0.003912092470274701,0.01355087862425399,0.004582840513820343,0.004673609871575439,0.004300115393931121
131,0.015082124459881892,0.0010000000474974513,0.07957894183011886,0.01518405940148968,0.21476608240699355,0.004356446764863532,0.011557330534760026,0.0045920480698694475,0.004830014662493805,0.004299312430338969
132,0.015082124459881892,0.0010000000474974513,0.0654113360706794,0.015093826977083271,0.16379747230464375,0.003838584849434302,0.010176235394047058,0.004564862349758334,0.0049070796787222,0.00429408933894024
133,0.014988570818804215,0.0010000000474974513,0.07509573033458962,0.014988570818804215,0.2012023230912267,0.003972943264403526,0.011399817976005363,0.004542922856932676,0.0052383634394864275,0.004270713843888514
134,0.014910008630424054,0.0010000000474974513,0.0518914818559579,0.014910008630424054,0.16062334511446938,0.004307752227980282,0.009950662876320198,0.004523682070984323,0.00498902573000103,0.004256634156508652
135,0.014848679414791876,0.0010000000474974513,0.09360673010016712,0.014848679414791876,0.2586132402853345,0.0038936112934709203,0.012936480628595875,0.00454397099467398,0.0048448006569621,0.004246244856397402
136,0.014641769833449421,0.0010000000474974513,0.05137444842066236,0.014641769833449421,0.15472853166219977,0.004405216847939341,0.00976488127721913,0.004510760252615238,0.005462893509604159,0.004253671176410424
137,0.01443455459604987,0.0010000000474974513,0.0450149500794815,0.01443455459604987,0.1595980279958925,0.004274358149495369,0.009277129199220522,0.004470487481645244,0.004559009605804309,0.004214879529992784
138,0.014140893019021519,0.0010000000474974513,0.036121011931136725,0.014140893019021519,0.1218789938917997,0.005253630362281652,0.008052052924591083,0.00441395225068262,0.004581326156490527,0.004173482961855021
139,0.014140893019021519,0.0010000000474974513,0.0686248656729254,0.014149940612495323,0.21353683459326403,0.004233010878361841,0.01124046616730178,0.004404140024641158,0.004694675787592861,0.004159795828823267
140,0.013990689527123767,0.0010000000474974513,0.04392705481354691,0.013990689527123767,0.14091317652195645,0.0039994341694633935,0.009257827041149452,0.004384423435768765,0.005218332744656819,0.0041422437960801734
141,0.013920258601835427,0.0010000000474974513,0.052574325118532855,0.013920258601835427,0.14538911037352958,0.0037743736599006854,0.009134202282270295,0.004365465645302378,0.004485631581234977,0.004116010202449493
142,0.013760160969591402,0.0010000000474974513,0.04060204164748554,0.013760160969591402,0.1480378497240837,0.003895980254430856,0.008891167065850664,0.004322974096215847,0.004374695665252243,0.004081641441099538
143,0.013659042254129844,0.0010000000474974513,0.05624144359123642,0.013659042254129844,0.17321284960828115,0.00432780543564281,0.00996314404533555,0.004299299309471157,0.004565767637744339,0.004063995879468002
144,0.013531649976163396,0.0010000000474974513,0.046729007744378416,0.013531649976163396,0.160411660707171,0.00471768229967917,0.009313467535711186,0.00428405292893111,0.004631488028155711,0.004049601751219358
145,0.01343426733703003,0.0010000000474974513,0.042047341594015894,0.01343426733703003,0.15722030249935823,0.0060865665890496,0.008875861302893704,0.004263020516362825,0.0045550522311471105,0.004034172653277842
146,0.013285303127019619,0.0010000000474974513,0.03695718725439969,0.013285303127019619,0.14034984460171276,0.004212970274053036,0.008496581685420683,0.004238608590619985,0.004879007927694016,0.00402123445512243
147,0.013283732971975062,0.0010000000474974513,0.0856501675147128,0.013283732971975062,0.2251482479530833,0.0039474973690639134,0.011710209148176186,0.004248366747239118,0.004629252789508562,0.004001711988726412
148,0.013113210666530244,0.0010000000474974513,0.027148339856922915,0.013113210666530244,0.10316953149897559,0.0037181733217134497,0.0073221314752141015,0.004210964404232003,0.004397126467686427,0.0039729259201609895
149,0.012875390865995186,0.0010000000474974513,0.04066830971964793,0.012875390865995186,0.14603534218368916,0.004047978530252603,0.008834001002549984,0.004182019980379658,0.004371853513376556,0.00395381468104338
150,0.012795080958054804,0.0010000000474974513,0.03927425743360833,0.012795080958054804,0.1474607746861431,0.0037916325955234483,0.00871608927441585,0.004160358189686277,0.004488803511332031,0.0039296267636887245
151,0.012793856785203152,0.0010000000474974513,0.037506686556540984,0.012793856785203152,0.1433019465518778,0.003704264313793676,0.008452618823337605,0.0041472966594745695,0.004215388668093282,0.0039131538532274695
152,0.01270422366647441,0.0010000000474974513,0.04205980897096845,0.01270422366647441,0.1625207285768521,0.0036550809159544813,0.00866545480999871,0.0041258220419928505,0.004249284838868056,0.0038937365286939103
153,0.012568634268925283,0.0010000000474974513,0.034452294921329306,0.012568634268925283,0.1395803273662868,0.003717621277557198,0.008168228805571713,0.0041074950303387064,0.00467510457439479,0.0038876374855894916
154,0.012568634268925283,0.0010000000474974513,0.061134975843025206,0.012604853403295806,0.22135852472168924,0.0037393688874288837,0.010440673023134029,0.004116387955387093,0.004153795752715986,0.0038780080228686146
155,0.012553014569192292,0.0010000000474974513,0.06348557621280654,0.012553014569192292,0.18707676075818477,0.0036507489020439154,0.01021696111453617,0.0041128178531389375,0.004275762880647688,0.003873818753145815
156,0.012442108419431932,0.0010000000474974513,0.050168421179393144,0.012442108419431932,0.1704237532085031,0.003635832232608631,0.009428645500043652,0.0040970039626054885,0.0044955940640131154,0.0038723970491862654
157,0.012344856941096946,0.0010000000474974513,0.03624136023680408,0.012344856941096946,0.15518084046204478,0.0036697976468206884,0.008394907183670029,0.004070362925277449,0.004315015066732407,0.0038603241954535783
158,0.012196203568788515,0.0010000000474974513,0.031054535690811808,0.012196203568788515,0.12695482870991662,0.004019265853222398,0.007740625740935077,0.004041805348140062,0.004161798168378897,0.0038382354768088426
159,0.012003127801684227,0.0010000000474974513,0.023644535461577024,0.012003127801684227,0.11299521182557591,0.004113518990240844,0.006771844519800743,0.004008355874926746,0.004242867668823512,0.0038142979388244677
160,0.01195931196831322,0.0010000000474974513,0.03694267990323684,0.01195931196831322,0.1489472982927658,0.004578631596319876,0.00841828328355129,0.003994741148617914,0.0042295787677894174,0.003793751765884131
161,0.011880692258514585,0.0010000000474974513,0.028953793495723436,0.011880692258514585,0.12061373839040845,0.003565298084184451,0.007501112321429217,0.003969288298864197,0.004136029092767674,0.0037708431977751104
162,0.01182245217227859,0.0010000000474974513,0.03732556761960601,0.01182245217227859,0.16085090082267453,0.0038474034852271563,0.008411161858820232,0.003963308083237464,0.004299247420958658,0.003753433017441469
163,0.011708199725327415,0.0010000000474974513,0.0712470967287604,0.011708199725327415,0.21442343946419976,0.004556011227294051,0.0107049115683247,0.003982221839963334,0.004164096741095038,0.0037538456064327703
164,0.011699487609962426,0.0010000000474974513,0.04110290663306954,0.011699487609962426,0.15127093946313366,0.004072819786346314,0.008410985879226033,0.003965988192298742,0.004044786727887114,0.003745720765116095
165,0.011699487609962426,0.0010000000474974513,0.038068889131654494,0.011706597558705255,0.13729472533651008,0.003632010030865279,0.008406208615674406,0.003947152097064331,0.004190466014286027,0.0037292803172212768
166,0.011549505480973539,0.0010000000474974513,0.025178778062123472,0.011549505480973539,0.10764103135870513,0.0036728194853096877,0.007049060473681087,0.003923736001086626,0.004407372966547654,0.0037171609105176085
167,0.01139332522020417,0.0010000000474974513,0.026005659843416327,0.01139332522020417,0.10221932349788597,0.003549514132686484,0.007114688611160107,0.003889428010280583,0.004244195264572877,0.003703050530697454
168,0.01139332522020417,0.0010000000474974513,0.06688232396922004,0.011433398081843989,0.1793554693010479,0.003641587718620951,0.010137841652504623,0.0038889041821879603,0.004453587956669421,0.0037092416472744045
169,0.01139332522020417,0.0010000000474974513,0.10056712864123604,0.01152547992367742,0.2320174247708146,0.003914775445684612,0.012089181510997202,0.003970309843305666,0.0042268982374199,0.00370308142745112
170,0.01139332522020417,0.0010000000474974513,0.03669995319579309,0.011432373490434694,0.1373664068183157,0.0036819170880572467,0.00821631394487862,0.00391929685724077,0.004138078348743427,0.0037004156272608278
171,0.01128589802148229,0.0010000000474974513,0.025653228532499336,0.01128589802148229,0.11751952699439415,0.00398020429658699,0.007072057115904863,0.003873125625267815,0.003972402043446327,0.003670095664672605
172,0.011279698405131103,0.0010000000474974513,0.040554100818667976,0.011279698405131103,0.1575322947556675,0.0035376683146135296,0.008706931318480425,0.0038604276151714884,0.004513802777016906,0.0036598034091072777
173,0.011279698405131103,0.0010000000474974513,0.049116960257024805,0.011324526377131501,0.18044933382564873,0.004003645914580117,0.00922851667962496,0.0038668495630213425,0.004089109192349058,0.003664432576639582
174,0.011249921260516441,0.0010000000474974513,0.028009654640893604,0.011249921260516441,0.11691979302256077,0.004227259491885214,0.007302022106664651,0.003850806841883736,0.004122156678556506,0.0036432242437805895
175,0.011249921260516441,0.0010000000474974513,0.041750755276157736,0.011271562545593023,0.19084760520095673,0.003568985344072837,0.008919802513529232,0.003845345779102782,0.0042107866816025975,0.003647116329174728
176,0.011249921260516441,0.0010000000474974513,0.03945891296895706,0.011300484980120255,0.20631641478097285,0.0037565870399300923,0.008545629096308483,0.003840296125444737,0.0038325606121063756,0.0036397246289754212
177,0.011178468386723206,0.0010000000474974513,0.028942101090389066,0.011178468386723206,0.11692313549020233,0.003599857134925646,0.007404088891669368,0.003820138932360461,0.004094523766320086,0.0036153584412756236
178,0.0110348183708836,0.0010000000474974513,0.05935924304827918,0.0110348183708836,0.17809558144905993,0.003699855225619381,0.009690954508234031,0.0038259151088649067,0.004100297709028169,0.003606248826349858
179,0.011003853863694133,0.0010000000474974513,0.03617604839012688,0.011003853863694133,0.1227673461526346,0.0038705728325129692,0.007848401902706657,0.00380756519433298,0.003984513719855622,0.003598453137502781
180,0.01084596373849414,0.0010000000474974513,0.018172095800535106,0.01084596373849414,0.07872253778798977,0.004000264091030582,0.0059116970720467345,0.0037664902187885423,0.004092190758936261,0.0035795473085783367
181,0.010720688797566501,0.0010000000474974513,0.02284593883421513,0.010720688797566501,0.10827749659617819,0.003588996442659742,0.006652294061994969,0.003738744153793147,0.004079091270518304,0.003557732961825011
182,0.010659422063807947,0.0010000000474974513,0.02271545916399314,0.010659422063807947,0.09456244785742458,0.0035728845243999264,0.0065671792490854305,0.003717037410700009,0.0039115058858035035,0.003536069204661932
183,0.010659422063807947,0.0010000000474974513,0.0809522532751382,0.010758007246747596,0.20203805403107689,0.0037303976678737167,0.011253081047280986,0.003765298205735132,0.004356272343305245,0.0035343153268881542
184,0.010659422063807947,0.0010000000474974513,0.037394338260493966,0.010705188811446078,0.14922107284203068,0.0035038930694342237,0.008401262800286548,0.003749891150117963,0.004284775835148391,0.003532677037981078
185,0.010659422063807947,0.0010000000474974513,0.06442349131365241,0.010745183612453777,0.20929342665396652,0.0034375572997940025,0.010760846704834785,0.0037671521936917043,0.004346983816251603,0.003545942836765858
186,0.010659422063807947,0.0010000000474974513,0.030408675221776205,0.010715031228704971,0.1268573528329861,0.0034596822164012497,0.007228658340177216,0.003749423077766351,0.0038331313215141556,0.0035461087441546997
187,0.010659422063807947,0.0010000000474974513,0.03336365267098206,0.010710166237952385,0.14300745812448284,0.003465537430823552,0.00790162466437868,0.003730735084344201,0.004046102828972406,0.0035392849979995196
188,0.010572471320050288,0.0010000000474974513,0.03980606462711108,0.010572471320050288,0.12926565983647692,0.003800875640292143,0.008279712707122062,0.003737123861066949,0.004187879785137812,0.0035248482772724703
189,0.010468740972880433,0.0010000000474974513,0.03533881736670787,0.010468740972880433,0.13079703963672767,0.003611559489951454,0.007578055850782326,0.0037117491297842145,0.003934448033036531,0.003513209581431003
190,0.010365044005129687,0.0010000000474974513,0.04197412875408843,0.010365044005129687,0.1574888741223748,0.0034234449032084645,0.008445119602327177,0.0036976299789487693,0.0040031372963304675,0.00350129789204257
191,0.010365044005129687,0.0010000000474974513,0.04622508799031714,0.010381568959279967,0.15872155587349826,0.003566829458863201,0.008521206262242642,0.0037071038586935397,0.0038832497108272617,0.0035015208161654817
192,0.010346322295745837,0.0010000000474974513,0.029073782925409613,0.010346322295745837,0.11698803099508223,0.004053484685908002,0.007028878840682867,0.0036802784281016435,0.0039869486524253955,0.003490019235511249
193,0.010291325137933438,0.0010000000474974513,0.030988421137561867,0.010291325137933438,0.11020962234295079,0.0036760622153798207,0.007292364686989057,0.0036517332138138823,0.003770247807882739,0.0034686204289943543
194,0.010103067020015703,0.0010000000474974513,0.01733527584782274,0.010103067020015703,0.08000929130426053,0.003534104665519898,0.0058068566487816725,0.0036208565885843982,0.003749726815730244,0.0034424383045745448
195,0.010103067020015703,0.0010000000474974513,0.02330144902710165,0.01016199338351558,0.09262807344969638,0.003520090255907261,0.0066666602571157675,0.0036054575211046957,0.003840542331494162,0.0034292350828128227
196,0.010066597627229758,0.0010000000474974513,0.03757266965938042,0.010066597627229758,0.13068364551888106,0.0034731831703710956,0.007930175637848227,0.0035978062324468043,0.003731118151161009,0.0034155059999662635
197,0.010066597627229758,0.0010000000474974513,0.07991410607446278,0.010068028660700246,0.1969314622253193,0.0033605542065908217,0.010680477772545315,0.0036296540021420534,0.003940861797847524,0.003420408346763826
198,0.010022500385925748,0.0010000000474974513,0.01733234083423795,0.010022500385925748,0.08336528598696537,0.003351936250116571,0.005754535965120931,0.0035911019594148464,0.0038536565644083955,0.003400980452560667
199,0.009986186240189368,0.0010000000474974513,0.02877375312742344,0.009986186240189368,0.12690993553297586,0.0033366132274307335,0.007336630177114556,0.003582409568907913,0.003932678326934491,0.00339166309001767
200,0.009811985810693601,0.0010000000474974513,0.02339053311995598,0.009811985810693601,0.09963314845203347,0.0033809326481780955,0.006670619768326389,0.003567237321734884,0.0037277978976370915,0.0033769896090689333
201,0.009805532025083717,0.0010000000474974513,0.02016463294357946,0.009805532025083717,0.07547904907105757,0.0033068399798018453,0.0063475319472196794,0.0035536401533720263,0.0037829256383247645,0.003359403626740999
202,0.009791572022230823,0.0010000000474974513,0.046281769230161536,0.009791572022230823,0.13897407170429263,0.0037022679726310967,0.008091669718644043,0.0035334888576682892,0.0037674294188193994,0.003347103634908648
203,0.009791572022230823,0.0010000000474974513,0.03697523464492835,0.009825346491842286,0.1572354645398552,0.003430910811005686,0.008112844503137482,0.0035306556738901075,0.00396303926281405,0.0033539412447361324
204,0.009674493459260837,0.0010000000474974513,0.015465229395194386,0.009674493459260837,0.07031648765970419,0.003687777503223706,0.005435366959038447,0.003495582907892935,0.003654975610998311,0.003341011208113212
205,0.009576083622800302,0.0010000000474974513,0.025220745023880817,0.009576083622800302,0.10670867353793391,0.004033634819261749,0.006859506502707665,0.0034803781846114417,0.0035707032559504116,0.0033181958640309543
206,0.009542198307805812,0.0010000000474974513,0.03703935345892012,0.009542198307805812,0.12952035482129232,0.003836226732265407,0.00755601396598097,0.003482411682315136,0.0037062900102455168,0.0033067966224799043
207,0.009464361023709622,0.0010000000474974513,0.017291765007378803,0.009464361023709622,0.07249516853514007,0.004108139185015175,0.005544460600194087,0.003458371792775095,0.0037359625269214954,0.0032857874718943787
208,0.009392876540392302,0.0010000000474974513,0.0207205241291107,0.009392876540392302,0.10715211047345288,0.004197533672096148,0.006284125509795432,0.003444118903414746,0.00345291060777023,0.003277416013027668
209,0.009392876540392302,0.0010000000474974513,0.04664473176464721,0.00940134945347426,0.18433703930472395,0.0033349727495805823,0.009309043416352915,0.0034560942898036115,0.003596547968264709,0.0032823975557240677
210,0.009358532772873875,0.0010000000474974513,0.028030034810962605,0.009358532772873875,0.13138018647223004,0.0032833351958261887,0.00728348758129984,0.003457725550064409,0.0038938500165444953,0.0032822448480518632
211,0.009358532772873875,0.0010000000474974513,0.019732316595570936,0.009371493045230736,0.1088887893294632,0.00384091518873658,0.006142053873224145,0.0034412966736880584,0.0037174708478365575,0.0032754840986843324
212,0.009264398004583377,0.0010000000474974513,0.022551835617776256,0.009264398004583377,0.09034368079217925,0.0039036731987280924,0.006208994634935152,0.0034302668563851286,0.003606508927770568,0.003261721842456469
213,0.009264398004583377,0.0010000000474974513,0.0770974917540065,0.009359835384668698,0.2184989151727515,0.004164336527112626,0.01133290797612216,0.0034743032247406473,0.004031846907991083,0.003268123702960255
214,0.009264398004583377,0.0010000000474974513,0.020526019746890306,0.009275293162408438,0.10360136982720769,0.004085591495606798,0.006235530021262515,0.003444397179729296,0.0037351060048614903,0.0032592703845586556
215,0.009191126987678553,0.0010000000474974513,0.02972167165183992,0.009191126987678553,0.11834766468719479,0.003440998930961055,0.0071739469971006066,0.0034255908006732196,0.003502708232879539,0.003249013264833023
216,0.009103646682351836,0.0010000000474974513,0.021225798030500245,0.009103646682351836,0.09719321956344777,0.0041125681725844646,0.006328751191436619,0.0034159007191350344,0.003605718359773342,0.00323296546095178
217,0.009014601889077871,0.0010000000474974513,0.015280784541397165,0.009014601889077871,0.07971509991439092,0.003823337137290962,0.005377868767986592,0.0033911511501417716,0.0036109364595499987,0.003214302770236703
218,0.008997254558060273,0.0010000000474974513,0.017037080628533274,0.008997254558060273,0.07624117609151015,0.004008942670829744,0.005721627872240318,0.003372637082144518,0.003497899684599031,0.0032011918635354367
219,0.00893876777885172,0.0010000000474974513,0.02793284234828142,0.00893876777885172,0.13285523814319275,0.0032440361200579072,0.007080568670728842,0.003364752035690856,0.0034665051132015843,0.003190849616382647
220,0.00893876777885172,0.0010000000474974513,0.03278591400782105,0.008983811354006945,0.12619678456482342,0.0034463514425888404,0.007367707772008062,0.003364606709264582,0.003701633389616984,0.0031893608203770883
221,0.00893876777885172,0.0010000000474974513,0.041785933599067855,0.009008325327005316,0.16695213071394222,0.003825094610734999,0.008677296210042795,0.003383494952744788,0.003962782847565644,0.003204330216188275
222,0.00893876777885172,0.0010000000474974513,0.02803422189924288,0.009012902640327485,0.1197885176389733,0.003563750505416028,0.007003919004343016,0.0033816853172665244,0.0035818020130041262,0.0032067614471745914
223,0.00893876777885172,0.0010000000474974513,0.026952908970654027,0.00894632301882329,0.11224221693658507,0.003459562399338592,0.006807624396010448,0.0033670270571181916,0.0036551710466079745,0.003199733988169245
224,0.00893876777885172,0.0010000000474974513,0.028848180865650764,0.008985338802333697,0.12708728006146647,0.00339918694558977,0.0073814828926461115,0.003366046945966635,0.0038558621513280727,0.0031975337375123327
225,0.00893876777885172,0.0010000000474974513,0.017716172782550794,0.008983144381138126,0.09329184411203045,0.0034177595283245744,0.005872533244851833,0.0033538392399423346,0.003733907843115098,0.0031882153543783946
226,0.008873651351459412,0.0010000000474974513,0.020542645673053375,0.008873651351459412,0.09519124005311727,0.003327596646086947,0.005837891027178249,0.003328466559259163,0.003500150314768305,0.0031705360176235518
227,0.0088136345760312,0.0010000000474974513,0.02113316724939655,0.0088136345760312,0.10393129450491191,0.0033444182580553653,0.006295853038693458,0.0033181117100553217,0.0035262157078998,0.0031602559158294963
228,0.0088136345760312,0.0010000000474974513,0.02358073276254443,0.00883444331515658,0.11924374591978078,0.003214008470241304,0.0065900463111227105,0.0033131706244597025,0.0035333010913730684,0.003150768158964604
229,0.0088136345760312,0.0010000000474974513,0.027521714213377454,0.008840295492635082,0.12420153417844906,0.0032096383679581326,0.006921075890746603,0.0033102183946038485,0.003456004006721375,0.0031409798224696552
230,0.008774848085528522,0.0010000000474974513,0.01979794071989253,0.008774848085528522,0.08696130231177264,0.0033197594528571748,0.005929272993070617,0.003296615119565889,0.0035178925380009965,0.003132919977992063
231,0.008774848085528522,0.0010000000474974513,0.03681977254109763,0.008780026882440102,0.15266152698428648,0.0034245410287071683,0.008153949441371445,0.003304265086634389,0.0036440254500100955,0.003128392299777383
232,0.008774848085528522,0.0010000000474974513,0.024350443738615855,0.008778753603747337,0.10661012776943633,0.0032723418984083505,0.006569958673510343,0.003297790741551182,0.003510799369086835,0.0031260932287520654
233,0.00874600092919856,0.0010000000474974513,0.014868443529457447,0.00874600092919856,0.08380235591279803,0.003210722507732587,0.005319206252690509,0.00328699036334888,0.0033758073130398985,0.003111031412313548
234,0.008673524559491294,0.0010000000474974513,0.019128368628469977,0.008673524559491294,0.08872847596324042,0.0031971229443228328,0.006052051867294233,0.0032738673902080405,0.0034288742115650144,0.0030994561569834362
235,0.00864427018407204,0.0010000000474974513,0.021975356556860684,0.00864427018407204,0.09519195805481187,0.0033395356000326067,0.0062286053749048284,0.003265601238576635,0.0033940588367949447,0.003098410187930672
236,0.008584949904288144,0.0010000000474974513,0.02292142791223874,0.008584949904288144,0.09335816369270973,0.003518492369416575,0.00639322937080096,0.003257131151186447,0.0035812067343076286,0.0030849349605361807
237,0.008584949904288144,0.0010000000474974513,0.02869975126887764,0.008672743924524183,0.14269437572446061,0.003302929273319056,0.007178859513370619,0.0032648717951295463,0.0035532917081789964,0.0030859179648709072
238,0.008584949904288144,0.0010000000474974513,0.03014231454041942,0.00859858114757976,0.13324782444843233,0.0033523475572329797,0.007201178237709494,0.003258224984837829,0.0036081584628996095,0.0030828619028951225
239,0.008584949904288144,0.0010000000474974513,0.015588281701414144,0.008620421358005533,0.0864921663448516,0.0034945544402591525,0.0054597369562995645,0.0032472584929474375,0.003417446514701801,0.003071046209501172
240,0.008515241654771476,0.0010000000474974513,0.02081583510877785,0.008515241654771476,0.09011266385183783,0.0034191573624898306,0.006232865296014803,0.003241105030634225,0.003436103317605653,0.0030614171850279755
241,0.008431715620534097,0.0010000000474974513,0.01384566639829805,0.008431715620534097,0.06336118298799541,0.00351413170883279,0.005140383925809543,0.003227090688295383,0.0033015823293461536,0.0030465133287880517
242,0.008376862207109908,0.0010000000474974513,0.020040750588126738,0.008376862207109908,0.09600175766510824,0.003761041041497016,0.005981524452145787,0.003209295657779317,0.0032035548960520194,0.003032580416959835
243,0.008365162124658246,0.0010000000474974513,0.018810700841364315,0.008365162124658246,0.09346878863546035,0.003441555144435903,0.005824307554791395,0.003199589302964776,0.003290619538088874,0.0030227947125054627
244,0.008365162124658246,0.0010000000474974513,0.025184323254940987,0.008432782189594106,0.09739802881240696,0.003817298916505006,0.006348269083402182,0.0031975008002158075,0.0033080735295493583,0.0030202052969497384
245,0.008365162124658246,0.0010000000474974513,0.03738513564629971,0.008411211180724812,0.1671232541907302,0.00327003691960303,0.007866271770399424,0.0032001333906515974,0.0034038432790954834,0.0030183517947772564
246,0.008365162124658246,0.0010000000474974513,0.01822444625402364,0.008389527855937244,0.09789083129544399,0.0031307222697077967,0.005881039122803062,0.003190592346542269,0.003250409040500763,0.003007527862485607
247,0.008333979078870181,0.0010000000474974513,0.01535327730160103,0.008333979078870181,0.06628720722089908,0.0031278626279282024,0.0053772056972645,0.0031787536374769604,0.003584252174869054,0.0029995995589348935
248,0.008253664037548828,0.0010000000474974513,0.01645736561548219,0.008253664037548828,0.08597609221044802,0.003135655930244947,0.00559260850154213,0.0031665708415664724,0.0032227624615148035,0.00298698815048096
249,0.008250708178699431,0.0010000000474974513,0.027379473915915598,0.008250708178699431,0.12368023443004517,0.0034371961875841253,0.006974122208025361,0.003165747531449703,0.0036853041764446114,0.002987321573481582
250,0.008250708178699431,0.0010000000474974513,0.021904607314408953,0.008262220160967844,0.113339183339301,0.003302973697156669,0.006437247225403665,0.003165372321140965,0.0031589015423805697,0.0029842726376789635
251,0.008250708178699431,0.0010000000474974513,0.023983992229831576,0.008262500984967083,0.11770822340042794,0.003370851374533735,0.006577923465854529,0.003163447737942933,0.003264154034046984,0.0029879964314221985
252,0.008250708178699431,0.0010000000474974513,0.018754521329786184,0.008250814888171185,0.09192821112533751,0.003451438481135716,0.005780282322206597,0.00315284894881984,0.003324386390267344,0.002984848039510456
253,0.00818613487195836,0.0010000000474974513,0.01671983961427394,0.00818613487195836,0.07954553779934902,0.0031298552100783475,0.005571110388911348,0.0031359536445172693,0.003240815926708219,0.0029740907879168823
254,0.00818508145065997,0.0010000000474974513,0.0294869370574837,0.00818508145065997,0.11389416069707561,0.0032234972717944494,0.007036075806075381,0.0031402327973665623,0.0033737932288947056,0.002976887790609073
255,0.008044911401802503,0.0010000000474974513,0.01664558100498935,0.008044911401802503,0.07763947247572636,0.0033069597544153916,0.0056401403686368624,0.0031460166571941717,0.0033960415473137146,0.0029685039898225338
256,0.008044911401802503,0.0010000000474974513,0.026357999937594002,0.008138637822295548,0.10828302806728654,0.003115848463304827,0.006671733077798012,0.003148677241554551,0.003376409103086823,0.0029596646696263343
257,0.008044911401802503,0.0010000000474974513,0.03732779137094828,0.00819585770253799,0.16698847339329873,0.0035450850654636643,0.008137586748088487,0.0031582683607768985,0.003197798284400482,0.0029570277672953007
258,0.008044911401802503,0.0010000000474974513,0.022842595835872788,0.008155306648947444,0.09110996126924616,0.00315899525788928,0.0058915737415015604,0.003144856259928238,0.0031513869955430832,0.0029495689713125053
259,0.008044911401802503,0.0010000000474974513,0.012277791439606956,0.00812120115991249,0.06473009509290337,0.0033225640583709184,0.004895916541782991,0.0031237914681199767,0.003238224592466324,0.0029386260607104
260,0.008040418321146587,0.0010000000474974513,0.013374277549187472,0.008040418321146587,0.07003706710027807,0.0034959212798844853,0.005051630889697314,0.003105776457551854,0.0033675029298246718,0.0029271905687294794
261,0.00798763305433258,0.0010000000474974513,0.012543060436406989,0.00798763305433258,0.06756914740229404,0.0034933469645859476,0.00481921014699774,0.00308798304845771,0.003175059936414163,0.00291418065631143
262,0.00795242871674392,0.0010000000474974513,0.019528956014113776,0.00795242871674392,0.09698944608993117,0.004397663560294245,0.00590973188851033,0.0030779180800751898,0.003130032953842946,0.0029015791135082103
263,0.007900658814286346,0.0010000000474974513,0.013082269393098193,0.007900658814286346,0.07135585275789981,0.004035503049347765,0.0049777486999814085,0.0030657849677715263,0.0032388404197938457,0.0028957214183856182
264,0.007849922221303516,0.0010000000474974513,0.014132845101752162,0.007849922221303516,0.07154682425359263,0.003393174851131882,0.005230977124783707,0.0030563853622329958,0.0032706676912547445,0.0028846571985277083
265,0.007825243871066595,0.0010000000474974513,0.013206949387275095,0.007825243871066595,0.07235919374776448,0.003651243737103509,0.005039742373107154,0.003050347794444685,0.00330038164522379,0.0028789021045419506
266,0.007825243871066595,0.0010000000474974513,0.012699420627234888,0.007957111581752834,0.07480458718885535,0.0034860509480140727,0.004967814787025234,0.0030414542354697325,0.003119815582840447,0.00286928316945604
267,0.007825243871066595,0.0010000000474974513,0.026344437585146742,0.007877552901137227,0.11010246652113587,0.0036747527018616195,0.006519221576028463,0.003036688456304979,0.0030731015974076866,0.0028542100488606684
268,0.00781969838655906,0.0010000000474974513,0.013555557548979583,0.00781969838655906,0.07019579236311506,0.0036599005689627946,0.005095685776303706,0.0030357407066645588,0.0030405339823862195,0.0028459769099987283
269,0.0077853407653278,0.0010000000474974513,0.029516238668118054,0.0077853407653278,0.14015792992172943,0.004118120521635899,0.007336177305251996,0.0030380839665294242,0.003076794106674336,0.0028434274762058334
270,0.0077853407653278,0.0010000000474974513,0.040820032423310636,0.007803393051285291,0.14292455252937736,0.0031935664087197114,0.007855787338350935,0.0030534649777359734,0.0035237069331221864,0.0028508519045026388
271,0.0077853407653278,0.0010000000474974513,0.014911101982132191,0.007791442892243791,0.06930696218072607,0.0036549223600967906,0.005232418778551273,0.003040980819379953,0.003091156789816913,0.002842796943779235
272,0.007744051126453796,0.0010000000474974513,0.011216980372388507,0.007744051126453796,0.05763083642769199,0.0034158791278591583,0.00461746336235011,0.0030253204980864173,0.003077960055297475,0.0028289982673745727
273,0.007714236356460234,0.0010000000474974513,0.02335284422101117,0.007714236356460234,0.11058861179954783,0.004300639148823517,0.006551720938683546,0.0030214928477614953,0.003157189933097203,0.0028313115906103263
274,0.007682813379528981,0.0010000000474974513,0.011997260907492409,0.007682813379528981,0.07142088091047558,0.003650800102714193,0.004796515596253763,0.0030092166747723204,0.003151218430353752,0.002821650760158676
275,0.007619377791800411,0.0010000000474974513,0.017430932690695396,0.007619377791800411,0.08996626175920756,0.0035505418352422217,0.005630477837940582,0.003001823580429946,0.0030551452038218726,0.00281578094590285
276,0.00756630896863591,0.0010000000474974513,0.013859652758845447,0.00756630896863591,0.06558011532981228,0.0035951550339221442,0.00502068439556666,0.0029926064999648105,0.003084884269057685,0.002808798674178433
277,0.00756630896863591,0.0010000000474974513,0.038782239046698565,0.007657470627085445,0.1223919216574898,0.003443006165122899,0.00724238254843548,0.0029997270081119115,0.0032383213729192156,0.0028064681274236405
278,0.00756630896863591,0.0010000000474974513,0.0208456469570257,0.007626163280466348,0.07975997962675602,0.0033336252704286398,0.005605758459535267,0.0029988664007912585,0.0031733048970146957,0.002802446430888046
279,0.00756630896863591,0.0010000000474974513,0.010440730245129284,0.007588366973086928,0.056487458919223334,0.0032804104572746852,0.004509690341316611,0.0029870887202671148,0.003105040165764585,0.0027943080714366384
280,0.007545000276969749,0.0010000000474974513,0.010293143480438586,0.007545000276969749,0.05509885280441124,0.0031011162718443956,0.0044517700279296055,0.0029721940414834972,0.0030225391377812255,0.002782307542584079
281,0.007522932181077488,0.0010000000474974513,0.01248641241340386,0.007522932181077488,0.06937264715252367,0.003160611034826609,0.004923975366194132,0.0029621748378865806,0.0029820462324430834,0.002774089877934126
282,0.007522932181077488,0.0010000000474974513,0.04697316865375773,0.007568653922182068,0.1124692824920547,0.00312905261685009,0.0074410527658653166,0.0029780077309309047,0.003200971598910129,0.0027727280628920526
283,0.007522932181077488,0.0010000000474974513,0.012862301551944455,0.007591696862494893,0.07966907446451538,0.0030991982908110385,0.00494993498180093,0.0029617572031774048,0.0030482018002223723,0.0027655236633294905
284,0.007522932181077488,0.0010000000474974513,0.016749970408005476,0.007562166370978681,0.10288751745667474,0.003012846811029778,0.0057546825649806435,0.002960417923495515,0.0029408158089393012,0.0027604667572436532
285,0.007522932181077488,0.0010000000474974513,0.010591665171900654,0.007617189477759889,0.05031308220213168,0.00307216038240984,0.0045112033624295665,0.002953958456708854,0.0030108555484165272,0.0027493275002334378
286,0.007504289284860869,0.0010000000474974513,0.014238220075304014,0.007504289284860869,0.0786282262906114,0.003325570347875967,0.005234889067759759,0.0029443201046159074,0.003113206077692676,0.002743161817568052
287,0.00746211481232675,0.0010000000474974513,0.010917905358125332,0.00746211481232675,0.051536773702671096,0.0032839055609632664,0.0045859994571522105,0.0029366163301449144,0.003022811183546621,0.00273424133429911
288,0.007375497675402979,0.0010000000474974513,0.01235489056655114,0.007375497675402979,0.067329281794969,0.0034348182691650796,0.004810758255303906,0.002921966005866036,0.0030182899293342397,0.0027253332799285542
289,0.007375497675402979,0.0010000000474974513,0.02078593941863286,0.007418488373668816,0.09015327797454704,0.003776986210384113,0.005929924121714253,0.0029257271068194057,0.002980960431612788,0.0027245758511600634
290,0.007375497675402979,0.0010000000474974513,0.010069911802840798,0.007378306461275869,0.059181759878948026,0.003472388435833705,0.004425673430568749,0.0029172524896384955,0.0029786425654936364,0.002717348830694452
291,0.007375497675402979,0.0010000000474974513,0.009748751512703163,0.0073881749800170145,0.0552268261034246,0.0033730755698223335,0.004348084189875046,0.002907042491568803,0.0029343627625487327,0.002702648411430347
292,0.007375497675402979,0.0010000000474974513,0.032460353451008984,0.00744842621439299,0.1172960310450168,0.0031772840926620753,0.007040664374142683,0.002919704801004989,0.0030017537721235706,0.002706337724156154
293,0.007375497675402979,0.0010000000474974513,0.021176547850281183,0.007392614065825934,0.10159257400807298,0.0034487917841172127,0.006020896709669736,0.0029187138801369987,0.0029034608515062493,0.0027052662348791847
294,0.007368390449505768,0.0010000000474974513,0.035160680575306594,0.007368390449505768,0.13883505306552468,0.0035868365664942243,0.007360301654682609,0.0029232116224861887,0.0031703988978644083,0.0027008720655407967
295,0.007357973033083622,0.0010000000474974513,0.015478071407435484,0.007357973033083622,0.08348772671890516,0.003219419209065222,0.00536216595313904,0.002923122908763486,0.003062455049109335,0.002703372741803141
296,0.007318515136872869,0.0010000000474974513,0.011864041855729982,0.007318515136872869,0.06568228919326112,0.0033068041716424906,0.00474878165056398,0.0029106966361504122,0.0029589003001413506,0.002696608657659603
297,0.0073135129657063295,0.0010000000474974513,0.009031916141595025,0.0073135129657063295,0.05453299095415253,0.0031626103463842092,0.004166956565950535,0.0028962718507574703,0.0028725282135462693,0.0026842275181266466
298,0.007270236301513246,0.0010000000474974513,0.02514354023303439,0.007270236301513246,0.09880406375315208,0.003320498799856742,0.006097106024432699,0.002896415103614801,0.0029250704403015154,0.002678760285819713
299,0.00726986356715191,0.0010000000474974513,0.01904008404660168,0.00726986356715191,0.08950004180223245,0.0033792527934954973,0.005576949621319567,0.002894131452741558,0.003017258613891089,0.002671893590638711
300,0.00726986356715191,0.0010000000474974513,0.028510914999381513,0.007339059053985338,0.12409583983713246,0.0029921071063890962,0.007063539907400265,0.0029094346164790868,0.003042244139100386,0.0026827521654361856
301,0.00726986356715191,0.0010000000474974513,0.05181341621772407,0.007342908707410829,0.14823800371694573,0.0029874513921870926,0.008111753953299465,0.0029291931514032494,0.0030937148435487873,0.0026874698920668545
302,0.00726986356715191,0.0010000000474974513,0.014972724212875885,0.007334193142669819,0.07785209297863085,0.003191401921271054,0.005307359691592021,0.00291895795635416,0.0030320171553855054,0.002685366150529563
303,0.00726986356715191,0.0010000000474974513,0.009463948003029323,0.007299893513485199,0.05588019825230424,0.0033086236134663954,0.004288211477639234,0.002901836928152111,0.0029218161041394586,0.002677632479219634
304,0.007251431570337505,0.0010000000474974513,0.008621414920728963,0.007251431570337505,0.049970810479192836,0.0032635208002201404,0.0040979936767381216,0.002880557412438136,0.0028113914012447352,0.002662413277481912
305,0.007190526992490844,0.0010000000474974513,0.012198056296299173,0.007190526992490844,0.06676858492590351,0.003384805007831996,0.004828927155898343,0.002867212215964551,0.00287993394510107,0.002647324856064825
306,0.007190526992490844,0.0010000000474974513,0.03730212017092357,0.007210902771450596,0.12231411664715942,0.004112068570475944,0.007024002451157514,0.002870199182273081,0.0028951663029428065,0.0026443570498307597
307,0.007190526992490844,0.0010000000474974513,0.043173960133191386,0.00723612075941886,0.12385217776295003,0.004599854894051956,0.007272386110732035,0.0028870458737458417,0.003104345773361224,0.0026501195758559695
308,0.007190526992490844,0.0010000000474974513,0.015426926934558835,0.007253694663551705,0.07958390179896435,0.0038912857245378676,0.005361512239812378,0.002877724258921477,0.003055875851759594,0.002650332274574106
309,0.007190526992490844,0.0010000000474974513,0.009317919317763683,0.007245500047272198,0.05489133137438644,0.004034473901677572,0.004236347293414611,0.00286743753067571,0.0029260869805795907,0.0026397027513720877
310,0.007190526992490844,0.0010000000474974513,0.00911666314972692,0.007235028683114142,0.05453422937502308,0.00413211489590233,0.004204662084531449,0.0028543875180162153,0.0028892157498553992,0.002630884753038547
311,0.007190526992490844,0.0010000000474974513,0.009542531680200927,0.007213982031292036,0.06460324288142962,0.0036876930056107863,0.0042900438906661184,0.0028386649291551064,0.0028339852057210155,0.0026245877491538395
312,0.007190526992490844,0.0010000000474974513,0.017489827566273337,0.007205795602630598,0.07600651900163874,0.0031105729402680204,0.005179238821082265,0.0028361483124754853,0.0028377947682459072,0.002616337557390525
313,0.007190526992490844,0.0010000000474974513,0.03733365511838592,0.007203039049995123,0.1287034659625917,0.003201367190317602,0.007584149632932274,0.0028514458029034666,0.0032348896202045382,0.0026169940303149065
314,0.007130766478128607,0.0010000000474974513,0.00852335094907053,0.007130766478128607,0.045197544884974815,0.0033580787410996417,0.0040589152493599985,0.002836840573065686,0.0028749642351553278,0.0026078292763077942
315,0.007130766478128607,0.0010000000474974513,0.01771040052475294,0.007144913222316826,0.0981505060536425,0.003612247923293149,0.005698220453654486,0.002833543246346971,0.002874017472963688,0.0026021706339998062
316,0.007130766478128607,0.0010000000474974513,0.014075617332038048,0.007135858378330301,0.08117299208092144,0.0036028406420678103,0.005255556032658066,0.00282876398732618,0.00287612521027874,0.0025985227093478676
317,0.007130766478128607,0.0010000000474974513,0.043726071984843205,0.00714811464015007,0.13554808293579362,0.0035937224199854463,0.007601598438366244,0.0028456509981207192,0.002952578782987857,0.0026009192967175777
318,0.007116271944964693,0.0010000000474974513,0.015017855250135437,0.007116271944964693,0.07466775737020902,0.0033622232426536976,0.005173119336100972,0.0028390444119451067,0.00298016012851306,0.0025972146097109766
319,0.007116271944964693,0.0010000000474974513,0.00868065142040815,0.0071199983779870225,0.04854135349518567,0.0034322098138197385,0.0040779865761196845,0.0028281533344527553,0.0029665541419105178,0.0025898243960953164
320,0.007065226753959278,0.0010000000474974513,0.011055292218221572,0.007065226753959278,0.07457770379204137,0.0033955882446950344,0.004685253582331101,0.0028182292859216854,0.0027772065210234648,0.002582453143188269
321,0.007065226753959278,0.0010000000474974513,0.014226083949082499,0.007086526124770103,0.07624174123300556,0.0032340335668252927,0.005023926434859441,0.0028102006609739467,0.0027835915326851887,0.0025750082697868436
322,0.007065226753959278,0.0010000000474974513,0.02312186703056856,0.007113298814611753,0.12954723297492413,0.0035753768909589857,0.0066081237641243224,0.0028188384627148904,0.0027900324920595056,0.0025763441516169637
323,0.007065226753959278,0.0010000000474974513,0.04425156140353097,0.007149295609158933,0.12658988991881115,0.003075886037997484,0.00776396636727574,0.0028318614946638327,0.00307194904559752,0.002581568957940531
324,0.007065226753959278,0.0010000000474974513,0.012143560753518232,0.00712964879173325,0.06558388800962817,0.0029932501235940385,0.004787100870175564,0.0028298867749196707,0.00291753887434854,0.002577994634920825
325,0.007059482647414951,0.0010000000474974513,0.00908206264216681,0.007059482647414951,0.04872179645909512,0.0031403931868851064,0.004149859659758001,0.0028142562441790327,0.002840453546342655,0.002573852436182162
326,0.007059482647414951,0.0010000000474974513,0.0187694983561482,0.0070710364168150115,0.08766988618320301,0.0030967195916184664,0.005661559428066221,0.0028124822978271933,0.0028712328008778753,0.0025700938783938285
327,0.007003868089382279,0.0010000000474974513,0.014630089929058388,0.007003868089382279,0.073257692251666,0.0030592714443940378,0.005009535440770663,0.0028091516777665557,0.002778012016947592,0.002566317553800024
328,0.006958843529100215,0.0010000000474974513,0.011652881995892723,0.006958843529100215,0.06703600269919226,0.0033128755937477244,0.00470780360046371,0.0028042066969594737,0.002880128127711284,0.002562703980110633
329,0.006958843529100215,0.0010000000474974513,0.0132719324776849,0.006992501245012399,0.06905205694840263,0.003208549259340124,0.005026220689618724,0.0027972643427425876,0.0028703455582136795,0.0025542563383272104
330,0.0068837599907322425,0.0010000000474974513,0.01047443473702916,0.0068837599907322425,0.05577964070719049,0.0031922504859700713,0.004505577823249104,0.002792642532329514,0.002925330448750489,0.0025523916350900446
331,0.006836640855533097,0.0010000000474974513,0.013356412981899017,0.006836640855533097,0.07205364362084717,0.0032475552624872655,0.004880255040639308,0.0027852552012942087,0.0027704631375696947,0.0025480261043865156
332,0.006836640855533097,0.0010000000474974513,0.009343840126788858,0.006857243293904704,0.050042083747100216,0.0034440506608355583,0.004215533796315426,0.002774112427695756,0.002761222025549194,0.0025418415291226376
333,0.0068218930284977015,0.0010000000474974513,0.018959272770993577,0.0068218930284977015,0.08207447120999234,0.002946473723846702,0.005670971152776565,0.002771490203091108,0.003009085126112117,0.002542254304096719
334,0.0068218930284977015,0.0010000000474974513,0.009245037637012342,0.00685240258153151,0.06391714430323622,0.0030354213745427128,0.004246573089913434,0.0027642647968453677,0.0027475896585184784,0.002534554679409511
335,0.0068218930284977015,0.0010000000474974513,0.014701845026068718,0.006856377381978056,0.07832785255451126,0.0035109328088761657,0.005066272663962608,0.002759917407896976,0.0029247398073744685,0.0025332644126711524
336,0.0068218930284977015,0.0010000000474974513,0.029308526278847828,0.006875341785367641,0.09599538487295142,0.0032908125869100966,0.00610240192615788,0.002765302901254283,0.0028082420738961824,0.0025315247252726677
337,0.0068218930284977015,0.0010000000474974513,0.033802308828451755,0.0068913799045074555,0.10156673637096147,0.0031245868299668547,0.006656129125689411,0.0027775672435176504,0.002816923558372421,0.0025347714497969704
338,0.0068218930284977015,0.0010000000474974513,0.009022963971908549,0.0068499215899817485,0.05846220008884829,0.002984814522791835,0.004189660117323536,0.002764960741378063,0.002811035785378234,0.002524119118057334
339,0.0068218930284977015,0.0010000000474974513,0.015412686681072959,0.006900982939839351,0.07776647202746556,0.0030547202631754575,0.005019573760012435,0.0027584117918360764,0.002838292003021697,0.0025239758259081985
340,0.0068218930284977015,0.0010000000474974513,0.012265642342062706,0.006895227852327171,0.06458575572965652,0.002940040142916317,0.004728279335072506,0.002752248114669966,0.0030092748328271585,0.002515467321720257
341,0.0068218930284977015,0.0010000000474974513,0.010891087926345716,0.0068738793835065514,0.07586750806839325,0.0031459280004083852,0.0045340825130509455,0.002749689871759464,0.002828709025397241,0.0025121500751724138
342,0.0068218930284977015,0.0010000000474974513,0.02528573294904937,0.006846501146356038,0.09326527215649677,0.0035275885317603384,0.005961756483490065,0.002748919160002642,0.002998637896324209,0.0025138762974340825
343,0.0068218930284977015,0.0010000000474974513,0.014719026222472962,0.006833220217909632,0.07221080159534461,0.003959258186965974,0.004902548637005494,0.002743402385472541,0.002790828796175969,0.00250659058257825
344,0.006796952304430055,0.0010000000474974513,0.016219611545528003,0.006796952304430055,0.07966084516283828,0.0029310515801722298,0.005278558475095701,0.0027423010086562124,0.0027330217101200318,0.0025059914808302154
345,0.006796952304430055,0.0010000000474974513,0.031525340627880934,0.006842225305640431,0.11470570517166474,0.003226680557566589,0.006803699305096818,0.002755892186058272,0.002976757718333144,0.0025094857048374923
346,0.006796952304430055,0.0010000000474974513,0.01086906943688497,0.006800166668369795,0.06894747980103413,0.003502164447451091,0.004552473449991692,0.0027441153682589655,0.0027760613698171277,0.002504569564191264
347,0.006755808842022536,0.0010000000474974513,0.014160001668880907,0.006755808842022536,0.08490291288246167,0.0034883276957000816,0.005084589698538902,0.0027367973370328036,0.0027261452105895754,0.0025020527010110316
348,0.006717495689697121,0.0010000000474974513,0.00809918201576926,0.006717495689697121,0.05178142147681976,0.0035748734913104386,0.003939651715862374,0.002725636655318628,0.002613676452222276,0.0024958791472391904
349,0.006717495689697121,0.0010000000474974513,0.015694881189341682,0.006727458802420731,0.08053926485803381,0.0038138823712810183,0.005175369509150344,0.0027246731965453047,0.002679369932986314,0.0024900815529340786
350,0.006714568766114453,0.0010000000474974513,0.007251771921055863,0.006714568766114453,0.04514107383410353,0.0034860160100721434,0.003738544511968881,0.002714459329241614,0.0026329712772547365,0.002477468338530823
351,0.006689451752316879,0.0010000000474974513,0.008539464588138477,0.006689451752316879,0.0565851249172619,0.0032014073865088365,0.004085835075507125,0.0027045097529538207,0.002617134443183865,0.002470140468587439
352,0.006689451752316879,0.0010000000474974513,0.008876698211412746,0.006715370574661408,0.05937831139627116,0.0030258323566765273,0.0041258687263736596,0.002696429593640525,0.0026888553751205292,0.0024597557226351055
353,0.006689451752316879,0.0010000000474974513,0.017504318854994667,0.006691451965967193,0.07783106356412695,0.003036028309951403,0.005232203181413728,0.002693216604200215,0.002690938706730199,0.0024509527038519053
354,0.006671776484398797,0.0010000000474974513,0.011148665626245651,0.006671776484398797,0.07289438923277815,0.0031530771527619405,0.004574459459427207,0.0026925396325825587,0.0027143205489466417,0.002447480847545218
355,0.0066398599750238626,0.0010000000474974513,0.030628756599771295,0.0066398599750238626,0.11253332097393233,0.003144758353093426,0.006810767825680539,0.0027042335026541296,0.002797952676281157,0.002454187491430921
356,0.0066398599750238626,0.0010000000474974513,0.00990627261684444,0.006644199523238713,0.05929264594257718,0.0032982916877903534,0.004300905318625071,0.002695093660817119,0.002628767178414024,0.0024517384192956036
357,0.0066398599750238626,0.0010000000474974513,0.00874726355509361,0.0066524735579944864,0.05119172512408818,0.003523461492537503,0.0041716860230146076,0.0026874688707274517,0.002669904401951032,0.002446935946295791
358,0.0066398599750238626,0.0010000000474974513,0.014958459322548983,0.0066421757198153915,0.07112920144781279,0.0028996435847197747,0.005045242352146804,0.0026863944149273034,0.0029144610798955786,0.00244623206169406
359,0.0066398599750238626,0.0010000000474974513,0.020743057417362726,0.006646405377715468,0.08759789037588324,0.0029214329532623756,0.005761011688209891,0.0026936642598532163,0.0027410714897100298,0.0024483342910808685
360,0.006612105248998507,0.0010000000474974513,0.007509161621557887,0.006612105248998507,0.04423108533350562,0.003064414851080942,0.0038143548817006984,0.0026832496656608164,0.0026291429161021114,0.0024443726746087853
361,0.0066035347181705095,0.0010000000474974513,0.007391474859436897,0.0066035347181705095,0.0432250931730322,0.0029606262741161894,0.00377172962861787,0.0026726995372768777,0.0026108454069806233,0.002437509930949864
362,0.0066035347181705095,0.0010000000474974513,0.018050210352578668,0.006614149381973772,0.07930506139456789,0.00313337473048955,0.00528484563745789,0.002673454779884376,0.002628342804981525,0.002434588346535249
363,0.0065786550732534945,0.0010000000474974513,0.009828862637394771,0.0065786550732534945,0.057635756166393104,0.0033633320909962775,0.004358263133886418,0.0026684240416521517,0.0026707163820540495,0.002434568474560315
364,0.00656070788368955,0.0010000000474974513,0.01144974527446619,0.00656070788368955,0.0679960751694707,0.0038450630605067074,0.004537957936733695,0.002668100855393676,0.002619374832255836,0.0024270660747971766
365,0.006525196740512965,0.0010000000474974513,0.022353057610628564,0.006525196740512965,0.08179037661135298,0.0033874675942469285,0.005675580346914553,0.0026720620908788064,0.0027577077174578673,0.0024241149697363947
366,0.006521304156703861,0.0010000000474974513,0.006948289418768264,0.006521304156703861,0.03676784368902346,0.003268967870853518,0.0036703687774260045,0.002661639110176756,0.0026468139995838224,0.002417062711323896
367,0.006521304156703861,0.0010000000474974513,0.017004582075241182,0.006561973750551611,0.07632852523795154,0.0030203378580349266,0.005330303888230695,0.0026614722482093886,0.002623501875838195,0.002414901947806434
368,0.006511478728869513,0.0010000000474974513,0.008108779894144299,0.006511478728869513,0.04738131362994626,0.003112732365013404,0.0040004557871305925,0.0026557617118251513,0.002642580475253429,0.0024126045759716467
369,0.006511478728869513,0.0010000000474974513,0.014260114874787216,0.006515984652254722,0.0704562957313928,0.0032174179779743788,0.004924861049567312,0.0026534049093929744,0.002581683975214414,0.002408880414597682
370,0.006511478728869513,0.0010000000474974513,0.016887000675179592,0.0065193810641218115,0.08749523523023424,0.0031115995043325853,0.005290086749418213,0.0026548029240745,0.002683350254455916,0.002410508326993473
371,0.006511478728869513,0.0010000000474974513,0.011420418711918966,0.006513242578419812,0.0826464202000929,0.003271425931231112,0.0046961652024190385,0.0026503141653841152,0.0025986147446421426,0.002407540226556037
372,0.006511478728869513,0.0010000000474974513,0.013841783011116045,0.006514458815335331,0.07657105488925046,0.0034965150713706303,0.0049676353310957365,0.002649495561734407,0.0025403222361011883,0.0024034524860907457
373,0.006494865471433875,0.0010000000474974513,0.011358642728587076,0.006494865471433875,0.0654575853250055,0.003369582620759657,0.004479282829479633,0.0026445189516602083,0.002593147757929422,0.0023989942826605475
374,0.00649020714427099,0.0010000000474974513,0.007727996280437319,0.00649020714427099,0.04656673518580405,0.003579983534631185,0.0038531038703485533,0.0026386575349058076,0.002564948625302618,0.0023935243173154605
375,0.00649020714427099,0.0010000000474974513,0.007376100058017273,0.006505250567143426,0.046010462828141405,0.003554682686105102,0.0037761003867652593,0.002633186232337367,0.002635048679318554,0.0023844505802214154
376,0.00649020714427099,0.0010000000474974513,0.008580703982459617,0.006490494849570041,0.05809106987495046,0.0035756045112680514,0.004072818217980475,0.002628817199384718,0.0026012097283349476,0.002382993677899748
377,0.006439930067743085,0.0010000000474974513,0.007032091381855498,0.006439930067743085,0.04239723553411447,0.003791418632955419,0.0036762856351348575,0.002619711704489846,0.002598963902068738,0.002378058359372051
378,0.006402864053934604,0.0010000000474974513,0.00911810693367363,0.006402864053934604,0.06088389745461255,0.003527405136375738,0.004193060497800444,0.0026150796015256103,0.002538974455944714,0.0023720070438669055
379,0.006389065764003324,0.0010000000474974513,0.007332354490164248,0.006389065764003324,0.04492321850906028,0.003509130332240439,0.0038041399347800786,0.0026131462252744196,0.002542853471999685,0.0023630867587597585
380,0.006340537705999556,0.0010000000474974513,0.013503196966702897,0.006340537705999556,0.07511547221652808,0.0032832457538950087,0.0049699069013550016,0.002614500440140992,0.0025438185263293818,0.0023601254191924037
381,0.006340537705999556,0.0010000000474974513,0.007039709534596911,0.006410029538734299,0.04360893198681603,0.0033403775252646545,0.003686287827349136,0.0026106619157005373,0.002591126158098108,0.0023562326840997527
382,0.006340537705999556,0.0010000000474974513,0.006956087432589466,0.0063489622588519135,0.04306279943597039,0.0035146254627929593,0.003682443574825854,0.002602856648690391,0.002586577009591199,0.0023498055851126826
383,0.006320517462740457,0.0010000000474974513,0.008438159865725393,0.006320517462740457,0.057820641382315366,0.003328658618893592,0.0040595201655076055,0.0025976459123355712,0.0024520462995907214,0.0023434431261900274
384,0.006265847635304275,0.0010000000474974513,0.006738905436165455,0.006265847635304275,0.04006590728584333,0.0033350795934428915,0.0036073566372564845,0.002589988676396132,0.002524671297233414,0.002336998665112142
385,0.00622474402023082,0.0010000000474974513,0.008130698131643592,0.00622474402023082,0.04742500408721216,0.0034063232523658627,0.0038815663648622705,0.002582161880403322,0.0024936708193636623,0.0023316295909503537
386,0.006198912447542797,0.0010000000474974513,0.00690461359844175,0.006198912447542797,0.04127608329818662,0.0034593970177228847,0.0036538506990798133,0.002575454562892158,0.0024849643268866775,0.002330126236925107
387,0.006163891501250603,0.0010000000474974513,0.006805508852107451,0.006163891501250603,0.04268346780618808,0.003567563113305875,0.003606514453423248,0.0025702865880470258,0.0024939056207794364,0.002327118047660225
388,0.006163891501250603,0.0010000000474974513,0.018491905884576897,0.006203993677526649,0.07174395688095297,0.0032329421733044376,0.0051614787246468214,0.00257198989233433,0.002577599655515897,0.0023263299331326374
389,0.006163891501250603,0.0010000000474974513,0.006886618254707565,0.006193924594765993,0.04541710354228237,0.0032767609381348316,0.0036582783329809423,0.002569485297679873,0.0024961405352483972,0.0023222936866004453
390,0.006163891501250603,0.0010000000474974513,0.006916731542952539,0.006197138917913591,0.04271397314394035,0.003128852172572699,0.0036626532874564233,0.0025656228676159227,0.0025405728050842714,0.002317521494472734
391,0.006163891501250603,0.0010000000474974513,0.009368083591518422,0.0061933776997044054,0.06697196186020027,0.003537100528241597,0.004276538533972214,0.002566943269044782,0.0025051289364141365,0.0023119827384630596
392,0.006163891501250603,0.0010000000474974513,0.0478018261301947,0.006188084913276562,0.11892474173609631,0.0032927191287577904,0.007434370774288996,0.0025819174216350532,0.0028241431553990347,0.0023199655598946404
393,0.006144962937025752,0.0010000000474974513,0.006207315998958731,0.006144962937025752,0.03411995611817254,0.0032389712734792737,0.003427198003361051,0.002565602308550561,0.002501774160797658,0.0023188364845049283
394,0.006132194145620018,0.0010000000474974513,0.008271019731314774,0.006132194145620018,0.06026351477178825,0.0030507608186972376,0.004015027466621608,0.0025619002607598983,0.002514043771055337,0.002315363325643968
395,0.006097396168097222,0.0010000000474974513,0.00730251065258661,0.006097396168097222,0.04685576615632478,0.0031554986470848532,0.0037708201643580964,0.0025573853763380984,0.002449482910275396,0.002310029062429208
396,0.006097396168097222,0.0010000000474974513,0.008708812632415517,0.006124981412192364,0.0467833528639391,0.003175279495769381,0.004084818555847078,0.0025571596049374385,0.0024743345332633813,0.0023070303687167102
397,0.006097396168097222,0.0010000000474974513,0.00844002432763446,0.006098626704770252,0.04790681901782914,0.0030722289172713155,0.004049453336061365,0.002557651991643202,0.0025485688484597675,0.002304473024074497
398,0.006097396168097222,0.0010000000474974513,0.009973220126585792,0.006104350771199777,0.056642045458524026,0.003233635162872261,0.0042956259914973425,0.002556139245443064,0.0025046782147291583,0.002301582463657586
399,0.0060368483157344915,0.0010000000474974513,0.0076279081814753635,0.0060368483157344915,0.047186660059377994,0.0033250162272630388,0.0038421610378338474,0.0025513135164202455,0.0025559807190271965,0.0023000712638904207
400,0.0060368483157344915,0.0010000000474974513,0.03621113646988946,0.006083839816063307,0.08893920172578527,0.0033594175364691963,0.006314381520382695,0.0025693909438432843,0.0027026787469746215,0.002303326417985358
401,0.006031443096940034,0.0010000000474974513,0.009635720059663167,0.006031443096940034,0.0543785819675149,0.003702994240471473,0.004262186982888485,0.002559434651470299,0.00255808091382553,0.002308639859401732
402,0.006031443096940034,0.0010000000474974513,0.00659807559610255,0.006039289964856823,0.03825114585065092,0.003835703526802016,0.003573681291541581,0.002552065383578041,0.0025002296904208703,0.0023071640973424496
403,0.005981343784091765,0.0010000000474974513,0.0064124833703069,0.005981343784091765,0.03916224401726966,0.003911276142037398,0.003546316590218495,0.0025426224746941456,0.0024443338198193464,0.0022982249108059365
404,0.005981343784091765,0.0010000000474974513,0.006685983042986918,0.005990956745640004,0.04498572712877436,0.003836880355310208,0.003620295175175338,0.002536754450507972,0.002374723731135249,0.0022895424488925593
405,0.005981343784091765,0.0010000000474974513,0.006503406831266492,0.006036761992874723,0.041490621114362636,0.0034019545472311168,0.0035690064772012425,0.002532486676059126,0.0024881060924376135,0.0022833632880895132
406,0.005981343784091765,0.0010000000474974513,0.00682166316541601,0.006060868380292483,0.04623296817592432,0.0029728120553379235,0.00364449105428096,0.0025258145788069823,0.002477986975790142,0.002276917759707582
407,0.005981343784091765,0.0010000000474974513,0.008792290396384139,0.006013178779268177,0.04296406556957604,0.0031832294431996377,0.00376329856080544,0.0025192336286133615,0.002439021016370442,0.002271943408614855
408,0.005981343784091765,0.0010000000474974513,0.048751416414769704,0.006018717889746479,0.12669045624385722,0.0029725124168072836,0.007973290163326506,0.0025554043830917222,0.0026435237679406785,0.002280586643880627
409,0.0059648261764229365,0.0010000000474974513,0.008010917609527143,0.0059648261764229365,0.04452762823411536,0.0032116811588259503,0.003817943374767572,0.002541480848370717,0.0024641434341678846,0.002283241121172267
410,0.0059648261764229365,0.0010000000474974513,0.006434168336238555,0.005969252879113514,0.04077824589766193,0.003262842033007877,0.00353221762830362,0.0025295496486313924,0.0024491807966074714,0.002278586357281785
411,0.005946137630374564,0.0010000000474974513,0.0060615398335400845,0.005946137630374564,0.03458258665404066,0.0034075429780732803,0.003431233140328272,0.002522372239578097,0.0024222207093135984,0.002274101476815245
412,0.005917684706945699,0.0010000000474974513,0.007439170775092273,0.005917684706945699,0.04888687501400145,0.003377861151661405,0.003808624257557249,0.0025143760782378195,0.002448255587702661,0.002271684345111511
413,0.005917684706945699,0.0010000000474974513,0.006223368552904465,0.005930724619882117,0.04132707456190319,0.003438948901738412,0.0034755482879261323,0.0025104270001301754,0.0024609281027987377,0.0022668052928396533
414,0.005905701024441552,0.0010000000474974513,0.019361336391181577,0.005905701024441552,0.08032787228819385,0.0030459355863436525,0.005326329550620749,0.0025128453814459786,0.0025239191450394864,0.002267849091926692
415,0.005890381114710089,0.0010000000474974513,0.006025644968322836,0.005890381114710089,0.032163778910765675,0.003138736565024965,0.003396449444535494,0.0025098591686000143,0.0024818046120738983,0.0022666594765878697
416,0.00586114590084771,0.0010000000474974513,0.006329015504619336,0.00586114590084771,0.03940365224331844,0.003225749270483067,0.0034949623308918568,0.002501367734917058,0.0024215405235097913,0.002262285863862931
417,0.005855290259598794,0.0010000000474974513,0.006155945134964371,0.005855290259598794,0.03494683082128052,0.0031748497830082502,0.0034511329977899947,0.002496911458340101,0.0024441320279333326,0.002260261560635005
418,0.005855290259598794,0.0010000000474974513,0.007741288095525375,0.005862847607061863,0.03900405104848714,0.00318602257342201,0.00377846402475935,0.002495520938287699,0.0024230672760829535,0.002255353341003415
419,0.005855290259598794,0.0010000000474974513,0.035584370805059294,0.005899344359796492,0.11869074492825415,0.004334045258780711,0.0069738471894699085,0.0025114537003155277,0.0025494526371473403,0.0022599398401034554
420,0.005850097873843059,0.0010000000474974513,0.008922755885970102,0.005850097873843059,0.060517813133973426,0.003447280464572842,0.004060074518440776,0.0025076735358079095,0.0025073696091976443,0.0022590698867506437
421,0.005850097873843059,0.0010000000474974513,0.006567907023257978,0.00585594879990929,0.04043632611616632,0.0030390810869502446,0.00355958862941742,0.00250224366432932,0.0024805919562880243,0.002257665078155306
422,0.005816468538171744,0.0010000000474974513,0.009793022895737299,0.005816468538171744,0.06141925539466746,0.0029678756035510048,0.004241977204995179,0.0024993597550484387,0.0024698773414041243,0.002254842671393451
423,0.005810688500087148,0.0010000000474974513,0.006218482022437027,0.005810688500087148,0.04088864266627204,0.003032761024022986,0.003492183401641258,0.0024915452952221076,0.002444876593035951,0.0022534472336743004
424,0.005810688500087148,0.0010000000474974513,0.005918818794329617,0.005811236702875846,0.03467145933008935,0.003209814362835822,0.003408408273233193,0.0024858572560411208,0.0023875952507512494,0.0022446563489194066
425,0.00574852155983784,0.0010000000474974513,0.007383068864232962,0.00574852155983784,0.04948167762868865,0.002913518406688316,0.0038445808054802452,0.0024830442981236597,0.0024624294224513447,0.0022405962747459223
426,0.005724240930375472,0.0010000000474974513,0.006175690106457903,0.005724240930375472,0.03925160043459067,0.0030315366000363683,0.003481311231171184,0.002478746011036111,0.0023834750637804886,0.0022342522560371224
427,0.005724240930375472,0.0010000000474974513,0.006647616391322541,0.005736094185672783,0.03926805888326575,0.0029825581699442975,0.0035966607877084603,0.0024741767849869407,0.002425192396032171,0.0022290848742245644
428,0.005699480430814587,0.0010000000474974513,0.0061290858477627014,0.005699480430814587,0.03462026723263062,0.003104480296776705,0.003442755967876223,0.002469392613370844,0.0023605646180015426,0.0022261543296374833
429,0.005672687942600127,0.0010000000474974513,0.006370677416624702,0.005672687942600127,0.04123905508130218,0.0029779123354731554,0.0035183894150357274,0.0024647451601776224,0.002481601726613439,0.0022229672767258937
430,0.005672687942600127,0.0010000000474974513,0.0067524573520091604,0.0057031459954017556,0.04063652645695441,0.0031151697148554458,0.0036346197600626963,0.00246071762224238,0.0023779366544631965,0.0022202592341454674
431,0.005672687942600127,0.0010000000474974513,0.005938766839166105,0.005692791331730212,0.03354642511033015,0.0030017670069025755,0.00338859328990058,0.002456338603883969,0.0023511950235733355,0.0022149444313639935
432,0.005628844854398825,0.0010000000474974513,0.010250864578728858,0.005628844854398825,0.05457731959992657,0.002993060715847197,0.004169217239045004,0.00245445645410602,0.00236628677965094,0.0022098096334761653
433,0.005628844854398825,0.0010000000474974513,0.009373437601373217,0.005649810581432849,0.057453339188743006,0.002880970530886547,0.004207025879940233,0.002456010244605705,0.002405909015914337,0.0022087700582166217
434,0.005628844854398825,0.0010000000474974513,0.00878024738725074,0.005649847987114468,0.055023207733341774,0.0030941631382434462,0.0039976001752131726,0.0024592879362799283,0.0023996875140336656,0.0022091963937786057
435,0.005628844854398825,0.0010000000474974513,0.011211371411444179,0.005684901250640934,0.05892208910396449,0.00352211325333316,0.004415718740981408,0.00246141722092752,0.0023596213783857213,0.002208993788165929
436,0.0056131592332040086,0.0010000000474974513,0.007984844795184113,0.0056131592332040086,0.04728173099577864,0.0032243642711569237,0.003936529302290605,0.0024575246398394848,0.002438034449512954,0.002209791225138061
437,0.005594786223995617,0.0010000000474974513,0.008517518248789298,0.005594786223995617,0.0411353012398522,0.0036430858282196334,0.0037599346871847474,0.002453400996592539,0.002424288421821329,0.002207865648586199
438,0.005594786223995617,0.0010000000474974513,0.019234066885739833,0.005651111722672041,0.08595987461067578,0.0033205838986598425,0.005546001423595575,0.0024607716506264564,0.002460947419362772,0.002212068467725392
439,0.005594786223995617,0.0010000000474974513,0.006952844922872259,0.005629318827061541,0.048431575687672875,0.0032617696459240546,0.003723398535867868,0.0024547790787031775,0.0024092594192006963,0.0022085456469378316
440,0.005594786223995617,0.0010000000474974513,0.005562029012469733,0.00560874043275313,0.029412124732969353,0.003283579750638569,0.003280021288003612,0.0024492253882289227,0.0024442357268926874,0.002205507940778301
441,0.005594786223995617,0.0010000000474974513,0.01342226585450762,0.005628564341739641,0.06041245411823409,0.0030163966622133776,0.004642758416664251,0.0024495673665778845,0.0024964881997655156,0.0021996138439325033
442,0.005594786223995617,0.0010000000474974513,0.00823004599481311,0.0056428867868401,0.04716084155525183,0.0030415639341165217,0.0038090754303549083,0.002451029323952688,0.002370661967774254,0.0022010295499096133
443,0.005594786223995617,0.0010000000474974513,0.005760252435146135,0.0056810310142749254,0.036709617830305845,0.003010437322532495,0.003348207056564386,0.0024459995274017216,0.002373304509133041,0.002199315553427548
444,0.005594786223995617,0.0010000000474974513,0.015932642828548966,0.005624534740405731,0.06282678776412562,0.002993765202725902,0.004850127480333298,0.002446741646276643,0.0024130425027728566,0.002198501783050438
445,0.005594786223995617,0.0010000000474974513,0.007505858981879778,0.0055949201808916955,0.04548886885205465,0.0028796949731075684,0.003687178750592355,0.0024439059822991866,0.002378839125781932,0.0021969440269588463
446,0.005586553497167473,0.0010000000474974513,0.00556340277473413,0.005586553497167473,0.034819630431642296,0.002940805895020351,0.0033033384419037496,0.0024397002996202227,0.00235945149259511,0.002193756448274885
447,0.005586553497167473,0.0010000000474974513,0.006835624916160004,0.00560549056366359,0.04748139535996422,0.003187835291324776,0.0036559404834711354,0.002437132038154637,0.0023709795420827594,0.002192657778109022
448,0.005586553497167473,0.0010000000474974513,0.008917347427850681,0.005623732293347396,0.06023713052313396,0.003094749156690226,0.004142321152621851,0.0024333913171479156,0.0024419311830864024,0.002189435547777443
449,0.005586553497167473,0.0010000000474974513,0.03935014239435661,0.005637646109314983,0.11396765632220697,0.002797754935861311,0.0073946386173756205,0.002462086117095949,0.002597138348891096,0.002192154238389089
450,0.005586553497167473,0.0010000000474974513,0.012370967963447922,0.0056664125477180706,0.07090679630004221,0.0028262137309021254,0.004664597295330616,0.0024665699093432514,0.002382144302485509,0.002199778573564619
451,0.005586553497167473,0.0010000000474974513,0.005890526684370061,0.0056231991009334245,0.03739762753217053,0.002938868853768093,0.0033622707956104943,0.0024519350645009013,0.00240899536599453,0.0021949688006386524
452,0.005586553497167473,0.0010000000474974513,0.006609461106342241,0.005595405799909273,0.04610273899649047,0.0029340457683146993,0.0035819436170286233,0.002443391361651745,0.002374671782752366,0.002193257862525232
453,0.005586553497167473,0.0010000000474974513,0.023339218765540494,0.005615033572981081,0.10077851705977911,0.0033469398935215204,0.005956958491981238,0.0024525678662070203,0.0024312760891231767,0.0021904042485766354
454,0.005586553497167473,0.0010000000474974513,0.007586574585328014,0.005667295931791309,0.044011324947885545,0.0029998657613588284,0.00376840949820621,0.0024516131867736153,0.002373955251914018,0.002193775818712631
455,0.005586553497167473,0.0010000000474974513,0.005520268483660126,0.005627251520028586,0.033051270206514494,0.002992943059709984,0.003244676625809173,0.0024420276275170807,0.0023396896681748876,0.002190345734767598
456,0.005586553497167473,0.0010000000474974513,0.0059674109577681255,0.005606618118586301,0.042771813214752236,0.003057330265932968,0.003385785071023716,0.0024344078098565533,0.0023281967612282938,0.002185381970278263
457,0.0055567937995036586,0.0010000000474974513,0.005503434018136647,0.0055567937995036586,0.03441117386752029,0.00312613599538051,0.0032687228595812386,0.002424992458228508,0.0022917533615325492,0.002178852398595525
458,0.005514342009280916,0.0010000000474974513,0.00690109134747241,0.005514342009280916,0.046208569185861345,0.0030690681832590203,0.0036682778161586486,0.0024210639078729693,0.0023386455809021626,0.0021782306715483887
459,0.005514342009280916,0.0010000000474974513,0.007370684974160937,0.005533174561365669,0.050942930560164315,0.0030403741249322843,0.0036971194967104766,0.002416749369576017,0.0023431376163377867,0.002175977049660612
460,0.005514342009280916,0.0010000000474974513,0.006175269575608957,0.005529846955846632,0.03736331656649858,0.0030728741788771993,0.003468673181039602,0.0024135343894197154,0.0023324054937960705,0.0021695692237087057
461,0.005508504525784676,0.0010000000474974513,0.007647914961111559,0.005508504525784676,0.05415383429449505,0.0030687464278697702,0.003812244197962308,0.0024121742709453937,0.002324107597952876,0.002162879565656199
462,0.005508504525784676,0.0010000000474974513,0.005893551876498493,0.005541606258604628,0.03778868630614986,0.003169286942637885,0.0034078819254335464,0.0024099703413212,0.0023390348927995403,0.0021632601087170273
463,0.005508504525784676,0.0010000000474974513,0.0063972704960110205,0.00555470831214058,0.04291343211916072,0.00312991928618757,0.003543854324915869,0.0024085061682170236,0.002329812321876824,0.002159982090214063
464,0.005508504525784676,0.0010000000474974513,0.008506328579110715,0.005580410567002198,0.05626044870414385,0.002909405481544276,0.003974022944490072,0.0024076236395124467,0.002300569033514348,0.002154178252155394
465,0.005508504525784676,0.0010000000474974513,0.019142318317778368,0.005538673476146081,0.0754011841302134,0.0029350822699882075,0.005106499970764524,0.0024096710369456474,0.0023633381611002156,0.0021563677544980727
466,0.0054937699008727435,0.0010000000474974513,0.006101635651412522,0.0054937699008727435,0.03843052241436375,0.0029606565712959367,0.003424376311670318,0.0024060317362670086,0.0023372652413993986,0.002156085677524457
467,0.0054937699008727435,0.0010000000474974513,0.005624635480189888,0.005497493972947816,0.03455337625762898,0.002981557839634214,0.0032943489900692695,0.0024030512461753434,0.002366960470107156,0.0021556702350199095
468,0.0054937699008727435,0.0010000000474974513,0.006661006795465384,0.005500855375706767,0.04242700537418007,0.003017766745824865,0.0036057721339974656,0.0023992486694744968,0.002318035291154641,0.0021542475000361334
469,0.0054937699008727435,0.0010000000474974513,0.005760641391726896,0.005494177274517782,0.03678670642529952,0.0031199552092810146,0.003348893510089001,0.002396395094288047,0.0023889046642924508,0.0021516349250199824
470,0.005466929618549422,0.0010000000474974513,0.00582471274408306,0.005466929618549422,0.03613100913317881,0.003363399304814165,0.0033398197503395435,0.0023888130686612673,0.002331562141718933,0.0021477996367891567
471,0.005446461962349173,0.0010000000474974513,0.010721327831505116,0.005446461962349173,0.052679444884292395,0.003505947281394836,0.004163038274979382,0.002390346994273304,0.00232010182791401,0.0021443048235885616
472,0.005446461962349173,0.0010000000474974513,0.007022612292694141,0.005446776278406625,0.044775484176342105,0.003196445582160865,0.0036720832234163866,0.0023927124467104464,0.0023876462714765884,0.002139880832416093
473,0.005446461962349173,0.0010000000474974513,0.006754375959118646,0.0054649751535160605,0.044208385030654856,0.0031399016785440617,0.0036016988966127783,0.0023915237089697033,0.002307931864138554,0.002140124623724302
474,0.005446461962349173,0.0010000000474974513,0.007889044398762552,0.005459020469475207,0.05430981645690025,0.0031595320229684167,0.0038825692689629884,0.0023896957597544038,0.0023431331630116344,0.002138071872836189
475,0.005446461962349173,0.0010000000474974513,0.005561982296285634,0.0054635627635839104,0.03335980608296139,0.0032045119472769363,0.0032689693834907765,0.0023867351936773,0.0023158159371469305,0.0021367514804158374
476,0.005446461962349173,0.0010000000474974513,0.0053784646461357,0.005450602297693196,0.032528223297743526,0.003169914815467593,0.0032411057571932775,0.0023807304713431908,0.0022643258105030897,0.002132758348526114
477,0.005401435640918477,0.0010000000474974513,0.005572068103420932,0.005401435640918477,0.03855994627616492,0.0032965518120302135,0.0032889174334724386,0.0023748482860375584,0.0022921506945674437,0.0021293876693407343
478,0.005368942418080737,0.0010000000474974513,0.005867237389967146,0.005368942418080737,0.041045657567560845,0.0034889058716767755,0.0033818726225597305,0.002372176808121481,0.002262532857296728,0.0021261394590573325
479,0.005368942418080737,0.0010000000474974513,0.011930197156888318,0.0053908351313159885,0.06607481157034058,0.0029018635988415135,0.004485972544685173,0.002374709058554859,0.002345838746205969,0.0021249233279824905
480,0.005368942418080737,0.0010000000474974513,0.005334889786905371,0.005386093574136718,0.03226985919694041,0.002904525062044455,0.0032161373246441,0.00237138176111512,0.0023505986338867284,0.002123301094726618
481,0.005349245324639211,0.0010000000474974513,0.005332821029143904,0.005349245324639211,0.033266875845804324,0.0029447323381310768,0.003229429030641436,0.002368641791755263,0.0022720411346963164,0.0021184895284316802
482,0.0053469323420188295,0.0010000000474974513,0.004838263959596145,0.0053469323420188295,0.02741892684310545,0.0029526745314256194,0.0030490274358247974,0.002363908253837849,0.0022383671363473273,0.0021150873550475095
483,0.0053469323420188295,0.0010000000474974513,0.005585531953339681,0.005379809136943839,0.03626369132366392,0.002974545404343376,0.003297672569930104,0.002362304271357452,0.002288274185146227,0.0021077933791034884
484,0.0053469323420188295,0.0010000000474974513,0.005358782820126643,0.005352236366150585,0.034340153747330314,0.0030550144744146794,0.003240516273596232,0.0023585651516696395,0.002243237191126059,0.0021060706395468723
485,0.005309019049544485,0.0010000000474974513,0.005526441694196613,0.005309019049544485,0.03922091394745865,0.003228662435246694,0.0032987564897873443,0.0023548961076631037,0.0021997720506423276,0.002105472326409689
486,0.00529418103733397,0.0010000000474974513,0.005201373713711267,0.00529418103733397,0.031909196878497054,0.0031751561792441032,0.0031973461762445504,0.0023510552588322823,0.002281570371593634,0.0021005362367044903
487,0.00529418103733397,0.0010000000474974513,0.006431282383732464,0.005298333055011618,0.04837982555544662,0.0031520463224673683,0.003596395719637939,0.0023509024586933326,0.0022739862991185376,0.0020996177811904784
488,0.00529418103733397,0.0010000000474974513,0.005877011080488953,0.005321759961486961,0.03963830986231966,0.003138903643590413,0.003395213932324484,0.0023495975860483576,0.002257053271092167,0.0020966184232535027
489,0.00529418103733397,0.0010000000474974513,0.005417852925023668,0.005334336915828824,0.0353308924081745,0.0032003288914280973,0.0032778001801120876,0.0023474848360451744,0.002327168480305053,0.00209628253791802
490,0.00529418103733397,0.0010000000474974513,0.005802342504310937,0.005340239460990301,0.0398908467514938,0.003190612061051079,0.003364833436985019,0.0023460066558889385,0.0022536829832826115,0.0020947286496433306
491,0.00529418103733397,0.0010000000474974513,0.005847929801764276,0.005326514761265496,0.03889521830369263,0.0032165769753417194,0.003379965725985107,0.0023438276546883887,0.0022259101118271367,0.002091098808227743
492,0.00529418103733397,0.0010000000474974513,0.0058789343857859,0.005306356015169049,0.04156050630957919,0.003100046619371886,0.0033891130273175957,0.002342238490229825,0.002299308281370551,0.00209088541764452
493,0.00529418103733397,0.0010000000474974513,0.007168454298881821,0.005323600935918084,0.0432138410974772,0.0030873176186183996,0.0036519692691822673,0.002341835307521223,0.0022434721683882277,0.002089423418719332
494,0.005289014916460543,0.0010000000474974513,0.00525753564541298,0.005289014916460543,0.03423343868155339,0.0031137290167372145,0.00321260378715041,0.0023371899575101883,0.002203273753267306,0.0020864639012941723
495,0.0052544899184888035,0.0010000000474974513,0.006230756527211843,0.0052544899184888035,0.036155555921069726,0.0032533621979216987,0.0033853279567568856,0.002332791147468905,0.0022495241811879263,0.0020839870628250627
496,0.00524727778282796,0.0010000000474974513,0.005117340576648373,0.00524727778282796,0.031188870338822863,0.0031647172125091696,0.0031611357871872323,0.0023303389493810516,0.002269578345016455,0.002081478492267043
497,0.00524727778282796,0.0010000000474974513,0.011532114188651733,0.00524788123512973,0.07541909418862924,0.0035351509161549153,0.004517828929682702,0.0023318856907959262,0.0023345575275469693,0.0020828873223647966
498,0.0052430407001272375,0.0010000000474974513,0.006100628171475979,0.0052430407001272375,0.03576382751370121,0.0033934820617177058,0.0034183584807439805,0.002332472140235485,0.0022410171989962575,0.0020848437743669884
499,0.0052430407001272375,0.0010000000474974513,0.005509865349999237,0.005249499846656668,0.03283262841112303,0.003076012332438683,0.00325481873918049,0.0023293619585261433,0.002223570425158281,0.0020833730146150677
500,0.0052430407001272375,0.0010000000474974513,0.005568286992867878,0.005254953819410835,0.03279935279377259,0.0030525260960804178,0.0032697583467902426,0.00232930597620695,0.002255126241121226,0.00208189927375754
