ray,direction,orientation,r_A,E_int_kcal,E_MM_kcal,E_ML_kcal,ml_scale,wall_eV,mean_abs_F_eV_A,max_abs_F_eV_A,mean_abs_dF_kcal_A,max_abs_dF_kcal_A,dFcom_kcal_A
0,0,0,3.0,728.3257357756437,159.39408788542704,568.9316478902166,1.0,6.908885052251425,41.565299707592146,163.60227353326997,800.0521912482387,3541.0408862203903,2311.244270904344
0,0,0,3.2903225806451615,361.9656293431959,16.304446380154506,345.66118296304137,1.0,0.7039180521745605,19.085840990397937,65.06651798597593,393.46744917323105,1307.3220310771549,1150.2897606114313
0,0,0,3.5806451612903225,410.5113685923936,0.07174413798305188,410.43962445441053,1.0,0.0,13.91094709281252,35.719069508550994,363.6595236520611,912.6893621293239,623.863477343189
0,0,0,3.870967741935484,456.3943971156551,0.07174413798305188,456.322652977672,1.0,0.0,16.346141880085177,45.985992191001976,330.0167815195041,805.8373044070506,556.3250746919132
0,0,0,4.161290322580645,348.27110599590026,0.07174413798305188,348.1993618579172,1.0,0.0,13.825618177877008,40.77063940364242,255.27335022573317,589.2179622968314,172.23290901077291
0,0,0,4.451612903225806,328.17682327771513,0.07174413798305188,328.1050791397321,1.0,0.0,9.039886280372741,25.124801077630934,297.2914097196321,942.3082118688674,130.31021773008823
0,0,0,4.741935483870968,308.6806893580362,0.07174413798305188,308.60894522005316,1.0,0.0,9.797662179278255,24.98289010124957,263.6897126227535,765.5068486169907,174.72046827521496
0,0,0,5.032258064516129,260.3170162472902,0.07174413798305188,260.24527210930717,1.0,0.0,11.039408052417379,23.953872399480762,258.86314882615,776.1982420498231,268.63454896853887
0,0,0,5.32258064516129,282.71424335028905,0.07174413798305188,282.642499212306,1.0,0.0,8.938920501586603,19.843381307521383,255.65774991176485,872.4016992991627,345.78897970980785
0,0,0,5.612903225806452,321.7468847374375,0.07174413798305188,321.67514059945444,1.0,0.0,9.863041442296389,27.004375740923972,206.84041921791882,650.0894219736923,89.63436013105749
0,0,0,5.903225806451613,334.6139194064869,0.07174413798305188,334.54217526850385,1.0,0.0,10.715155812037363,34.032591036383984,162.66580702908496,607.8796372585825,53.87416324847578
0,0,0,6.193548387096774,286.7704578966374,0.07174413798305188,286.6987137586544,1.0,0.0,10.660677498110458,34.82406834630415,167.97820875359676,598.7346244135043,211.21083318349227
0,0,0,6.483870967741936,217.75684098963328,0.07174413798305188,217.68509685165023,1.0,0.0,11.1767420736545,34.2241244196083,165.61853565871806,592.6645335047001,231.73949245973995
0,0,0,6.774193548387097,150.1763111147609,0.015536596362851164,150.16077451839803,0.9544432922863293,0.0,11.252432283563223,38.56098308742773,173.61845425399804,768.831045475565,248.01563453573863
0,0,0,7.064516129032258,78.37721232349953,-0.21724953676956849,78.5944618602691,0.7225743292299119,0.0,12.044713454020545,42.476912381122965,123.84108961683457,570.6958981816773,228.81831963937645
0,0,0,7.35483870967742,26.303069555993208,-0.48675995022232016,26.789829506215526,0.3706487148253638,0.0,13.813809830769094,47.16180887553873,60.91216846324118,267.4772974774982,126.23231437423217
0,0,0,7.645161290322581,3.4933108500356953,-0.6223500202396671,4.115660870275362,0.08985060259508852,0.0,15.393385976179129,51.69190009139631,14.196506336709403,56.792030967829255,37.31547183353985
0,0,0,7.935483870967742,-0.5709826825891567,-0.5883995974286282,0.017416914839471494,0.0007452164257415766,0.0,15.848685824775037,53.19508676583676,0.22301091605879264,0.5561553554060671,0.6820964042333677
0,0,0,8.225806451612904,-0.5047196896100337,-0.5047196896100301,-3.5203159831631582e-15,0.0,0.0,15.851772628283802,53.20954679565332,0.14144042984189575,0.40165308240849024,0.1412208691187064
0,0,0,8.516129032258064,-0.4345731744675679,-0.43457317446752974,-3.8163425544746056e-14,0.0,0.0,15.851897725999644,53.210545486987705,0.12357640394276789,0.34496063460825444,0.09944964753488725
0,0,0,8.806451612903226,-0.37559389819450845,-0.37559389819438355,-1.248912102208566e-13,0.0,0.0,15.8520076932367,53.211399175888246,0.1082537048414935,0.2972794627575868,0.06688840425114335
0,0,0,9.096774193548388,-0.32559781768735063,-0.3255978176873247,-2.592232678511053e-14,0.0,0.0,15.852104472353506,53.21213322393776,0.09502827171366203,0.25683425007105687,0.0425413958435663
0,0,0,9.387096774193548,-0.2828826226637039,-0.2828826226636724,-3.1442822304161844e-14,0.0,0.0,15.852189793297878,53.21276801495793,0.08354257422141992,0.2222573448598189,0.02783756057774856
0,0,0,9.67741935483871,-0.24606183864522216,-0.24606183864516037,-6.176554406822633e-14,0.0,0.0,15.852265217294237,53.21332056345885,0.07349140700337943,0.19245934945611942,0.02599190497647794
0,0,0,9.967741935483872,-0.21390017074980608,-0.21390017074980314,-2.960265713114474e-15,0.0,0.0,15.852332267158857,53.213806350239,0.06458162977761905,0.1665034427332356,0.03221420000840839
0,0,0,10.258064516129032,-0.18514154289976537,-0.18514154289971183,-5.352480438036711e-14,0.0,0.0,15.852392661943702,53.21424154015105,0.056484614372366626,0.14423383058274397,0.03848560501920429
0,0,0,10.548387096774194,-0.15835159006320404,-0.15835159006313093,-7.310656203671218e-14,0.0,0.0,15.852448632904288,53.21464534645018,0.048790663247307194,0.12635175000193527,0.041002363819748484
0,0,0,10.838709677419356,-0.13183691588600602,-0.13183691588596055,-4.5464080850737836e-14,0.0,0.0,15.852503218201846,53.21504170926678,0.04098896129454186,0.10733623527990581,0.03797557638121322
0,0,0,11.129032258064516,-0.10374377708921181,-0.10374377708917477,-3.704332500464869e-14,0.0,0.0,15.852560327709066,53.21545877154144,0.032508548580365865,0.08571953039497651,0.02900310016012184
0,0,0,11.419354838709678,-0.07245699683282823,-0.07245699683283151,3.280294438856579e-15,0.0,0.0,15.852624271571887,53.2159241537907,0.022855465153475734,0.06032721601940797,0.015934061201349436
0,0,0,11.70967741935484,-0.03737795217991525,-0.0373779521798278,-8.744784930903028e-14,0.0,0.0,15.85269842408031,53.2164736194742,0.01186054447028347,0.031076693734951408,0.004392054444011141
0,0,0,12.0,0.0,0.0,0.0,0.0,0.0,15.852782859083074,53.21726676848805,0.0,0.0,0.0
1,0,1,3.0,916.3303100685968,395.63177607550926,520.6985339930875,1.0,17.1530326154082,33.224252678702,120.4098811359451,698.7364047950649,2824.1689631287463,2730.060324148831
1,0,1,3.2903225806451615,549.121850619699,462.3537682192258,86.76808240047318,1.0,20.04637803912913,32.53793212084524,157.66685879002245,712.3466821771242,3695.7899316490307,3304.0873601001513
1,0,1,3.5806451612903225,663.3436202646269,250.79975224482698,412.54386801979996,1.0,10.872508609828,35.64802280098247,124.07535361827834,700.313554496045,2335.8712167921994,2680.517315547348
1,0,1,3.870967741935484,483.73143545920834,34.45343029144917,449.27800516775915,1.0,1.4908246934611462,19.468773504276633,61.17298360853883,347.3921444780561,675.068023131051,487.7691579593205
1,0,1,4.161290322580645,359.7723522667896,0.07449128008360159,359.69786098670596,1.0,9.706302777130944e-06,20.717975212398805,89.8295329403302,401.5484150315231,1849.1154152452762,903.5761749120306
1,0,1,4.451612903225806,232.32645924081035,0.07426744788840957,232.25219179292196,1.0,0.0,11.158606910566704,25.998183662346577,288.30416900599454,750.4985812462514,300.4067472698856
1,0,1,4.741935483870968,313.42493918508643,0.07426744788840957,313.350671737198,1.0,0.0,10.906031922937979,34.90914294077129,243.04853888694333,770.9034616624718,253.0300302056339
1,0,1,5.032258064516129,346.2013733919741,0.07426744788840957,346.12710594408566,1.0,0.0,15.796068215650166,52.81980142046833,244.12414369631153,612.305161935276,137.8691662300656
1,0,1,5.32258064516129,302.3261559707722,0.07426744788840957,302.25188852288386,1.0,0.0,10.253378698038034,27.711354503468588,224.43672136527576,695.5133186947975,75.5164925174911
1,0,1,5.612903225806452,327.92268893897074,0.07426744788840957,327.8484214910823,1.0,0.0,10.489137892520002,27.431560380781576,211.13706504595112,714.5184681397485,48.622359780679304
1,0,1,5.903225806451613,330.4113785441384,0.07426744788840957,330.33711109625,1.0,0.0,10.529056734478322,27.804081576092443,187.79378565483694,643.4446076517124,47.04688121328996
1,0,1,6.193548387096774,297.33363211790265,0.07426744788840957,297.2593646700143,1.0,0.0,12.245883605281131,34.26680059251618,163.27498248946176,490.06552756001025,263.30368884164204
1,0,1,6.483870967741936,216.63498008621076,0.07426744788840957,216.56071263832237,1.0,0.0,11.727909315881943,38.22165785170198,165.2344961522537,581.9878334124656,223.60101134163358
1,0,1,6.774193548387097,151.18718771468252,0.019815715134268046,151.16737199954827,0.9544432922863296,0.0,11.776593551210013,41.33579704827658,157.36825557289234,670.7137401257894,227.86116490353783
1,0,1,7.064516129032258,85.93695432856853,-0.205861800114299,86.14281612868282,0.7225743292299138,0.0,12.421666738675047,42.99465208189581,110.86498415136609,457.7296551144187,219.21715314815884
1,0,1,7.35483870967742,31.62185367871547,-0.4679661212752053,32.08981979999068,0.3706487148253649,0.0,14.136745100359756,48.47482658428421,53.82732343471494,212.1678960476632,143.87039827167112
1,0,1,7.645161290322581,4.623817664305805,-0.6012687242812529,5.225086388587058,0.08985060259508959,0.0,15.449058576819075,52.039468754907034,12.745608593745972,44.30089889118914,46.38605423273712
1,0,1,7.935483870967742,-0.5449761342688813,-0.5702416731660676,0.025265538897186322,0.0007452164257417919,0.0,15.848659879996225,53.200001524561685,0.23663401245436574,0.5915060484917843,1.060731790425473
1,0,1,8.225806451612904,-0.4905820435679328,-0.49058204356788176,-5.104458175586579e-14,0.0,0.0,15.851811358642985,53.210210720576974,0.15108450850025013,0.4631490336838368,0.15050331679163273
1,0,1,8.516129032258064,-0.4238132742410982,-0.42381327424113263,3.440308801727632e-14,0.0,0.0,15.851926774707803,53.2110769395191,0.13218011178782038,0.3988959286231682,0.11098828528094687
1,0,1,8.806451612903226,-0.36763530994652727,-0.3676353099466081,8.080725324988158e-14,0.0,0.0,15.852028505634348,53.21182322148391,0.11596332080176226,0.3448581182522313,0.08152442996880567
1,0,1,9.096774193548388,-0.31994502300781175,-0.31994502300786487,5.3084764882471716e-14,0.0,0.0,15.852118344627177,53.21246981478175,0.10195839949398686,0.29897622993799,0.061198413049606076
1,0,1,9.387096774193548,-0.27911597073651484,-0.27911597073655053,3.568320292024474e-14,0.0,0.0,15.852197897589013,53.21303296562415,0.08978428328118021,0.2596810938831989,0.0499378869534238
1,0,1,9.67741935483871,-0.24382879010058314,-0.2438287901005728,-1.0360929995900658e-14,0.0,0.0,15.852268676978031,53.21352606410687,0.07911643794983961,0.22573089398414387,0.046857731894278096
1,0,1,9.967741935483872,-0.2129041517025211,-0.21290415170247867,-4.2443809751546714e-14,0.0,0.0,15.852332290081725,53.21396102879036,0.06964282999902421,0.19605753862705264,0.04866810523574688
1,0,1,10.258064516129032,-0.18512738152693847,-0.1851273815269664,2.7922506320998688e-14,0.0,0.0,15.852390721371853,53.21435019526702,0.06101235109733996,0.16960414451921726,0.05116188234107998
1,0,1,10.548387096774194,-0.15908531174480642,-0.15908531174487764,7.120639147761843e-14,0.0,0.0,15.85244664804804,53.21470868630661,0.05278524132803368,0.14516041461701368,0.050988169148459675
1,0,1,10.838709677419356,-0.1330786307829981,-0.13307863078296264,-3.5443181375938165e-14,0.0,0.0,15.852503631645277,53.215056702219904,0.04441051974271863,0.12124090356348002,0.04591827168304678
1,0,1,11.129032258064516,-0.105216771224476,-0.10521677122450396,2.796250991171645e-14,0.0,0.0,15.852565920133795,53.2154464623317,0.03526905046627061,0.09609552471695718,0.03515557720585985
1,0,1,11.419354838709678,-0.07382453723659345,-0.07382453723657972,-1.3721231616192764e-14,0.0,0.0,15.852637527908936,53.2160538902793,0.024822214835391675,0.06797502973347393,0.020315554105159884
1,0,1,11.70967741935484,-0.038250129110221694,-0.038250129110225614,3.92035189034079e-15,0.0,0.0,15.852720331916041,53.21674235768691,0.012886086938309326,0.03576506164309165,0.0067781838552845915
1,0,1,12.0,0.0,0.0,0.0,0.0,0.0,15.852811284574466,53.21745005695557,0.0,0.0,0.0
2,0,2,3.0,908.502662327672,358.6773387301255,549.8253235975466,1.0,15.551996192324049,31.940947569541798,94.50085061614362,772.8796904663288,2183.501311442176,2072.329244535809
2,0,2,3.2903225806451615,337.2483300332601,34.36983489231134,302.8784951409488,1.0,1.4886626202933428,23.55756941361377,75.47907982521542,541.8132776861837,1516.807630249259,1417.4530746901814
2,0,2,3.5806451612903225,132.02190678736937,0.04053053703670357,131.9813762503327,1.0,0.0,18.74001024181053,40.071585088755185,454.15537858414416,948.9609145151594,506.3513286389452
2,0,2,3.870967741935484,169.54941590333107,0.04053053703670357,169.50888536629435,1.0,0.0,22.73293090348437,85.62533677527267,537.6114969028905,1399.3961500160303,890.6184671703026
2,0,2,4.161290322580645,247.0111003850203,0.04053053703670357,246.97056984798363,1.0,0.0,21.07191090952064,57.84066658779726,384.89401801788244,860.9169586598226,571.9692153118621
2,0,2,4.451612903225806,326.4368648815095,0.04053053703670357,326.3963343444728,1.0,0.0,15.375774907233714,48.48393914797595,260.02445403109795,549.2665084373716,469.08177749818475
2,0,2,4.741935483870968,233.40395115176923,0.04053053703670357,233.36342061473252,1.0,0.0,14.702927258884333,40.64725778698585,303.5321762207004,733.7542802963651,466.52426180410083
2,0,2,5.032258064516129,320.22393936631875,0.04053053703670357,320.1834088292821,1.0,0.0,15.062415974902924,49.83391451323055,266.10304420044685,647.8480216244652,410.6625064677168
2,0,2,5.32258064516129,309.6827475719942,0.04053053703670357,309.64221703495747,1.0,0.0,14.066675504030488,49.77440537362547,231.00262969564938,627.2600479996453,256.5527834092779
2,0,2,5.612903225806452,251.95061759151002,0.04053053703670357,251.9100870544733,1.0,0.0,8.745166593521379,19.49362774802819,232.1053315000124,799.301953459278,89.34750946830356
2,0,2,5.903225806451613,274.5924114389818,0.04053053703670357,274.5518809019451,1.0,0.0,10.421272939609931,30.674377209568384,211.58141430094142,840.6517552614322,67.47280789500722
2,0,2,6.193548387096774,273.53577682263284,0.04053053703670357,273.4952462855961,1.0,0.0,10.32546104185989,28.456668430073112,192.73050242607138,687.6667382167698,27.431413485535277
2,0,2,6.483870967741936,234.5992771475795,0.04053053703670357,234.55874661054278,1.0,0.0,10.04753015066105,27.07413993073339,198.8192090426107,728.052207614826,200.99698495702145
2,0,2,6.774193548387097,164.02169002444677,-0.00706901844765889,164.02875904289442,0.9544432922863288,0.0,11.098642310339732,30.135864854220088,204.68098028104075,682.9859236054712,233.0676663244096
2,0,2,7.064516129032258,91.13315728043926,-0.19578098237555452,91.32893826281483,0.7225743292299119,0.0,11.767993299800068,39.435084547213364,134.0844479999252,563.8087349468859,224.72621800036276
2,0,2,7.35483870967742,34.5937573815018,-0.40024618450950933,34.994003566011315,0.3706487148253638,0.0,13.875799913979801,46.92764675823214,62.452108316583534,275.5362642803525,155.51880705340773
2,0,2,7.645161290322581,5.134413965898295,-0.48904239363851937,5.6234563595368146,0.08985060259508852,0.0,15.396832048621604,51.66405976949992,15.153177714397314,65.17852315125742,50.07038544110938
2,0,2,7.935483870967742,-0.42096582389101395,-0.4474934260602418,0.02652760216922784,0.0007452164257415766,0.0,15.849425331083463,53.198182400491916,0.2387974414493303,0.6474463232624115,1.082059154444267
2,0,2,8.225806451612904,-0.37335359358632153,-0.37335359358634745,2.592232678511053e-14,0.0,0.0,15.852100200087893,53.214628778909635,0.14537972575484917,0.3917417259691568,0.19149884923571503
2,0,2,8.516129032258064,-0.313294022188004,-0.31329402218790486,-9.912889779861711e-14,0.0,0.0,15.852205256295253,53.21503838114835,0.12648130876281932,0.34511516946155973,0.14716941589750948
2,0,2,8.806451612903226,-0.26435242718268337,-0.26435242718271107,2.7682484776692107e-14,0.0,0.0,15.852296449536983,53.215398253866255,0.11035870638892242,0.3062649746266637,0.11328779533152433
2,0,2,9.096774193548388,-0.22406512750969035,-0.224065127509645,-4.5364071873943423e-14,0.0,0.0,15.852375596062263,53.21571402434075,0.09650779741787062,0.27204788897172344,0.08745559841202764
2,0,2,9.387096774193548,-0.19057978713360954,-0.1905797871336168,7.280653510632896e-15,0.0,0.0,15.852444330469861,53.21599140085219,0.0845285283987992,0.2417894381175121,0.06809181333679867
2,0,2,9.67741935483871,-0.16245976240982493,-0.16245976240984605,2.1101894103620066e-14,0.0,0.0,15.852504090004022,53.21623649098972,0.07408598132945385,0.21485835209744847,0.054171219899296665
2,0,2,9.967741935483872,-0.13851990246949872,-0.138519902469549,5.0304515327587175e-14,0.0,0.0,15.852556166856337,53.21645648792021,0.06486757639678953,0.1905735053001216,0.04483022269166507
2,0,2,10.258064516129032,-0.11768189281244686,-0.11768189281236464,-8.220737892500329e-14,0.0,0.0,15.852601839647548,53.21666051281269,0.056534507649457666,0.16808191200114536,0.0388222681143557
2,0,2,10.548387096774194,-0.09885717728420945,-0.09885717728411476,-9.46884992289454e-14,0.0,0.0,15.852642578405158,53.21686012128586,0.048675281947544814,0.1462389520235728,0.0342859921618014
2,0,2,10.838709677419356,-0.08088913999375698,-0.08088913999374768,-9.300834841879934e-15,0.0,0.0,15.852680275329083,53.2170686994691,0.040782511173022486,0.12356214963423158,0.029270703558179
2,0,2,11.129032258064516,-0.06260700081665753,-0.0626070008165956,-6.192555843109738e-14,0.0,0.0,15.85271739164619,53.21729882669856,0.03228646520535535,0.09837004598885943,0.02262269046007629
2,0,2,11.419354838709678,-0.043049822534651595,-0.04304982253457871,-7.288654228776448e-14,0.0,0.0,15.85275684391372,53.21755690445429,0.02268269605146631,0.06923354094144087,0.014682163615304472
2,0,2,11.70967741935484,-0.02189072188490164,-0.02189072188490794,6.300565538047698e-15,0.0,0.0,15.852801409876196,53.217835301315546,0.011774909166329527,0.03581647685950366,0.007214973737076431
2,0,2,12.0,0.0,0.0,0.0,0.0,0.0,15.852852461337537,53.21810443815229,0.0,0.0,0.0
3,0,3,3.0,477.67951231206547,0.09463945795754566,477.58487285410797,1.0,0.0,24.6195415293558,58.89465679143631,514.6152927498437,1001.839684891722,936.7403136629449
3,0,3,3.2903225806451615,287.5668984173183,0.09463945795754566,287.4722589593608,1.0,0.0,13.005608322662804,36.44745717180041,324.6214836331015,872.0875077147637,621.697929491115
3,0,3,3.5806451612903225,252.08008199478382,0.09463945795754566,251.9854425368263,1.0,0.0,14.043818647714101,47.445711732245066,277.7716677773551,682.5806223661114,230.28000746464303
3,0,3,3.870967741935484,325.5940306193568,0.09463945795754566,325.4993911613992,1.0,0.0,20.202305377189756,62.92676763636293,286.5788386075675,576.6155483124382,218.69429488373282
3,0,3,4.161290322580645,345.22018862167624,0.09463945795754566,345.1255491637187,1.0,0.0,15.829133271013934,51.18889494227968,243.86930240035608,614.9836589722612,266.26878966603095
3,0,3,4.451612903225806,384.2709623713993,0.09463945795754566,384.17632291344177,1.0,0.0,14.350304530875917,57.56317814647001,243.38915442843134,829.0313421979743,201.29238946889706
3,0,3,4.741935483870968,410.4601606735857,0.09463945795754566,410.3655212156281,1.0,0.0,13.493497739745887,52.11182054916142,236.14205833755034,587.1614639619045,85.87190049113737
3,0,3,5.032258064516129,374.2827205387771,0.09463945795754566,374.18808108081953,1.0,0.0,11.187648170624557,32.589202086977366,223.87576923491557,633.0391774723673,129.85612096280428
3,0,3,5.32258064516129,358.46160433276515,0.09463945795754566,358.3669648748076,1.0,0.0,11.098165288581756,30.433110011271314,222.0671234768996,661.0429066246783,29.502456653167982
3,0,3,5.612903225806452,359.33214376453793,0.09463945795754566,359.2375043065804,1.0,0.0,9.734023076256133,27.8985822935848,240.4239905967245,673.9134650159438,69.70862456439393
3,0,3,5.903225806451613,334.6058522418996,0.09463945795754566,334.511212783942,1.0,0.0,11.014072637206478,32.82117502589498,194.72043422078767,536.8606671236932,104.94972931765649
3,0,3,6.193548387096774,293.45933915894693,0.09463945795754566,293.36469970098943,1.0,0.0,12.156354090393956,40.94925251708835,150.1536893743611,426.5888671764056,200.21904017255403
3,0,3,6.483870967741936,224.9603726254234,0.09463945795754566,224.86573316746583,1.0,0.0,13.040692341505965,48.221038310224145,128.71934531293942,416.97930339865167,228.1027199169358
3,0,3,6.774193548387097,153.8655606711571,0.040320067492063336,153.82524060366504,0.9544432922863296,0.0,13.038903466733194,47.154533325225096,115.50619997670256,375.0061325100068,257.7350586623419
3,0,3,7.064516129032258,79.50665239824423,-0.19291051401839254,79.69956291226262,0.7225743292299128,0.0,13.549269272843159,47.26221855251978,88.63316480740967,263.8237424178536,236.3253071378484
3,0,3,7.35483870967742,25.798241531635643,-0.47664813609142487,26.274889667727066,0.3706487148253659,0.0,14.555195019717937,49.593518436095614,45.76605037954926,130.20170816473404,130.43690929092156
3,0,3,7.645161290322581,2.8795082618535996,-0.6337823408591512,3.513290602712751,0.08985060259508919,0.0,15.528746436243754,52.08724842464374,10.921615503065995,27.337650053187296,34.95825976044148
3,0,3,7.935483870967742,-0.6041662058645791,-0.6147328144150732,0.010566608550494058,0.0007452164257417919,0.0,15.848742899958898,53.19591082608972,0.1974096155899912,0.5248337458717605,0.445859227690077
3,0,3,8.225806451612904,-0.5384766642918087,-0.5384766642917244,-8.432756923304474e-14,0.0,0.0,15.851304526930136,53.2080031218992,0.140720087190091,0.4412169351894542,0.10305609151759226
3,0,3,8.516129032258064,-0.4727724914340135,-0.47277249143401734,3.840344708905263e-15,0.0,0.0,15.851473710433783,53.208892854752804,0.12409234275863028,0.3845030710853907,0.07144462736618269
3,0,3,8.806451612903226,-0.4161542177035332,-0.41615421770352395,-9.280833046521053e-15,0.0,0.0,15.851620653847679,53.20969009107007,0.10963996819432151,0.33572087754901686,0.05019792584229341
3,0,3,9.096774193548388,-0.3670494108909633,-0.36704941089087734,-8.60077200431908e-14,0.0,0.0,15.851749000524212,53.21040520781964,0.09701622342967894,0.2934986324689831,0.041452923134704875
3,0,3,9.387096774193548,-0.324187773441422,-0.32418777344135846,-6.35257020598079e-14,0.0,0.0,15.851861748145813,53.21104840395368,0.08593311166648711,0.25673962992749666,0.04444991380503311
3,0,3,9.67741935483871,-0.28647886216508783,-0.2864788621651165,2.864257095391842e-14,0.0,0.0,15.85196154449144,53.21163102083411,0.07613440877989605,0.224532813890678,0.05290259068629616
3,0,3,9.967741935483872,-0.2528636632597912,-0.2528636632597381,-5.312476847318948e-14,0.0,0.0,15.85205107320202,53.2121679839636,0.06735900899292527,0.19604855454695938,0.06148437661792229
3,0,3,10.258064516129032,-0.22213345969391524,-0.22213345969397924,6.400574514842106e-14,0.0,0.0,15.852133538774586,53.212681072281846,0.059293931565352925,0.17040612497034194,0.06713299030341142
3,0,3,10.548387096774194,-0.1927459210748762,-0.19274592107483907,-3.712333218608421e-14,0.0,0.0,15.85221315582451,53.21320181154281,0.05152729170747341,0.14652142463403048,0.06755120888899939
3,0,3,10.838709677419356,-0.16272187274715635,-0.16272187274716512,8.780788162549015e-15,0.0,0.0,15.852295396450392,53.21377158530732,0.04352750994748783,0.12298059406033417,0.06087137285313775
3,0,3,11.129032258064516,-0.12976427450116715,-0.12976427450114464,-2.2502019778741778e-14,0.0,0.0,15.85238658901427,53.214435472404055,0.03468912932533542,0.09803190684616556,0.04642247583141561
3,0,3,11.419354838709678,-0.09177421784761614,-0.09177421784767184,5.57050000744852e-14,0.0,0.0,15.852492377965314,53.21522618601978,0.024485005272413707,0.06982860916834113,0.026280947564035134
3,0,3,11.70967741935484,-0.047894037158775805,-0.047894037158834016,5.82052244943454e-14,0.0,0.0,15.852614702020176,53.21613671836655,0.012740894950329118,0.03705756737808006,0.007172854770939767
3,0,3,12.0,0.0,0.0,0.0,0.0,0.0,15.852747572527567,53.2170870511329,0.0,0.0,0.0
4,0,4,3.0,605.4754628379274,222.11451986764234,383.36094297028495,1.0,9.633776904554644,25.12510051180299,79.88507287003965,564.3255741532937,1704.2768603287418,1748.8872746578186
4,0,4,3.2903225806451615,429.41608015488214,25.90187703923342,403.5142031156487,1.0,1.1251737594186362,24.476403264755184,91.10272811007366,601.2757825707506,1891.374395735088,833.7768600274762
4,0,4,3.5806451612903225,265.0431197964509,-0.04519243984004163,265.08831223629096,1.0,0.0,19.99621739281828,49.95112234002388,433.17240967187035,867.2399680970132,536.5616093184309
4,0,4,3.870967741935484,208.4282580610661,-0.04519243984004163,208.47345050090613,1.0,0.0,23.204608135306557,75.37488874776504,484.32540424496284,1507.2591562331445,1123.8299365671364
4,0,4,4.161290322580645,185.79006399898287,-0.04519243984004163,185.8352564388229,1.0,0.0,14.257457285676447,34.74549574326159,324.0868451707904,842.2010046561425,376.58193379464416
4,0,4,4.451612903225806,249.9480549554981,-0.04519243984004163,249.99324739533813,1.0,0.0,16.75245478254502,53.02808745500324,302.6639621908881,657.1937683506686,606.6253774347767
4,0,4,4.741935483870968,328.1846199626424,-0.04519243984004163,328.2298124024824,1.0,0.0,18.500642177022165,56.045365061554946,352.20758848977516,896.1301818981073,270.2570278949766
4,0,4,5.032258064516129,340.33510313370454,-0.04519243984004163,340.3802955735446,1.0,0.0,16.75155886735925,53.89598073404252,297.1969953754752,696.7992719837401,247.1068578481967
4,0,4,5.32258064516129,287.9734577138951,-0.04519243984004163,288.0186501537351,1.0,0.0,14.408806901618021,44.69978356184168,259.8064537987108,815.9436401421057,314.53122030650303
4,0,4,5.612903225806452,245.342291549764,-0.04519243984004163,245.38748398960402,1.0,0.0,9.33411050240935,26.576285645653726,251.44339730234043,876.8951922202333,93.19433019835208
4,0,4,5.903225806451613,265.73642594344005,-0.04519243984004163,265.7816183832801,1.0,0.0,11.679148758733465,31.00415157041949,196.59013298732918,660.0594498113301,138.31612255224013
4,0,4,6.193548387096774,263.8634979142041,-0.04519243984004163,263.90869035404415,1.0,0.0,11.306825826139242,32.36754867095513,185.42944741820142,607.33851127059,58.50211695413864
4,0,4,6.483870967741936,229.42324543119304,-0.04519243984004163,229.46843787103307,1.0,0.0,11.620344463330309,34.35234299547911,177.04117761521226,529.4420986593391,201.548350153195
4,0,4,6.774193548387097,155.4123747613448,-0.03735804570951508,155.44973280705432,0.9544432922863288,0.0,11.946803603405677,31.166068571503157,192.66995461177825,570.0646213652062,214.24898924910406
4,0,4,7.064516129032258,88.61735504140017,0.011225261812345568,88.60612977958783,0.7225743292299108,0.0,11.694237675547692,37.23108015292755,137.6488464453919,553.535793103284,223.9412452584512
4,0,4,7.35483870967742,34.51633289959974,0.09366117783697532,34.42267172176277,0.3706487148253638,0.0,13.747780759866817,45.865553454694535,65.0186380938417,285.7161137869462,146.3795050917401
4,0,4,7.645161290322581,6.235231237009736,0.1609740470800146,6.074257189929722,0.08985060259508786,0.0,15.352540578758218,51.39713552532328,15.640731864921595,69.82335398418644,50.87689854170765
4,0,4,7.935483870967742,0.21408321753267381,0.1793267303132637,0.03475648721941012,0.0007452164257418867,0.0,15.851381306187244,53.21189948681938,0.2376539027174849,0.8588521684959609,1.584949034659284
4,0,4,8.225806451612904,0.17284061968561645,0.17284061968566772,-5.124459970945461e-14,0.0,0.0,15.85388809379082,53.232960884090836,0.167714476780308,0.6061837980829401,0.23650117090490158
4,0,4,8.516129032258064,0.1633924118781914,0.16339241187819475,-3.3603016202921056e-15,0.0,0.0,15.853808932261924,53.231279653454585,0.14549177812614555,0.5253644132788925,0.19532164600446203
4,0,4,8.806451612903226,0.15249285688808148,0.15249285688801123,7.024630530039212e-14,0.0,0.0,15.853738338782398,53.22984894411238,0.1266504696734511,0.45630127790729647,0.16285717877051537
4,0,4,9.096774193548388,0.1410056916555906,0.14100569165559093,-3.200287257421053e-16,0.0,0.0,15.853675298072577,53.22862321780513,0.11055979939971733,0.39695470938981603,0.13711255560848537
4,0,4,9.387096774193548,0.12946479295618055,0.12946479295612245,5.808521372219212e-14,0.0,0.0,15.853618921399407,53.22756603274125,0.0967211383252647,0.34567229444319797,0.11666472657749662
4,0,4,9.67741935483871,0.11816257235010313,0.1181625723500882,1.492133933772566e-14,0.0,0.0,15.853568443028177,53.22664662619068,0.08471756594803781,0.3010591860797103,0.10041151318603474
4,0,4,9.967741935483872,0.10718009894968389,0.10718009894974447,-6.056543634669343e-14,0.0,0.0,15.853523166509522,53.22583612216083,0.07416005437121423,0.2618283961453801,0.08733513070391813
4,0,4,10.258064516129032,0.09636809016082788,0.09636809016083285,-4.960445249002632e-15,0.0,0.0,15.853482322624217,53.22510329628796,0.064628761983726,0.22662368223864485,0.07628220664786615
4,0,4,10.548387096774194,0.08530183660918987,0.08530183660910044,8.941802615188011e-14,0.0,0.0,15.853444812589842,53.224410682452685,0.05562054067831397,0.1938399650887219,0.06585263854607272
4,0,4,10.838709677419356,0.0732568507848173,0.07325685078477208,4.523406020411069e-14,0.0,0.0,15.853408859369225,53.22371293805321,0.0465298936417481,0.16151323140530002,0.05455300135862379
4,0,4,11.129032258064516,0.059279891562521884,0.059279891562502095,1.9791776507613324e-14,0.0,0.0,15.853371682523655,53.22296047621725,0.03670409831919692,0.12740276941842915,0.04131717971028046
4,0,4,11.419354838709678,0.04244725813531325,0.04244725813526427,4.8984396833900995e-14,0.0,0.0,15.853329439737086,53.22211175878716,0.02561361708045525,0.0894188443945761,0.02632406856872091
4,0,4,11.70967741935484,0.02238190453798836,0.022381904538022832,-3.44730943010324e-14,0.0,0.0,15.853277809791901,53.221156193417855,0.013151659451852303,0.046515180408956726,0.011673542485357931
4,0,4,12.0,0.0,0.0,0.0,0.0,0.0,15.853213663853717,53.22014456306821,0.0,0.0,0.0
5,0,5,3.0,262.0248200336534,0.011407655610680374,262.01341237804274,1.0,0.0,22.321761439472947,69.99469621052528,417.39619198740206,1330.7254286794946,644.7732918761288
5,0,5,3.2903225806451615,451.60957080572115,0.011407655610680374,451.59816315011045,1.0,0.0,20.27389089136641,60.27361146998208,385.2370738153837,1166.9602811438835,370.3236346274338
5,0,5,3.5806451612903225,416.2428363330019,0.011407655610680374,416.2314286773912,1.0,0.0,22.22458758454646,68.26603942889281,459.6044306818579,1355.0623716517457,160.54718360309874
5,0,5,3.870967741935484,518.4096068688277,0.011407655610680374,518.398199213217,1.0,0.0,20.347912682649735,57.711079571979056,454.71854775701905,921.60365142449,326.4019194847174
5,0,5,4.161290322580645,466.4027060400489,0.011407655610680374,466.3912983844382,1.0,0.0,16.579935100047138,54.95691306932657,401.67198217634495,1032.549085254763,333.73221487745946
5,0,5,4.451612903225806,412.7744920106559,0.011407655610680374,412.7630843550452,1.0,0.0,13.52464583388669,45.63866332902886,248.53326104694642,574.0413454226333,177.07764380552706
5,0,5,4.741935483870968,425.1513381528127,0.011407655610680374,425.139930497202,1.0,0.0,13.0928793218913,53.63666630030826,283.35580517957806,1056.9133072408122,157.97735913348927
5,0,5,5.032258064516129,365.6381525413061,0.011407655610680374,365.6267448856955,1.0,0.0,12.285832671326308,43.74492145988754,226.52431159078822,687.9738052225847,92.34941706087363
5,0,5,5.32258064516129,357.16857491885435,0.011407655610680374,357.15716726324365,1.0,0.0,10.971463233607519,32.16349941528372,198.29333963528921,593.186707133696,91.93417613955276
5,0,5,5.612903225806452,328.84286262374746,0.011407655610680374,328.83145496813677,1.0,0.0,9.295888262046633,23.9910922706772,226.84149623990876,785.4393150828606,67.13298622690648
5,0,5,5.903225806451613,314.94085539881075,0.011407655610680374,314.9294477432001,1.0,0.0,11.178340631628437,33.27132504774223,166.82227767080303,522.6763458050541,111.23515165983724
5,0,5,6.193548387096774,266.5826157655612,0.011407655610680374,266.5712081099505,1.0,0.0,12.052417552905363,36.81430046114732,153.1871796381414,462.2063311921469,243.6538409834451
5,0,5,6.483870967741936,195.0066387045829,0.011407655610680374,194.99523104897227,1.0,0.0,12.024805198651665,37.24257095446403,141.66996135195274,469.24487442042175,243.7489553627013
5,0,5,6.774193548387097,116.53814454895273,-0.008583550761592357,116.54672809971431,0.9544432922863293,0.0,12.12560119347118,35.18670254428809,151.75703524989027,477.6090681860858,284.2731163828788
5,0,5,7.064516129032258,47.02980760115197,-0.08606656644836207,47.11587416760033,0.7225743292299119,0.0,12.31957471853705,39.004956860063714,109.66110619988818,374.9020786508487,181.51675643364516
5,0,5,7.35483870967742,11.827215192913922,-0.16739337882845914,11.994608571742381,0.3706487148253649,0.0,14.02556752801829,46.534372997947706,51.72892323923612,191.07939659147044,70.54972206999551
5,0,5,7.645161290322581,0.7616059144221016,-0.19965820888775462,0.9612641233098562,0.08985060259508852,0.0,15.472502256483935,51.763066672705854,10.590753852548236,36.83495317259263,13.430300740751598
5,0,5,7.935483870967742,-0.18600991317290766,-0.179421726604033,-0.0065881865688746655,0.0007452164257415766,0.0,15.84934682828607,53.20937596887987,0.17889290921917508,0.5825971505712957,0.39292282673621987
5,0,5,8.225806451612904,-0.14715165429150606,-0.14715165429137825,-1.278114723432533e-13,0.0,0.0,15.852356961542412,53.21888805742514,0.13522086058319358,0.4323838319061845,0.16273465412303711
5,0,5,8.516129032258064,-0.12124190079775803,-0.12124190079771793,-4.008359789919869e-14,0.0,0.0,15.852460945434188,53.21883497703285,0.11836738443475288,0.3808456814981167,0.13471325106458268
5,0,5,8.806451612903226,-0.10034597724715782,-0.10034597724714348,-1.4341287272318095e-14,0.0,0.0,15.85254548012981,53.21879413650728,0.1038320644022735,0.33594010421673587,0.11210566277494032
5,0,5,9.096774193548388,-0.08335287829395523,-0.08335287829387732,-7.790699292284376e-14,0.0,0.0,15.852614706116668,53.21876172925935,0.09122743846442943,0.29665436073701096,0.09370712406201537
5,0,5,9.387096774193548,-0.06942191379707681,-0.06942191379697561,-1.0118908272058192e-13,0.0,0.0,15.852671776290475,53.21873525766474,0.08023669550461114,0.2621318299348221,0.07862567214171527
5,0,5,9.67741935483871,-0.05790154765684741,-0.057901547656870514,2.3102073639508227e-14,0.0,0.0,15.852719126089335,53.21871314080027,0.07058587178810512,0.23160029450937386,0.06618290515275431
5,0,5,9.967741935483872,-0.04826416639812313,-0.0482641663980529,-7.022630350503323e-14,0.0,0.0,15.852758689886883,53.21869441182556,0.062009325598228034,0.20427054668391756,0.055826100860775996
5,0,5,10.258064516129032,-0.04005236641853973,-0.0400523664184384,-1.0132409483925437e-13,0.0,0.0,15.852792088863211,53.21867838834106,0.05420729572889409,0.17920526894289318,0.047043913093190254
5,0,5,10.548387096774194,-0.03283903361517676,-0.03283903361519424,1.74815691436625e-14,0.0,0.0,15.852820794799552,53.218664232127196,0.04680310593900565,0.15518674942664612,0.03930038618203067
5,0,5,10.838709677419356,-0.02620989505221483,-0.02620989505215754,-5.729014235667657e-14,0.0,0.0,15.852846250755736,53.21865039709711,0.03932008819535778,0.13065313358229333,0.03202364900372409
5,0,5,11.129032258064516,-0.01978141166757302,-0.019781411667551145,-2.187196322493701e-14,0.0,0.0,15.852869908147676,53.21863410510647,0.031211324663814127,0.10381572288958273,0.024679229735851165
5,0,5,11.419354838709678,-0.013265748842912643,-0.01326574884280753,-1.0511443505976243e-13,0.0,0.0,15.852893127885926,53.21861117271071,0.021981947800752397,0.07309048963393966,0.016907412256097636
5,0,5,11.70967741935484,-0.00658369602971186,-0.006583696029637678,-7.418165853725206e-14,0.0,0.0,15.852916901126793,53.218576681243455,0.011432104214319273,0.03793377574479003,0.008631903057123837
5,0,5,12.0,0.0,0.0,0.0,0.0,0.0,15.852941385658664,53.21852702044579,0.0,0.0,0.0
6,0,6,3.0,645.246587034847,0.017296959895632947,645.2292900749513,1.0,0.0,43.721512807592696,195.0156427166284,893.3485802191823,3316.6773456958567,1346.9522436655907
6,0,6,3.2903225806451615,405.9543923704841,0.017296959895632947,405.9370954105884,1.0,0.0,23.17934311218167,77.5247372025462,432.6649956135539,1560.2997766320864,766.1234393689941
6,0,6,3.5806451612903225,370.58891884821776,0.017296959895632947,370.5716218883221,1.0,0.0,27.3969700565151,89.96846708018978,494.1528126930706,1844.6669243181216,370.8498685017646
6,0,6,3.870967741935484,360.0278912510703,0.017296959895632947,360.01059429117464,1.0,0.0,14.47097404053439,54.25716630249085,303.1150341428131,813.8925849666722,273.1787252069634
6,0,6,4.161290322580645,443.37157011778424,0.017296959895632947,443.3542731578886,1.0,0.0,14.377273275988244,49.446434180319415,271.5313075323728,633.4034483947709,482.44890639872943
6,0,6,4.451612903225806,499.2174020320688,0.017296959895632947,499.2001050721732,1.0,0.0,14.78532311765594,50.20640457746501,224.26401133451714,567.7539633471222,172.26555153378396
6,0,6,4.741935483870968,380.90568246382986,0.017296959895632947,380.8883855039342,1.0,0.0,12.405723908346571,43.744345126497,279.90247924207506,970.7298881155415,443.1552177231889
6,0,6,5.032258064516129,322.21666608683097,0.017296959895632947,322.1993691269353,1.0,0.0,9.663912561070934,28.023437022267547,260.3600236607875,1165.476182996979,132.48705756954104
6,0,6,5.32258064516129,317.21681753975616,0.017296959895632947,317.1995205798605,1.0,0.0,10.466260209976108,25.466199196801636,219.8427610434946,753.5187307876944,113.11972003934297
6,0,6,5.612903225806452,307.6497946518309,0.017296959895632947,307.6324976919353,1.0,0.0,10.48460109555175,31.571725730543722,202.00935843372335,682.1130146605338,27.63701022064981
6,0,6,5.903225806451613,300.30275557771785,0.017296959895632947,300.28545861782226,1.0,0.0,11.924395861824088,37.92165073302262,167.74677400748715,507.34792060552553,88.36838680254505
6,0,6,6.193548387096774,262.3830035373352,0.017296959895632947,262.36570657743954,1.0,0.0,11.652552579574367,39.25331205268408,153.67156523261855,550.8102096048816,190.04530576509603
6,0,6,6.483870967741936,199.6998875217985,0.017296959895632947,199.68259056190286,1.0,0.0,12.039929483216357,37.059326675615,130.72828321862553,439.8123101262821,225.1483665210592
6,0,6,6.774193548387097,129.25710219012882,-0.004834403866798514,129.26193659399564,0.9544432922863293,0.0,12.372934598349321,39.733038787086215,114.73670128825162,419.26594388993425,252.97092448333223
6,0,6,7.064516129032258,60.504498629217274,-0.09179739647772536,60.596296025695004,0.7225743292299119,0.0,13.174219362342185,44.392110741194145,96.45345632336159,367.6889167003127,203.33404693064745
6,0,6,7.35483870967742,17.209400928952117,-0.1852141580805787,17.394615087032697,0.3706487148253638,0.0,14.407396098335763,48.21031047683518,45.86555452746045,168.4808967360554,96.36941343880018
6,0,6,7.645161290322581,1.5462962541061538,-0.22492143525590785,1.7712176893620615,0.08985060259508852,0.0,15.52109768530374,51.89255276050476,10.1043664440059,34.003597932400446,20.282927128256766
6,0,6,7.935483870967742,-0.20379620900788306,-0.20487044828840623,0.0010742392805231536,0.0007452164257415766,0.0,15.84943793874755,53.205042158511674,0.18855630937344123,0.578557573870721,0.19190224303196785
6,0,6,8.225806451612904,-0.17018312064494495,-0.17018312064492522,-1.972177022385724e-14,0.0,0.0,15.852211439461936,53.21583574841363,0.14091208810069178,0.4172795725014278,0.17914444414815062
6,0,6,8.516129032258064,-0.14214929660637945,-0.14214929660632666,-5.278473795208849e-14,0.0,0.0,15.85231261838781,53.21609405995486,0.12322908316006444,0.366912906315944,0.14732888260717533
6,0,6,8.806451612903226,-0.11937130893482996,-0.11937130893479746,-3.250291745818257e-14,0.0,0.0,15.852397476031294,53.21632375583714,0.10801966464076598,0.3235145906557787,0.12192206809385892
6,0,6,9.096774193548388,-0.10068745435454711,-0.10068745435447464,-7.246650458522797e-14,0.0,0.0,15.852469158829106,53.21652743251302,0.09485967438530597,0.28564136786914185,0.10145990544754938
6,0,6,9.387096774193548,-0.08522108045820884,-0.0852210804582006,-8.240739687859212e-15,0.0,0.0,15.852530117596695,53.216707999133504,0.08340515067580119,0.25242563048102024,0.0848725392136405
6,0,6,9.67741935483871,-0.07229123089346208,-0.07229123089340297,-5.911530618317452e-14,0.0,0.0,15.852582311174908,53.216868746670265,0.0733609646442717,0.22309286969499384,0.07135406257177386
6,0,6,9.967741935483872,-0.0613383180420539,-0.061338318042042796,-1.1100996424179278e-14,0.0,0.0,15.852627400837415,53.21701370380947,0.06444325696603762,0.19685859665278463,0.060245723272716566
6,0,6,10.258064516129032,-0.05185936517321863,-0.05185936517320126,-1.7371559269188655e-14,0.0,0.0,15.852666957797561,53.21714815693941,0.056334360374497724,0.17279830227394388,0.050922762217796964
6,0,6,10.548387096774194,-0.04335628583647799,-0.04335628583637199,-1.0599951450439294e-13,0.0,0.0,15.852702675012774,53.217279054767914,0.04863806542060622,0.1497184859185323,0.042710229617427105
6,0,6,10.838709677419356,-0.035310675399185684,-0.03531067539913299,-5.269472987297352e-14,0.0,0.0,15.852736528924101,53.21741483036774,0.04085609033657783,0.1260968672874204,0.03488745965138979
6,0,6,11.129032258064516,-0.027207042762349573,-0.02720704276222515,-1.244261684787626e-13,0.0,0.0,15.852770785364203,53.21756403736928,0.03242005976589591,0.10020119595755198,0.026826420256691744
6,0,6,11.419354838709678,-0.0186283413844839,-0.018628341384457413,-2.6487377503998933e-14,0.0,0.0,15.852807706117662,53.217732258482584,0.02281994198874793,0.0705152301181924,0.018218001472526585
6,0,6,11.70967741935484,-0.009435040991873369,-0.009435040991758103,-1.1526534620439483e-13,0.0,0.0,15.85284882294954,53.21791723013543,0.01185727400168657,0.036556549092190464,0.009194705807861376
6,0,6,12.0,0.0,0.0,0.0,0.0,0.0,15.852893758465274,53.2181033624154,0.0,0.0,0.0
7,0,7,3.0,425.5945957327447,7.810384470853142,417.7842112618916,1.0,0.3449141179524143,24.916594171725826,105.52431224452579,553.3811925055646,2269.26628861292,1711.7230265348467
7,0,7,3.2903225806451615,152.0367021442338,-0.14350754618850783,152.18020969042232,1.0,0.0,17.30547742473677,62.76330595308227,381.16552865313446,1213.3477997756995,560.7747070887837
7,0,7,3.5806451612903225,596.7796995239072,-0.14350754618850783,596.9232070700957,1.0,0.0,42.07105181375225,166.89567982172935,877.0614940208098,2764.6870909904937,2713.4928157729546
7,0,7,3.870967741935484,505.7396178935757,-0.14350754618850783,505.8831254397642,1.0,0.0,26.287806051732407,87.90968034159611,592.0384848825626,1796.8358526375423,578.0672895249917
7,0,7,4.161290322580645,406.87954889779655,-0.14350754618850783,407.02305644398507,1.0,0.0,15.621527998814534,56.34950662875748,366.56010315251245,1069.0759400495936,473.5748458343267
7,0,7,4.451612903225806,291.4926286097106,-0.14350754618850783,291.6361361558991,1.0,0.0,13.683460273111475,53.01460417989217,269.9085731669431,849.0273565407049,170.3381876493346
7,0,7,4.741935483870968,385.859046259349,-0.14350754618850783,386.0025538055375,1.0,0.0,10.693903244254331,41.927961742893515,266.6315110449099,1027.631575669091,113.81517865144937
7,0,7,5.032258064516129,292.4833008680656,-0.14350754618850783,292.6268084142541,1.0,0.0,13.057167662384312,47.871399101055204,237.09128102384554,619.3694009878596,260.89313159006156
7,0,7,5.32258064516129,267.8217662463015,-0.14350754618850783,267.96527379249,1.0,0.0,9.962407034949864,24.76686454472465,267.1085040641959,861.3371483138654,237.88104511974134
7,0,7,5.612903225806452,279.7049912204807,-0.14350754618850783,279.8484987666692,1.0,0.0,10.731466991990597,22.787020625759308,279.32071447585577,963.732591971243,56.020783192846466
7,0,7,5.903225806451613,277.93350204638176,-0.14350754618850783,278.0770095925703,1.0,0.0,11.55433321923709,33.832043296912545,207.64360559003103,519.7770533710574,113.99379123312987
7,0,7,6.193548387096774,285.3437173862625,-0.14350754618850783,285.487224932451,1.0,0.0,12.990713553419578,42.90129606663061,167.28361904512803,384.8249188103584,79.66790679392098
7,0,7,6.483870967741936,257.556024843992,-0.14350754618850783,257.69953239018054,1.0,0.0,12.733720571185517,39.74973670752463,132.1238380291995,409.97930902285987,85.2282635335161
7,0,7,6.774193548387097,194.81868075409523,-0.04260571298485536,194.86128646708008,0.9544432922863281,0.0,14.18851967548196,43.12133145317311,103.60349394536551,313.06142078501557,329.6743729595289
7,0,7,7.064516129032258,91.28098654960309,0.38713668714585897,90.89384986245723,0.7225743292299098,0.0,14.352277408707156,42.91195977933088,84.95065457406864,266.36370500078357,338.20578093484085
7,0,7,7.35483870967742,20.618218355006643,0.9032959678553589,19.714922387151283,0.37064871482536166,0.0,14.690173756431017,47.15713558471118,45.44418980650349,154.39483153654268,140.97968352887372
7,0,7,7.645161290322581,1.2700354393366855,1.179690113701336,0.09034532563534947,0.08985060259508726,0.0,15.545356596170347,51.80179735104353,11.084927340142167,33.958769420374935,13.562159677570266
7,0,7,7.935483870967742,1.1066122487554184,1.1319947922397378,-0.025382543484319346,0.0007452164257416713,0.0,15.853805917432803,53.23847583657393,0.36296815488124173,1.2579938780486009,0.9335297543126126
7,0,7,8.225806451612904,0.9819736860644301,0.9819736860644798,-4.960445249002632e-14,0.0,0.0,15.857806491220078,53.24177393705398,0.27649071513224865,1.1619881851440201,0.4181029550897015
7,0,7,8.516129032258064,0.8529127827462465,0.8529127827462802,-3.376303056579211e-14,0.0,0.0,15.857182684146366,53.238912869672795,0.2393978329706369,0.9833214894224911,0.32534333700560514
7,0,7,8.806451612903226,0.7421295621569216,0.7421295621568487,7.29665494692e-14,0.0,0.0,15.856658450723595,53.236505436303894,0.20809314393831976,0.8349662941798917,0.2527179938622511
7,0,7,9.096774193548388,0.6466425227463193,0.6466425227463145,4.8004308861315796e-15,0.0,0.0,15.856215494472227,53.234463763263854,0.1814857948865026,0.7108330575367938,0.19732891801172883
7,0,7,9.387096774193548,0.563964724256892,0.5639647242569312,-3.92035189034079e-14,0.0,0.0,15.855839480017272,53.23271831353342,0.15870615017006331,0.6062162229496999,0.15753852193096035
7,0,7,9.67741935483871,0.49192988642151436,0.49192988642145546,5.888528553654738e-14,0.0,0.0,15.855519308869882,53.231210598462134,0.13901736103075427,0.517370144080796,0.13211959419162755
7,0,7,9.967741935483872,0.428468114339455,0.4284681143395193,-6.432577387416316e-14,0.0,0.0,15.855246492126128,53.22988558437491,0.12172249566144124,0.4411368595121341,0.1185034058225845
7,0,7,10.258064516129032,0.3713308938451682,0.3713308938451165,5.1684639207350005e-14,0.0,0.0,15.855014308693097,53.2286840410792,0.10606901049946685,0.3745805157050789,0.11142369731148506
7,0,7,10.548387096774194,0.3178220047407119,0.3178220047407042,7.72069300852829e-15,0.0,0.0,15.854816478318801,53.22753667027846,0.09117383976662534,0.3146446266550916,0.10405084618122455
7,0,7,10.838709677419356,0.2646685055850923,0.26466850558512006,-2.7802495548845397e-14,0.0,0.0,15.854645238795651,53.22636371072039,0.07601655694885354,0.2579212697564411,0.0905249465202734
7,0,7,11.129032258064516,0.20824312105976067,0.2082431210597212,3.948354403843224e-14,0.0,0.0,15.854489059999779,53.225085149203316,0.059565854140057724,0.20069597535251327,0.06812034219889104
7,0,7,11.419354838709678,0.14538171900218863,0.14538171900214247,4.616414368829869e-14,0.0,0.0,15.85433078860217,53.22364640807397,0.041099830036186544,0.13947840331419922,0.03938811367013118
7,0,7,11.70967741935484,0.07495135614249536,0.0749513561425094,-1.404126034193487e-14,0.0,0.0,15.85414779110479,53.222060411344884,0.020729432855730433,0.0721928544055235,0.014358499880966437
7,0,7,12.0,0.0,0.0,0.0,0.0,0.0,15.853916586964914,53.220456286357205,0.0,0.0,0.0
8,1,0,3.0,1771.686411427738,1097.7091323295688,673.9772790981692,1.0,47.60098154808654,57.676811222993535,290.620629805765,1195.9386358679717,6832.242868708183,8608.038190833106
8,1,0,3.2903225806451615,747.2389795168641,346.4201464156015,400.8188331012626,1.0,15.021940073965537,37.44037972551942,103.61051997428144,797.0106122507716,2722.6427104787813,3998.0582747851518
8,1,0,3.5806451612903225,55.781835781122346,34.21787486796929,21.563960913153053,1.0,1.483540145619135,12.860078631002597,32.14190247096697,368.64914309819983,1104.0452501897114,597.3622091743787
8,1,0,3.870967741935484,205.02497624070298,0.565680664063168,204.45929557663982,1.0,0.024239861414277326,17.316610526667077,44.71792820967528,336.62152823519045,782.7464078643104,1136.863557989953
8,1,0,4.161290322580645,530.6179850195722,0.006697339919225723,530.611287679653,1.0,0.0,14.372536300533051,44.197697783571535,274.35085124803436,657.8473589770095,173.53336386664446
8,1,0,4.451612903225806,435.03966689974396,0.006697339919225723,435.0329695598247,1.0,0.0,12.795304700839598,40.57462307001798,268.28018010252106,827.8333546311724,586.8618062102199
8,1,0,4.741935483870968,360.9182106888072,0.006697339919225723,360.911513348888,1.0,0.0,9.202986986176814,24.036770419953594,257.5136888343279,718.9208695459863,328.98926160942534
8,1,0,5.032258064516129,249.26749751109358,0.006697339919225723,249.26080017117437,1.0,0.0,13.835441953056886,30.304759093803742,244.87376233996565,635.0638558807865,97.39048646059699
8,1,0,5.32258064516129,333.472566016531,0.006697339919225723,333.46586867661176,1.0,0.0,10.237408313579072,31.653970374892747,192.68336981411264,589.4694399678134,171.98623640005513
8,1,0,5.612903225806452,243.23563319553233,0.006697339919225723,243.2289358556131,1.0,0.0,11.044862481692201,35.262816386657086,205.53826667522898,647.9586403663762,433.28683385385494
8,1,0,5.903225806451613,214.284881073343,0.006697339919225723,214.27818373342376,1.0,0.0,11.433349638592762,30.33202738135425,180.89088634867073,547.3238307100819,67.52477772698687
8,1,0,6.193548387096774,232.87968268967924,0.006697339919225723,232.87298534976,1.0,0.0,11.706715736419921,33.79248016971088,161.104645958384,471.2560868648484,42.60582650393813
8,1,0,6.483870967741936,232.40416409496297,0.006697339919225723,232.39746675504375,1.0,0.0,11.935257348260476,36.608150903112445,149.89391943095893,432.7178612707014,116.65043744148487
8,1,0,6.774193548387097,183.78850019742814,-0.005761527556545479,183.7942617249847,0.9544432922863296,0.0,13.04241875503154,42.452549130507045,127.94428885503395,317.39300323777786,236.47348424162368
8,1,0,7.064516129032258,110.29595347709804,-0.05042675886196858,110.34638023596,0.7225743292299148,0.0,13.963935612887758,47.95143677518914,90.67724434943591,177.03649937192006,275.8940915616308
8,1,0,7.35483870967742,40.3863923062636,-0.09210992407678867,40.47850223034039,0.37064871482536704,0.0,14.738209791124262,51.69341626340373,49.59839919795158,108.78955311819169,182.29480779087473
8,1,0,7.645161290322581,6.608740794071735,-0.10408804295001535,6.712828837021751,0.08985060259508959,0.0,15.562765873781476,52.97046320896539,11.544862218436634,27.60911357905242,57.23138645520126
8,1,0,7.935483870967742,-0.04847950121155123,-0.08930489425429204,0.04082539304274081,0.0007452164257415025,0.0,15.850215455245822,53.22190966843004,0.22534624035957407,0.39068983233128135,1.8363928553020454
8,1,0,8.225806451612904,-0.07049098678918021,-0.07049098678905767,-1.22540999266188e-13,0.0,0.0,15.85302221147349,53.21916541466387,0.08532288810999537,0.24636623316021622,0.07858642803223652
8,1,0,8.516129032258064,-0.05638280457511434,-0.05638280457503681,-7.752695881102501e-14,0.0,0.0,15.852992694055095,53.21907448617989,0.07547090539279866,0.21880616514262496,0.06425309502720501
8,1,0,8.806451612903226,-0.04568439482260567,-0.045684394822570425,-3.5243163422349346e-14,0.0,0.0,15.852972390062826,53.21899575560204,0.06688014579806598,0.19460097838388926,0.05337512594211982
8,1,0,9.096774193548388,-0.03744935209306031,-0.03744935209301652,-4.378393004059178e-14,0.0,0.0,15.852958539226307,53.218927365339496,0.05935067699880572,0.17324404161179588,0.04490328580153971
8,1,0,9.387096774193548,-0.031015178978063503,-0.03101517897805107,-1.2431115815544903e-14,0.0,0.0,15.852949247961101,53.21886772995667,0.05271632321667354,0.15431061644421448,0.03815561172169166
8,1,0,9.67741935483871,-0.025908379169270114,-0.025908379169269663,-4.500403955748356e-16,0.0,0.0,15.852943227298388,53.21881543167304,0.04682883184285212,0.13741665225512983,0.03267486403115703
8,1,0,9.967741935483872,-0.02177683311738327,-0.02177683311735698,-2.6289859774829977e-14,0.0,0.0,15.852939633756325,53.21876906886081,0.041536100969906516,0.1221588407775406,0.02812661025754825
8,1,0,10.258064516129032,-0.01833956244541254,-0.018339562445388126,-2.441469145993483e-14,0.0,0.0,15.85293798989046,53.218727062256576,0.03665385629461578,0.1080328541256046,0.024222753998043533
8,1,0,10.548387096774194,-0.015349558307695969,-0.015349558307589422,-1.0654706365234232e-13,0.0,0.0,15.852938156112879,53.218687465201306,0.03193619264153283,0.09434426835152711,0.020670069306243974
8,1,0,10.838709677419356,-0.012570922057823744,-0.012570922057778593,-4.515155279825531e-14,0.0,0.0,15.852940312050041,53.21864788201776,0.02705943474193115,0.08015382714647988,0.01715775870027873
8,1,0,11.129032258064516,-0.009776639263428578,-0.00977663926343026,1.682651034565913e-15,0.0,0.0,15.852944885521685,53.21860565534596,0.021643625957143232,0.06432951222394181,0.01339969235640803
8,1,0,11.419354838709678,-0.006776346726965063,-0.006776346726929605,-3.545818272245732e-14,0.0,0.0,15.852952351146381,53.21855850389232,0.015341529959613513,0.04579769445962517,0.009226677821691188
8,1,0,11.70967741935484,-0.0034812214596738862,-0.0034812214595291535,-1.4473299121686713e-13,0.0,0.0,15.852962831832581,53.21850571864021,0.008017169145799632,0.02406725455300802,0.004681076280080895
8,1,0,12.0,0.0,0.0,0.0,0.0,0.0,15.852975515185369,53.21844977131112,0.0,0.0,0.0
9,1,1,3.0,268.7760805701562,-0.05883948153626975,268.83492005169245,1.0,0.0,25.102071973745083,73.63420418138482,444.39384071207405,929.5518735290068,732.8746609034494
9,1,1,3.2903225806451615,363.81631261114495,-0.05883948153626975,363.8751520926813,1.0,0.0,28.032666730345806,91.07182555776112,455.25697985024095,1448.8081542692314,293.39279931862853
9,1,1,3.5806451612903225,330.7646910949133,-0.05883948153626975,330.8235305764496,1.0,0.0,15.209368418369412,44.21522490087157,222.54159917139887,424.9373216283932,164.363541585541
9,1,1,3.870967741935484,385.89431960407586,-0.05883948153626975,385.9531590856121,1.0,0.0,16.045719969460116,48.22940806153203,351.30632716542476,663.9721192482241,245.02618079215304
9,1,1,4.161290322580645,353.0039527921139,-0.05883948153626975,353.0627922736502,1.0,0.0,16.34464424613514,54.364215009384246,321.759522671557,641.6424479667525,348.2708881689031
9,1,1,4.451612903225806,356.0810342508563,-0.05883948153626975,356.1398737323926,1.0,0.0,14.115912006419245,45.07508411717382,305.62972693825316,657.1586037629996,145.60329117028414
9,1,1,4.741935483870968,375.19531377908663,-0.05883948153626975,375.2541532606229,1.0,0.0,12.457985174166993,41.059807094097586,268.83274176868724,643.37244408175,226.9260563225162
9,1,1,5.032258064516129,417.36780095493253,-0.05883948153626975,417.4266404364688,1.0,0.0,9.38190999222711,29.312875077496823,240.4356036594461,798.150975373676,160.62999214316352
9,1,1,5.32258064516129,430.33576713880007,-0.05883948153626975,430.39460662033633,1.0,0.0,9.827008248208784,26.67455201258632,206.26998050367743,708.754501056786,121.01698524456556
9,1,1,5.612903225806452,343.75744817473696,-0.05883948153626975,343.8162876562733,1.0,0.0,10.854025669210547,32.1603350339257,210.23598961043348,727.2707673577495,358.9483320161239
9,1,1,5.903225806451613,273.95442677623106,-0.05883948153626975,274.0132662577673,1.0,0.0,11.556641640210751,33.926311265195515,187.9486347227023,589.3277823073465,156.24825985595513
9,1,1,6.193548387096774,227.19032245453857,-0.05883948153626975,227.24916193607484,1.0,0.0,10.76639947599977,31.79397340595788,179.22599411848356,569.9237740610728,182.95401114752147
9,1,1,6.483870967741936,167.4512717326868,-0.05883948153626975,167.51011121422306,1.0,0.0,10.977919820823697,32.601784328354185,177.63264355572056,562.2574003779071,227.62002323574313
9,1,1,6.774193548387097,105.03080110349944,-0.0337960577758709,105.06459716127532,0.9544432922863296,0.0,10.807204844683076,34.041110201628584,164.8086380956247,549.6437374199772,199.02068624985867
9,1,1,7.064516129032258,55.28635761573076,0.08135885297266629,55.20499876275809,0.7225743292299138,0.0,12.023886105100393,40.77895235363445,111.25039850237692,390.8086737299117,144.61037262518192
9,1,1,7.35483870967742,21.177923099887728,0.2325473877149635,20.945375712172766,0.3706487148253638,0.0,14.126036083558493,47.57093524862675,49.9831614774083,172.2358308032319,90.02477924054244
9,1,1,7.645161290322581,3.844529133056289,0.32652051012990085,3.5180086229263883,0.08985060259508786,0.0,15.491786208640661,51.79643113728038,11.372067039278392,34.31051929722489,30.317502064419365
9,1,1,7.935483870967742,0.3474711440589661,0.32777923037181106,0.019691913687155012,0.0007452164257417919,0.0,15.852079382139431,53.2175352630116,0.136567178417657,0.2960324411740603,0.9242922187621373
9,1,1,8.225806451612904,0.2947288678556678,0.29472886785559455,7.328657819494211e-14,0.0,0.0,15.854406417919861,53.227222245832955,0.08433100974353852,0.2511674624058336,0.020446476645978966
9,1,1,8.516129032258064,0.26444989990563,0.264449899905576,5.4044851059698034e-14,0.0,0.0,15.854254925279552,53.22631212691072,0.07435711522146407,0.2196494874419511,0.016417247612658486
9,1,1,8.806451612903226,0.23704720666449838,0.23704720666442547,7.292654587848224e-14,0.0,0.0,15.854124441085322,53.22552255605093,0.06572728364827238,0.1923752971960937,0.0187757116208771
9,1,1,9.096774193548388,0.21229475921731664,0.21229475921728908,2.756247400453882e-14,0.0,0.0,15.85401143904669,53.224834095795934,0.05822735958071891,0.16866299631743514,0.02463061413376151
9,1,1,9.387096774193548,0.189941592098317,0.1899415920982043,1.1273011864265659e-13,0.0,0.0,15.853913063378346,53.22423057041819,0.05167881749753076,0.14795086068026905,0.03121773399187831
9,1,1,9.67741935483871,0.16969964608532045,0.1696996460852716,4.884438426638882e-14,0.0,0.0,15.853826919268187,53.22369755911871,0.04591985438290316,0.12975499817049752,0.03733442294244058
9,1,1,9.967741935483872,0.1511954711198716,0.1511954711197343,1.3729232334336316e-13,0.0,0.0,15.853750818057643,53.223220384920104,0.04077914380343496,0.11361324841892005,0.042205980512683254
9,1,1,10.258064516129032,0.13388735153815617,0.13388735153812636,2.980267508473356e-14,0.0,0.0,15.853682445321667,53.2227816074034,0.03604337906365952,0.09901074921470593,0.0449436364935551
9,1,1,10.548387096774194,0.1169702517706229,0.11697025177062806,-5.160463202591448e-15,0.0,0.0,15.853618974618481,53.22235858156135,0.03142926490381236,0.08529711143384049,0.04443990522621742
9,1,1,10.838709677419356,0.0993235672571445,0.09932356725714452,-2.000179535888158e-17,0.0,0.0,15.853556742899567,53.221922422457325,0.02658182563189908,0.07162822570703603,0.039608510236152764
9,1,1,11.129032258064516,0.07959287493275925,0.07959287493265481,1.0444937536407962e-13,0.0,0.0,15.853491221913789,53.221440500544404,0.02112649054735055,0.05699164471571842,0.030019293473313283
9,1,1,11.419354838709678,0.0565179113240792,0.056517911324048695,3.0502737922294413e-14,0.0,0.0,15.85341762313927,53.22088492113621,0.014793578165105294,0.04039026711378689,0.016922887936974364
9,1,1,11.70967741935484,0.02959105484507334,0.029591054845036505,3.683330615338043e-14,0.0,0.0,15.853332482902806,53.2202910692363,0.007600482028040492,0.021244542197847185,0.004429259561949273
9,1,1,12.0,0.0,0.0,0.0,0.0,0.0,15.853236358372296,53.219642540146545,0.0,0.0,0.0
10,1,2,3.0,608.6123414264705,232.72626670479238,375.88607472167814,1.0,10.091728757318283,43.446766414963385,112.18183313481754,823.343945970051,2177.477065061583,927.2425280418535
10,1,2,3.2903225806451615,352.3826838355046,93.69160629914931,258.6910775363553,1.0,4.062602745061694,23.355485649009534,75.36759242691458,396.99915105036473,1017.9345754515502,1193.6459133878254
10,1,2,3.5806451612903225,443.01938526832754,211.11226678097665,231.90711848735089,1.0,9.154455067510355,23.027018965151722,95.93075313193255,452.6973923486759,2150.779517816311,1669.8780355722786
10,1,2,3.870967741935484,567.2683623582471,195.13574034847184,372.1326220097754,1.0,8.461645872891642,22.880509388789523,85.28134564623839,434.8012872535949,1803.8190267497516,1572.0300090800906
10,1,2,4.161290322580645,460.6360020664315,46.81371195820859,413.82229010822294,1.0,2.0297806318837184,21.78124822126042,69.1907928659414,415.5672450717976,1209.1471095698892,771.0244509837028
10,1,2,4.451612903225806,298.23212510852875,0.38731108374566686,297.8448140247831,1.0,0.01653716905928145,18.91267633567363,57.97311022112209,360.79224249375903,950.707066239601,436.4772723559439
10,1,2,4.741935483870968,332.0793017661824,0.005955696654106983,332.0733460695283,1.0,0.0,12.22211929236963,46.79573910391737,238.04302712715187,813.4465510218163,691.0477386496407
10,1,2,5.032258064516129,351.9192647073333,0.005955696654106983,351.9133090106792,1.0,0.0,14.95237621430537,60.15098132919931,199.52950833494774,535.8651557994932,167.49674085032694
10,1,2,5.32258064516129,305.06795543538055,0.005955696654106983,305.06199973872646,1.0,0.0,16.4310689280085,54.76496517768603,263.99981821910745,629.6514050045772,108.6007016295715
10,1,2,5.612903225806452,221.3729634397084,0.005955696654106983,221.36700774305427,1.0,0.0,13.524965580707354,37.62252702378858,239.17632669473807,716.410944460024,326.3090031705092
10,1,2,5.903225806451613,205.47377533195532,0.005955696654106983,205.46781963530123,1.0,0.0,10.404909966009193,26.342385688309154,205.85817983586483,770.6635378699224,222.7927164323925
10,1,2,6.193548387096774,242.33278796111006,0.005955696654106983,242.32683226445596,1.0,0.0,11.467977518344565,36.53217808521383,143.1463906842841,477.6068089047379,19.953574058969636
10,1,2,6.483870967741936,209.14248326728853,0.005955696654106983,209.13652757063443,1.0,0.0,11.39565192232912,38.91027558827728,166.62382200505968,622.9597739120533,170.3473386287349
10,1,2,6.774193548387097,150.13334781604934,-0.028788208085706396,150.16213602413504,0.9544432922863288,0.0,11.855775665566316,36.19266379220268,168.42184058630073,586.1205300844766,226.50505108395384
10,1,2,7.064516129032258,85.58008606324307,-0.15704236172660785,85.73712842496967,0.7225743292299108,0.0,12.31288797316282,37.32197556769502,120.78542352126803,397.2014192200725,215.2961555417292
10,1,2,7.35483870967742,31.883197005112656,-0.279305370883805,32.16250237599646,0.3706487148253627,0.0,14.331843432111274,46.40424253651011,56.258538474750765,181.63746459771195,143.5706079051637
10,1,2,7.645161290322581,4.787992500322174,-0.31445979380774036,5.102452294129914,0.08985060259508726,0.0,15.474385126655346,51.647675067943375,13.559641141257739,47.265503134387274,45.62298478343268
10,1,2,7.935483870967742,-0.245573847598862,-0.2694293500538484,0.023855502454986362,0.0007452164257415766,0.0,15.849670175047441,53.19932273545763,0.2568088069589932,0.7393109149100647,0.9619650375858172
10,1,2,8.225806451612904,-0.21140882005556666,-0.21140882005559322,2.656238423659474e-14,0.0,0.0,15.852028418912141,53.21518833544423,0.1696013989407661,0.556680509106791,0.2562891521514608
10,1,2,8.516129032258064,-0.16663382974997748,-0.1666338297500476,7.010629273287994e-14,0.0,0.0,15.852209785590588,53.215583156246645,0.14696595735075188,0.4874804193912684,0.2075229251196486
10,1,2,8.806451612903226,-0.13186662812121863,-0.13186662812125674,3.812342195402829e-14,0.0,0.0,15.852353357456124,53.21592677348928,0.12776810029520522,0.4276034309739313,0.16947941245836529
10,1,2,9.096774193548388,-0.10462213406198217,-0.10462213406199612,1.3941251365140463e-14,0.0,0.0,15.852467975118964,53.216224977651166,0.11136008826733518,0.3755644876500652,0.13938311206002968
10,1,2,9.387096774193548,-0.08308839542009144,-0.08308839542019184,1.003990118039061e-13,0.0,0.0,15.852560183050539,53.21648362349991,0.0972340521875198,0.330122246588509,0.11526990508642802
10,1,2,9.67741935483871,-0.06592175761215502,-0.06592175761221157,5.656507727491711e-14,0.0,0.0,15.852634892942188,53.21670858987752,0.08497120288493404,0.2901799441981897,0.09572414996063107
10,1,2,9.967741935483872,-0.05210043665965782,-0.052100436659730374,7.255651266434294e-14,0.0,0.0,15.85269588208934,53.216906016713644,0.07418950562327371,0.25465396212543806,0.07967882140742959
10,1,2,10.258064516129032,-0.04082203342643565,-0.040822033426442396,6.7406050359430925e-15,0.0,0.0,15.852746182618272,53.21708266164516,0.06448653531096978,0.22231005709560256,0.06625709451881823
10,1,2,10.548387096774194,-0.03143882299154816,-0.031438822991667496,1.1933571155992723e-13,0.0,0.0,15.852788380049702,53.21724611727488,0.05538508825164087,0.19160145061032502,0.05465415589542232
10,1,2,10.838709677419356,-0.023429487293398082,-0.023429487293434286,3.6203249599575664e-14,0.0,0.0,15.852824801700347,53.21740453985943,0.04630395415830403,0.16059141312030215,0.04407733405795125
10,1,2,11.129032258064516,-0.016405292873805218,-0.01640529287381476,9.540856386186514e-15,0.0,0.0,15.852857549608734,53.21756551692021,0.03659134077119224,0.1270926316922213,0.03376534278654335
10,1,2,11.419354838709678,-0.01014171682838714,-0.010141716828425787,3.8647218969989005e-14,0.0,0.0,15.85288833209357,53.21773382823263,0.02566600056518193,0.08917862714857022,0.02309306051920115
10,1,2,11.70967741935484,-0.004613958707821215,-0.0046139587078691474,4.7931802353139846e-14,0.0,0.0,15.852918087075185,53.217908238899405,0.01329744648989246,0.04617045368362256,0.011753966666844693
10,1,2,12.0,0.0,0.0,0.0,0.0,0.0,15.852946483799604,53.2180782325396,0.0,0.0,0.0
11,1,3,3.0,986.9912177105183,33.89255485599901,953.0986628545193,1.0,1.4712936987653906,62.21947022318098,137.08784613878282,1276.4216268317336,2945.4141679326367,1842.2556282738865
11,1,3,3.2903225806451615,632.0671008867415,0.20768035629776457,631.8594205304438,1.0,0.010576259867654376,36.8313355122725,72.41488082569856,679.7681862167251,1682.5928199370617,1180.1544502343927
11,1,3,3.5806451612903225,520.762652707449,-0.03621348438027917,520.7988661918293,1.0,0.0,24.61603596062968,54.64328080719479,472.65608431417905,981.5821529416945,1406.7192823390437
11,1,3,3.870967741935484,320.04538948567546,-0.03621348438027917,320.0816029700557,1.0,0.0,14.857434100175407,49.211069318665665,295.2722131276305,706.0994124558998,338.67206131468924
11,1,3,4.161290322580645,302.30322884765957,-0.03621348438027917,302.3394423320398,1.0,0.0,13.065956490877237,37.835141250292835,288.60362081771933,1003.1679533041874,312.91327857983066
11,1,3,4.451612903225806,226.07818533835226,-0.03621348438027917,226.11439882273254,1.0,0.0,13.257166342392221,40.4141731707515,258.1942214727336,668.068176627778,462.6484696608136
11,1,3,4.741935483870968,246.38254136918042,-0.03621348438027917,246.41875485356067,1.0,0.0,19.535059855727024,63.36712570157194,326.96229434503994,622.1530982773243,624.6590015223569
11,1,3,5.032258064516129,310.05690990818766,-0.03621348438027917,310.0931233925679,1.0,0.0,13.92112489391111,46.737270897107706,221.60637961354982,419.5320708036901,93.61352084607302
11,1,3,5.32258064516129,317.23050019249223,-0.03621348438027917,317.26671367687254,1.0,0.0,11.680674800262025,36.819931609338674,237.41796135973652,467.6642791274176,61.357098273077206
11,1,3,5.612903225806452,297.05922389595366,-0.03621348438027917,297.0954373803339,1.0,0.0,11.24346876597166,28.583360581310355,190.6864403128316,659.3615535261408,87.5463774020867
11,1,3,5.903225806451613,241.6890783366646,-0.03621348438027917,241.7252918210449,1.0,0.0,11.85087704680667,35.01678719835799,153.4549570614684,594.9877373414218,80.54778496391218
11,1,3,6.193548387096774,281.5914058739926,-0.03621348438027917,281.62761935837284,1.0,0.0,11.772767538782157,32.489587303831264,162.09632321105576,498.2197304002015,133.9389465466033
11,1,3,6.483870967741936,242.40864575412715,-0.03621348438027917,242.44485923850743,1.0,0.0,11.334015976016483,30.74161316707,209.4256331815184,582.6719530647553,262.99678855842006
11,1,3,6.774193548387097,166.68127486711694,-0.03221447497924338,166.71348934209618,0.9544432922863293,0.0,11.135361745493112,33.28934706138766,177.41299758548217,557.2516905214696,252.35150597966594
11,1,3,7.064516129032258,99.58668222229159,-0.0013566393920579527,99.58803886168364,0.7225743292299138,0.0,12.773144529142227,41.99257548451046,99.59044238274241,319.88858743542653,191.29593544349996
11,1,3,7.35483870967742,43.47936522091601,0.056730706448118964,43.42263451446789,0.3706487148253659,0.0,14.127917711432351,47.57335368544113,54.66007423287778,157.2333681785471,179.04045445238296
11,1,3,7.645161290322581,8.046643627839325,0.10792861226438367,7.938715015574941,0.08985060259508852,0.0,15.444331066423723,51.827463878171756,14.136648580452867,36.25437586707431,65.66449329936204
11,1,3,7.935483870967742,0.17349683971548066,0.12516677197554915,0.04833006773993151,0.0007452164257418806,0.0,15.851148067040578,53.214582824244836,0.25397854575418577,0.3218968956420385,2.1829606317447756
11,1,3,8.225806451612904,0.12359091321279463,0.12359091321288798,-9.334837893990034e-14,0.0,0.0,15.853747916795523,53.223881148198465,0.08256308864829898,0.20671946937339994,0.05613410252438865
11,1,3,8.516129032258064,0.11893522879816575,0.11893522879825515,-8.940802525420067e-14,0.0,0.0,15.853656578995986,53.22334893506739,0.07235423849754566,0.18176875647930932,0.047433491039071726
11,1,3,8.806451612903226,0.11255976387535681,0.11255976387537237,-1.556139678920987e-14,0.0,0.0,15.853581009369773,53.22288213895826,0.0635764400974799,0.16017358301241288,0.04217137172890743
11,1,3,9.096774193548388,0.10527531032483213,0.10527531032488512,-5.298475590567731e-14,0.0,0.0,15.8535177600765,53.222477771912665,0.05598386141432994,0.1413754050957267,0.03921489342652369
11,1,3,9.387096774193548,0.09759944087528764,0.09759944087528628,1.3601220844039475e-15,0.0,0.0,15.853464233735625,53.22211900129417,0.04937818725687977,0.12491825263173352,0.03777768596173814
11,1,3,9.67741935483871,0.08983629929639361,0.08983629929636207,3.1542831280956256e-14,0.0,0.0,15.853418424053142,53.221798865840555,0.043588806807953254,0.11040492168001433,0.03722284586168766
11,1,3,9.967741935483872,0.08210658153465698,0.0821065815346606,-3.620324959957566e-15,0.0,0.0,15.853378669906386,53.221509899867726,0.03844837674807062,0.09744215039761353,0.03690939823632866
11,1,3,10.258064516129032,0.07433599025298183,0.07433599025300332,-2.148192821543882e-14,0.0,0.0,15.85334340561854,53.221242696952,0.0337629963943257,0.08557274911097676,0.03608630118433309
11,1,3,10.548387096774194,0.06622062127611397,0.06622062127619283,-7.88470773047112e-14,0.0,0.0,15.853310913908043,53.22098434645719,0.0292834465482048,0.07420718092914293,0.03387576154256729
11,1,3,10.838709677419356,0.057206651699346724,0.0572066516993553,-8.580770208960198e-15,0.0,0.0,15.853279135827284,53.22071752392805,0.024693878340787612,0.0625879563289305,0.029420253894650743
11,1,3,11.129032258064516,0.046544705948162665,0.046544705948168945,-6.280563742688816e-15,0.0,0.0,15.853245653028761,53.22042156114653,0.01964192494687701,0.049841755202968255,0.022269305290748814
11,1,3,11.419354838709678,0.033494471394310395,0.03349447139427014,4.0253613159749185e-14,0.0,0.0,15.853208009547433,53.22007715267786,0.013831772020696763,0.035184181551547865,0.013024884924046106
11,1,3,11.70967741935484,0.017740489206569964,0.017740489206653415,-8.344749023725395e-14,0.0,0.0,15.853164540588688,53.219687606887845,0.007181512234510978,0.01832028665566427,0.0041103938995116366
11,1,3,12.0,0.0,0.0,0.0,0.0,0.0,15.853115754005477,53.21925913511976,0.0,0.0,0.0
12,1,4,3.0,340.9614185234198,-0.01105800653092524,340.9724765299507,1.0,4.960645797471329e-05,18.038800246595535,51.16992494918636,305.97525859233883,679.3544939939231,298.5763069693905
12,1,4,3.2903225806451615,321.0624735314287,3.3834248807432563,317.67904865068544,1.0,0.14724862153892185,15.492353187879052,54.298754608889574,322.274721224763,783.6880108871093,313.57668501151807
12,1,4,3.5806451612903225,193.77389849818172,5.619427155393022,188.1544713427887,1.0,0.24421105837462642,17.966586046573298,31.39811489098755,356.7953204081367,712.0229990061433,697.7751304112201
12,1,4,3.870967741935484,267.86082919600284,0.5090352514661465,267.3517939445367,1.0,0.02260303149199703,16.75943544827588,41.65215003334585,373.93596374123956,798.5417327466637,587.2915978347781
12,1,4,4.161290322580645,348.0184379231237,-0.012201956255051116,348.0306398793788,1.0,0.0,19.73303513206967,53.16580997464923,395.1803260379521,776.6076136863009,138.5377276987365
12,1,4,4.451612903225806,415.6605639025029,-0.012201956255051116,415.67276585875794,1.0,0.0,13.581356322884485,38.05838012491526,285.20278667098785,535.9270942900507,297.0967350865936
12,1,4,4.741935483870968,459.7690620671871,-0.012201956255051116,459.78126402344213,1.0,0.0,10.542690649019033,31.69176308750817,289.83568894922263,711.9858827260446,83.57503384704054
12,1,4,5.032258064516129,427.18095401043576,-0.012201956255051116,427.1931559666908,1.0,0.0,9.296744733100844,26.900533698122032,254.79366576450926,821.8553682386913,139.47394798741695
12,1,4,5.32258064516129,404.5981542496135,-0.012201956255051116,404.6103562058686,1.0,0.0,9.194422633871202,26.2283875187971,222.53802998587574,820.6532915096363,127.83456542349062
12,1,4,5.612903225806452,315.1561742647668,-0.012201956255051116,315.16837622102184,1.0,0.0,10.177275327240219,25.71973689369433,195.38017646670767,725.9476986208987,274.65896058522895
12,1,4,5.903225806451613,275.3690113787243,-0.012201956255051116,275.38121333497935,1.0,0.0,10.287078437655435,29.5560588712063,200.58443174488707,721.5644971442387,222.0814746209196
12,1,4,6.193548387096774,201.40749954980342,-0.012201956255051116,201.41970150605846,1.0,0.0,10.51607011224065,34.52669824445978,182.44774222718775,614.0777301852946,196.61881674605806
12,1,4,6.483870967741936,148.19492358732626,-0.012201956255051116,148.2071255435813,1.0,0.0,11.665323182766537,42.377439687026126,167.21367490031196,610.6353846810367,123.61869126130149
12,1,4,6.774193548387097,112.38976836296335,-0.013748991994964635,112.40351735495831,0.9544432922863296,0.0,11.938131401245414,42.21046027241296,137.90764732868283,494.1728236148048,150.2508774664657
12,1,4,7.064516129032258,65.70143883228374,-0.01346797564645691,65.7149068079302,0.7225743292299128,0.0,12.903505791732936,43.638643407688235,98.99735306318257,312.35131003804213,165.4442034216342
12,1,4,7.35483870967742,24.57244288370615,-0.002990884085062514,24.575433767791207,0.3706487148253649,0.0,14.460834915034818,48.471906568726084,46.45123972564101,141.46229777149384,110.03423576845437
12,1,4,7.645161290322581,3.979238861858057,0.01222949026112988,3.967009371596927,0.08985060259508852,0.0,15.55225909514014,52.16489742509922,10.813249112822136,30.673493073035797,34.47711117053526
12,1,4,7.935483870967742,0.04491359236319558,0.022078524401697677,0.02283506796149791,0.0007452164257417919,0.0,15.851322866577522,53.21185955857104,0.15611704276640898,0.30370742763555275,1.0193205501895197
12,1,4,8.225806451612904,0.026359788065721753,0.02635978806571549,6.260561947329935e-15,0.0,0.0,15.853452283523145,53.22074443638479,0.07717074503677428,0.19705497865535143,0.03710491846605963
12,1,4,8.516129032258064,0.02845521853697682,0.028455218537058867,-8.204736456213224e-14,0.0,0.0,15.853400110641555,53.22053097573172,0.06799993327524421,0.17386794614614887,0.03054847199155833
12,1,4,8.806451612903226,0.029103813831184183,0.02910381383113035,5.383483220842978e-14,0.0,0.0,15.853355895051488,53.220341379322676,0.06002849096906596,0.15370137204469111,0.025881497541585304
12,1,4,9.096774193548388,0.028793179075412397,0.028793179075403966,8.430756743768587e-15,0.0,0.0,15.853318133092799,53.220172499796725,0.05306498944701516,0.1360695896326865,0.022529633928423005
12,1,4,9.387096774193548,0.02785582041799832,0.027855820417930947,6.737604766639261e-14,0.0,0.0,15.853285642139138,53.22002157003895,0.04695079087649045,0.12057107456735917,0.020109097689245316
12,1,4,9.67741935483871,0.026512448010273533,0.026512448010307645,-3.4113061984572535e-14,0.0,0.0,15.853257451604648,53.2198859423492,0.041545722429209196,0.10685036994062376,0.018334968769596484
12,1,4,9.967741935483872,0.02489328023949033,0.02489328023958108,-9.074814554324573e-14,0.0,0.0,15.853232688156035,53.21976264460718,0.03670877270300879,0.09454752722738814,0.016946765153091015
12,1,4,10.258064516129032,0.023041685038561938,0.023041685038531115,3.082276664803652e-14,0.0,0.0,15.853210448074904,53.21964773834446,0.03227313990862902,0.08323361143127977,0.015653783345910187
12,1,4,10.548387096774194,0.020907154453094975,0.02090715445309669,-1.7126537276042354e-15,0.0,0.0,15.853189671018649,53.21953560890642,0.02802031416718683,0.07234468130173878,0.014117208515573174
12,1,4,10.838709677419356,0.018340849555600686,0.018340849555641452,-4.076615916582052e-14,0.0,0.0,15.853169061110652,53.219418543853486,0.02366584022836641,0.06114689722822917,0.01199572395378615
12,1,4,11.129032258064516,0.015115007331518805,0.015115007331580742,-6.193805955319668e-14,0.0,0.0,15.853147136243331,53.21928721163398,0.018877830112515915,0.04878702411112589,0.009079169753228972
12,1,4,11.419354838709678,0.010993134972036214,0.010993134972096096,-5.988287508007159e-14,0.0,0.0,15.853122508403803,53.219132813651974,0.013353424966210607,0.0344941454311826,0.005513544740849973
12,1,4,11.70967741935484,0.005873356071441656,0.005873356071391566,5.00894960274792e-14,0.0,0.0,15.853094477315144,53.2189515186216,0.0069704593410286906,0.017979516269014464,0.0020597559670850764
12,1,4,12.0,0.0,0.0,0.0,0.0,0.0,15.853063910086956,53.2187509267151,0.0,0.0,0.0
13,1,5,3.0,630.6237351954186,8.143086103198547,622.4806490922201,1.0,0.354122698982805,32.344449005458,100.39620711908034,622.1160779702507,2021.5244463589822,1050.315258915888
13,1,5,3.2903225806451615,415.8378189968418,-0.023160396694429892,415.86097939353624,1.0,0.0,24.557241130992505,75.96349010343046,423.49796957607305,1275.79192698324,338.45374070463043
13,1,5,3.5806451612903225,262.5719505463535,-0.023160396694429892,262.5951109430479,1.0,0.0,22.0896705690868,76.94525311873508,432.38545212388374,1046.1530146445077,238.01475854472952
13,1,5,3.870967741935484,209.82427184398867,-0.023160396694429892,209.8474322406831,1.0,0.0,16.52456365389431,52.57864043305381,285.54045659277904,697.1886437637388,565.9611262705664
13,1,5,4.161290322580645,243.38370433946014,-0.023160396694429892,243.40686473615457,1.0,0.0,14.701288613345914,48.754028774200314,320.997000114142,1013.3231254666542,626.7374439598223
13,1,5,4.451612903225806,296.5672991418127,-0.023160396694429892,296.59045953850716,1.0,0.0,14.251475089270894,36.4656919859849,368.9351666581933,958.0588676248295,249.46026601991971
13,1,5,4.741935483870968,309.38612306022867,-0.023160396694429892,309.4092834569231,1.0,0.0,15.131212170711631,44.883239273237294,257.07148461683363,529.8148545610471,307.8745641313315
13,1,5,5.032258064516129,297.17130476960426,-0.023160396694429892,297.1944651662987,1.0,0.0,15.897282350402184,55.05940789823797,283.93416996822583,900.0188516847247,255.34101911677038
13,1,5,5.32258064516129,283.9707278004115,-0.023160396694429892,283.99388819710595,1.0,0.0,11.684968816656129,42.596310991029014,228.77192280855215,776.825995168258,76.5440483015071
13,1,5,5.612903225806452,289.0525026036965,-0.023160396694429892,289.075663000391,1.0,0.0,11.820396527935317,37.21252620953151,194.78421199425787,493.2062048894359,82.3637725733763
13,1,5,5.903225806451613,307.8451395282849,-0.023160396694429892,307.86829992497934,1.0,0.0,10.249569041356958,31.063642013317136,184.45066855001505,583.6387456918704,75.58946411236066
13,1,5,6.193548387096774,289.9653719893077,-0.023160396694429892,289.98853238600213,1.0,0.0,11.47467800894417,30.00916381563312,193.50671672903644,738.5086443800888,175.45330646416755
13,1,5,6.483870967741936,222.54752062771644,-0.023160396694429892,222.57068102441087,1.0,0.0,11.468304617636067,31.6750904441604,194.14437599377558,758.7340186103263,230.85356121186152
13,1,5,6.774193548387097,154.70515768686514,-0.02642519212227588,154.73158287898744,0.9544432922863288,0.0,11.669185913704943,33.34943594548744,154.34241080493192,546.9937500196745,251.30224567319982
13,1,5,7.064516129032258,82.14892041159244,-0.027913809761175728,82.17683422135362,0.7225743292299108,0.0,12.311223375125714,38.20317739805621,122.60236183271012,440.50930972121654,232.07293078478074
13,1,5,7.35483870967742,28.892058775848962,-0.010696309535757094,28.90275508538472,0.3706487148253638,0.0,13.992583466685499,46.271100581699294,59.517082578061206,221.2924072304591,133.0936323497285
13,1,5,7.645161290322581,4.592913309091692,0.016859854144317513,4.576053454947375,0.08985060259508726,0.0,15.406349268821154,51.453278168777075,14.095715162428439,49.42710778539486,39.787061696911216
13,1,5,7.935483870967742,0.0603621864653393,0.03597546001739816,0.024386726447941143,0.0007452164257417919,0.0,15.850832644645774,53.20501613450424,0.23883564010696154,0.7267348630199403,1.0968507038002064
13,1,5,8.225806451612904,0.04504709802128766,0.04504709802129282,-5.160463202591448e-15,0.0,0.0,15.853259376352735,53.22126146874552,0.15829603376889015,0.5643257925622084,0.2098141308706139
13,1,5,8.516129032258064,0.049848791338302896,0.04984879133832756,-2.4662213677500988e-14,0.0,0.0,15.853253114251512,53.22097655164195,0.137891432858653,0.4919035632328297,0.17484962835395423
13,1,5,8.806451612903226,0.05178457554137185,0.05178457554127216,9.96889480686658e-14,0.0,0.0,15.853244713837878,53.22073633252256,0.12044363143824052,0.42958238897311607,0.14674762350327897
13,1,5,9.096774193548388,0.051795671339925305,0.05179567133997725,-5.194466254701547e-14,0.0,0.0,15.853235007737709,53.22053059750886,0.10543120940775245,0.3756867151943669,0.12393914216678284
13,1,5,9.387096774193548,0.050529613793176865,0.05052961379317558,1.2801149029684212e-15,0.0,0.0,15.853224597612083,53.22035181208078,0.09243407230037441,0.3288380666730242,0.10527665007276577
13,1,5,9.67741935483871,0.048419912687007224,0.048419912686989586,1.7641583506533554e-14,0.0,0.0,15.853213925827484,53.22019386545614,0.08109478162210683,0.2878471048781144,0.0898780234634803
13,1,5,9.967741935483872,0.045726289164745866,0.045726289164779985,-3.412306288225198e-14,0.0,0.0,15.853203315598861,53.22005078045201,0.07107395814157791,0.25157898325629174,0.07699108892275429
13,1,5,10.258064516129032,0.042541915764417695,0.04254191576435259,6.511084434199927e-14,0.0,0.0,15.853192959360971,53.21991535100718,0.06199855534752432,0.21878807207527448,0.06586979464114533
13,1,5,10.548387096774194,0.038780053390947714,0.03878005339092825,1.94667473330315e-14,0.0,0.0,15.853182834642393,53.21977796654327,0.05341251701057264,0.18795047750136049,0.05568747581958025
13,1,5,10.838709677419356,0.03416475463164619,0.03416475463164555,6.45057900323931e-16,0.0,0.0,15.853172544325014,53.219626275215994,0.04475404435628393,0.15716965387694526,0.04555473419018804
13,1,5,11.129032258064516,0.02826606979136272,0.028266069791384137,-2.1416922380522454e-14,0.0,0.0,15.853161121470757,53.219446708167744,0.03539795732833465,0.12428029109217563,0.03471961587108817
13,1,5,11.419354838709678,0.020631628876484887,0.0206316288764328,5.2084675114527635e-14,0.0,0.0,15.85314690920301,53.21922898636378,0.02480647975184863,0.08730297893025168,0.02295585773567357
13,1,5,11.70967741935484,0.011058741195896222,0.011058741195922754,-2.6532381543556417e-14,0.0,0.0,15.853127713957482,53.2189741297255,0.012812998020751445,0.0453619277077723,0.010945480318046912
13,1,5,12.0,0.0,0.0,0.0,0.0,0.0,15.853101510660228,53.218704513888255,0.0,0.0,0.0
14,1,6,3.0,648.1835881216736,62.816781864798116,585.3668062568755,1.0,2.7251581048960762,33.074128344717806,77.93452052906207,643.0653798486833,1240.0220244622756,1182.68586519842
14,1,6,3.2903225806451615,290.47303401441457,3.518809302779535,286.95422471163505,1.0,0.1537493079481099,20.98293377379555,42.90250324500019,536.0444224610247,1155.563311483635,1079.9782432942654
14,1,6,3.5806451612903225,175.3469611263294,3.5635532605941243,171.78340786573528,1.0,0.155689593623381,17.953955323710876,60.456365701341234,375.428796605709,916.494978559236,945.8426229783563
14,1,6,3.870967741935484,324.8496519458576,1.6795543200598548,323.1700976257978,1.0,0.07399149772197951,19.10779938198514,52.1800549259756,405.2722280120027,933.5631897586305,600.9788612689225
14,1,6,4.161290322580645,360.2465156356171,-0.02672661315785378,360.2732422487749,1.0,0.0,23.65897111401911,62.10325802402274,465.0587884553222,1168.8931100683426,642.9128636556248
14,1,6,4.451612903225806,374.47990498061733,-0.02672661315785378,374.5066315937752,1.0,0.0,17.293053760166032,49.237316095217395,305.9435576950691,578.2099109343071,226.6760560077535
14,1,6,4.741935483870968,384.8714799895256,-0.02672661315785378,384.89820660268344,1.0,0.0,15.051882574446555,39.53951419518434,292.046249858359,491.46584393688636,243.87506896624393
14,1,6,5.032258064516129,345.2077151642779,-0.02672661315785378,345.23444177743573,1.0,0.0,14.571888726497823,46.637975634977906,221.9216321902042,395.6505510745505,87.2216444701139
14,1,6,5.32258064516129,329.7031401518677,-0.02672661315785378,329.7298667650255,1.0,0.0,10.968394535698327,33.15835452852718,205.7658209731717,628.6024346849898,115.23513022116448
14,1,6,5.612903225806452,276.74441957245136,-0.02672661315785378,276.7711461856092,1.0,0.0,11.836924421323825,32.35896103562536,206.86891279353853,661.6066822727023,198.48406434294603
14,1,6,5.903225806451613,263.0457881417213,-0.02672661315785378,263.07251475487914,1.0,0.0,11.40176498947912,28.328182041193685,195.4948389243177,665.5646220913553,78.6334047628821
14,1,6,6.193548387096774,270.3465024531511,-0.02672661315785378,270.37322906630897,1.0,0.0,10.954255298087661,27.580326103453153,204.7521526936373,595.0997170249361,96.44095972250147
14,1,6,6.483870967741936,225.97379800274211,-0.02672661315785378,226.00052461589996,1.0,0.0,11.19532016875694,34.54686130767112,178.76215834640917,596.7855022275347,142.82021910524702
14,1,6,6.774193548387097,182.74017774390413,-0.023348712064509714,182.76352645596864,0.9544432922863301,0.0,12.325987447315807,43.640937468872835,146.15456097686172,506.45372650725346,182.25017182413146
14,1,6,7.064516129032258,117.56377118571932,0.0014681391268873529,117.56230304659242,0.7225743292299148,0.0,13.601804181028658,45.716786452549826,100.13591934615961,256.8934941579251,255.454939595127
14,1,6,7.35483870967742,46.69029376517562,0.04685971384890585,46.643434051326714,0.3706487148253649,0.0,14.429973846568481,49.63773821824898,53.299919882434146,129.57026191822658,201.79177706092443
14,1,6,7.645161290322581,8.146864548180195,0.08595983603215254,8.060904712148043,0.08985060259508919,0.0,15.506340675397903,52.40176767934322,12.940041713062111,27.14930440655647,68.09195396945691
14,1,6,7.935483870967742,0.14517995010866444,0.09837700939196217,0.04680294071670227,0.0007452164257415025,0.0,15.851015821743866,53.222419957337515,0.23580757518036974,0.3415069086947467,2.1387007743933397
14,1,6,8.225806451612904,0.09638893635266578,0.09638893635262956,3.6223251394934545e-14,0.0,0.0,15.85368860692754,53.223298044278,0.0810850169185942,0.20943216710100793,0.06336468021698737
14,1,6,8.516129032258064,0.09221051731527628,0.09221051731531948,-4.320387797518421e-14,0.0,0.0,15.85360986032193,53.22284037313426,0.07147839641191485,0.18612733634173817,0.05449113873690149
14,1,6,8.806451612903226,0.08684131659167087,0.08684131659170032,-2.944264276827369e-14,0.0,0.0,15.85354390702384,53.22243637782832,0.06312246745520672,0.1656993661461777,0.04780042293994813
14,1,6,9.096774193548388,0.08087228144889687,0.08087228144895126,-5.438488158079902e-14,0.0,0.0,15.853488025473078,53.22207862785162,0.055818875520731906,0.1477088413558147,0.04273457566118206
14,1,6,9.387096774193548,0.07467904599282611,0.07467904599280281,2.3302091593097042e-14,0.0,0.0,15.853440157176337,53.221760655675936,0.049403265224998,0.13178539494769048,0.038936777593550076
14,1,6,9.67741935483871,0.06848011442655347,0.06848011442648957,6.388573437626777e-14,0.0,0.0,15.853398659974946,53.221476402530925,0.043730717594448076,0.11758932524280813,0.03610068187462871
14,1,6,9.967741935483872,0.06235840775502757,0.06235840775507324,-4.566409880432665e-14,0.0,0.0,15.853362065349463,53.221219297574685,0.0386555213426663,0.10475641978862422,0.033850391526516525
14,1,6,10.258064516129032,0.05625255562699282,0.05625255562690759,8.522765002419441e-14,0.0,0.0,15.853328829227612,53.220980945766385,0.0340044120578571,0.09282565778780429,0.03165778121736541
14,1,6,10.548387096774194,0.04993186578532015,0.0499318657852362,8.394753512122599e-14,0.0,0.0,15.853297107537239,53.22074968999466,0.029548271193282398,0.08116609296288868,0.028840055821949213
14,1,6,10.838709677419356,0.042982824824990856,0.04298282482505756,-6.670098707303036e-14,0.0,0.0,15.853264647855479,53.220509763027685,0.024986172405565013,0.06894328087063485,0.02469399793070781
14,1,6,11.129032258064516,0.03485158044461674,0.03485158044464399,-2.7247445727636432e-14,0.0,0.0,15.853228949680702,53.2202422520162,0.019964479606056917,0.055190652745297365,0.01880871995438967
14,1,6,11.419354838709678,0.024997247401940315,0.02499724740195881,-1.849666025812574e-14,0.0,0.0,15.853187873581097,53.21992941334773,0.0141565509312094,0.03906291713669777,0.011549585405935559
14,1,6,11.70967741935484,0.013198985123836956,0.013198985123909832,-7.287654139008504e-14,0.0,0.0,15.85314081363847,53.219563539977365,0.007418092274355625,0.02032181087382062,0.0045511846858936255
14,1,6,12.0,0.0,0.0,0.0,0.0,0.0,15.853090294229876,53.21915985773207,0.0,0.0,0.0
15,1,7,3.0,384.4580408899289,1.9420638340647562,382.5159770558641,1.0,0.08191449936902497,25.364310168714987,69.97403018918122,464.9779207372095,889.6191897571188,756.9575640279319
15,1,7,3.2903225806451615,340.13719182203647,7.142306636693531,332.9948851853429,1.0,0.30741883807064785,22.489255236489072,55.772190550134134,485.60517267363576,1113.6527348835168,457.70329320820423
15,1,7,3.5806451612903225,426.76070530300905,2.560122451458045,424.200582851551,1.0,0.1087161132712946,27.191994105663838,65.53340884385942,529.6062644372178,1283.0403525025465,465.4266748422782
15,1,7,3.870967741935484,273.0432929702413,0.05307452136535589,272.9902184488759,1.0,0.0,13.774436525706463,42.15293898191911,317.11956863894704,821.0697016326217,245.82953900409615
15,1,7,4.161290322580645,322.5294229147056,0.05307452136535589,322.47634839334023,1.0,0.0,11.486789274264913,29.993192458694566,230.91199100083767,857.8387961009395,460.8998554745939
15,1,7,4.451612903225806,392.0782046505002,0.05307452136535589,392.0251301291349,1.0,0.0,17.76827906498316,47.16146123752804,345.95396150142284,694.535989463029,320.29433727334964
15,1,7,4.741935483870968,430.7309465385846,0.05307452136535589,430.6778720172193,1.0,0.0,12.49318890484702,39.349172530620685,315.69026239970185,599.9486902804823,192.26067369923834
15,1,7,5.032258064516129,389.9732825172379,0.05307452136535589,389.9202079958726,1.0,0.0,8.244085832895905,28.167906708929376,259.223738710946,787.1516028730725,164.61497410163307
15,1,7,5.32258064516129,362.5660293022837,0.05307452136535589,362.51295478091834,1.0,0.0,9.607420160434717,27.809212447363656,193.75021277406404,679.235867629128,63.559273713589164
15,1,7,5.612903225806452,331.9835322357319,0.05307452136535589,331.9304577143665,1.0,0.0,11.765481691045716,35.55824795212859,188.79937485712193,695.1445887903411,68.794018153356
15,1,7,5.903225806451613,291.79698912291434,0.05307452136535589,291.74391460154897,1.0,0.0,10.493738521438562,29.360504521454192,178.56891063938835,591.9272997216945,332.15268792112295
15,1,7,6.193548387096774,188.82615415494033,0.05307452136535589,188.77307963357495,1.0,0.0,9.718825146796918,29.617634186099266,181.86020577000343,651.825413569369,271.73464913563043
15,1,7,6.483870967741936,135.32624954466084,0.05307452136535589,135.2731750232955,1.0,0.0,10.093629252617815,30.524525300373632,163.4046898208638,576.7128899610246,114.27330848180233
15,1,7,6.774193548387097,97.59403224667979,0.019859737980031576,97.57417250869976,0.9544432922863293,0.0,10.54538624582039,33.43951205887876,156.03096614722423,558.2876685532129,148.60892961886137
15,1,7,7.064516129032258,56.914145264895915,-0.12057650487478444,57.0347217697707,0.7225743292299119,0.0,11.734635712170403,36.464747167818864,120.44177553255095,391.2453421089863,127.74895864189624
15,1,7,7.35483870967742,23.09307384637548,-0.28843797793269826,23.381511824308177,0.3706487148253627,0.0,13.976044380961952,46.26143555371204,56.80919993455827,190.60433795676644,97.56295857807935
15,1,7,7.645161290322581,3.886745092227681,-0.3787708162021611,4.265515908429842,0.08985060259508786,0.0,15.451634838362079,51.67842731284106,13.384865520046677,41.66034460870135,35.668994435040396
15,1,7,7.935483870967742,-0.33885314998648447,-0.36459536894347927,0.025742218956994797,0.0007452164257417919,0.0,15.849653536759607,53.198583442102844,0.19991688201980556,0.5432919410964625,1.1306020813066142
15,1,7,8.225806451612904,-0.31754101189190986,-0.31754101189181017,-9.96889480686658e-14,0.0,0.0,15.852172317063388,53.21106501448176,0.08009169186248437,0.20396138308857167,0.0700413311323732
15,1,7,8.516129032258064,-0.2774238724738017,-0.2774238724738279,2.620235192013487e-14,0.0,0.0,15.852231078659845,53.21175365469479,0.07066275725721463,0.17913873888655737,0.04790127074089644
15,1,7,8.806451612903226,-0.24314055746173416,-0.24314055746166535,-6.880617603455264e-14,0.0,0.0,15.85228669076935,53.212360020562215,0.062476395821235105,0.15759259083895097,0.03170244312309191
15,1,7,9.096774193548388,-0.21360868992247145,-0.21360868992251333,4.1883759481498033e-14,0.0,0.0,15.85233874701538,53.212895860773884,0.05533783637665541,0.13880203051178247,0.022371263122016677
15,1,7,9.387096774193548,-0.1879774984188762,-0.18797749841878655,-8.964804679850725e-14,0.0,0.0,15.852387116778877,53.21337124238013,0.04908488622908561,0.12233919344796172,0.02135837305491029
15,1,7,9.67741935483871,-0.1655376814648174,-0.1655376814648672,4.980447044361514e-14,0.0,0.0,15.852431874169483,53.21379544553428,0.04357111216623594,0.10783378543221699,0.025745805755366752
15,1,7,9.967741935483872,-0.1456241241712395,-0.14562412417114892,-9.05681293850158e-14,0.0,0.0,15.852473324991612,53.21417834562174,0.038642212918982226,0.09492457627008366,0.031018998100955316
15,1,7,10.258064516129032,-0.12750548756910526,-0.12750548756912594,2.0681856401083554e-14,0.0,0.0,15.852512147906811,53.21453232606368,0.03410611572764359,0.08319328821032425,0.034741831122401846
15,1,7,10.548387096774194,-0.11027642029191699,-0.11027642029187835,-3.864346863335921e-14,0.0,0.0,15.852549633136615,53.21487434226419,0.0297060107978408,0.07209011723320498,0.03546101687827722
15,1,7,10.838709677419356,-0.09279866551740432,-0.09279866551730295,-1.0136909887881185e-13,0.0,0.0,15.852587931556243,53.2152271139939,0.025116126196027603,0.060882341260597224,0.03212144460507112
15,1,7,11.129032258064516,-0.0737695148796963,-0.07376951487968224,-1.4051261239614311e-14,0.0,0.0,15.85263012662042,53.215617710671054,0.01998541003721246,0.048682032171181,0.024387849950057786
15,1,7,11.419354838709678,-0.05201342992020708,-0.05201342992012682,-8.025720387751234e-14,0.0,0.0,15.852679841334615,53.21607136778166,0.014045612836094915,0.03462230085766004,0.013478091811527095
15,1,7,11.70967741935484,-0.027065771348029698,-0.027065771347935388,-9.430846511712666e-14,0.0,0.0,15.852740055488814,53.2166029727142,0.007269209648974039,0.018234044327905506,0.003184748673438498
15,1,7,12.0,0.0,0.0,0.0,0.0,0.0,15.852810942692361,53.217240269313635,0.0,0.0,0.0
16,2,0,3.0,311.5657705498614,-0.016639073172185076,311.5824096230335,1.0,0.0,15.281454462697358,42.28870777118477,449.5239016190338,1335.4599980530975,478.63236969963475
16,2,0,3.2903225806451615,282.4753534389869,-0.016639073172185076,282.4919925121591,1.0,0.0,23.322598394771006,59.35897571933984,464.16749534494136,1088.1802521845002,439.31683071286824
16,2,0,3.5806451612903225,279.0874901411522,-0.016639073172185076,279.1041292143244,1.0,0.0,28.258423606738745,82.26263153919787,535.9332002325126,1049.4523520725083,626.8848985093306
16,2,0,3.870967741935484,203.19490222482258,-0.016639073172185076,203.21154129799476,1.0,0.0,23.093566604846373,76.26611927697066,481.5710161952157,872.9741484876428,585.7889067211685
16,2,0,4.161290322580645,285.41146168916174,-0.016639073172185076,285.42810076233394,1.0,0.0,13.759714711999488,40.256827211053306,264.5440985690158,719.6993151251941,365.8311659343769
16,2,0,4.451612903225806,411.18003430528404,-0.016639073172185076,411.1966733784562,1.0,0.0,18.296790219213143,49.3784199116771,352.63173576240604,965.8880889497236,767.0311738812976
16,2,0,4.741935483870968,443.4767441932904,-0.016639073172185076,443.49338326646256,1.0,0.0,12.146999813070773,40.67568812216559,281.8088609549691,608.8842840892875,236.79897420007669
16,2,0,5.032258064516129,367.0958297806099,-0.016639073172185076,367.1124688537821,1.0,0.0,8.984774843815993,28.975370672657125,263.03574469216454,873.5568576059517,181.57270636157745
16,2,0,5.32258064516129,347.652714651586,-0.016639073172185076,347.6693537247582,1.0,0.0,10.483670648000825,25.50764604275367,251.07099354396848,970.5008971527155,194.4835673891235
16,2,0,5.612903225806452,317.56449731324545,-0.016639073172185076,317.58113638641765,1.0,0.0,8.976813245652819,24.26135626555657,225.47590175842845,891.933369324869,69.01843311558274
16,2,0,5.903225806451613,272.1736052945054,-0.016639073172185076,272.1902443676776,1.0,0.0,11.248040457589415,32.76759052393977,219.42309270818146,688.5298164377688,259.2273502428059
16,2,0,6.193548387096774,204.78017271369453,-0.016639073172185076,204.7968117868667,1.0,0.0,10.962241377583723,42.6852269440483,197.22742567639887,747.1679921031998,203.6646861193946
16,2,0,6.483870967741936,173.77816316113964,-0.016639073172185076,173.79480223431185,1.0,0.0,10.631093960236253,38.808973171964254,183.62492494101136,687.5097173073032,78.12192924052898
16,2,0,6.774193548387097,137.58061424029728,-0.015528884279323014,137.5961431245766,0.9544432922863293,0.0,11.092569031655845,40.28705040738051,160.84127002569144,656.1171972692691,160.94408321668
16,2,0,7.064516129032258,83.24571072350852,-0.0035598023457765453,83.2492705258543,0.7225743292299128,0.0,12.69951512340296,45.161948688659145,106.78958126838037,409.82939059050494,201.54206728153662
16,2,0,7.35483870967742,32.085713387321505,0.02144772438724438,32.064265662934254,0.3706487148253649,0.0,14.456915589353965,50.12808759459561,48.76800507261709,188.4635208267673,137.74944819003895
16,2,0,7.645161290322581,5.801261060343926,0.04492059670125478,5.756340463642672,0.08985060259508919,0.0,15.557868758450429,52.59916816760287,11.548362028019937,40.457035409317946,47.21240391572238
16,2,0,7.935483870967742,0.09158518395661473,0.05396954742454311,0.037615636532071624,0.0007452164257418806,0.0,15.850697280457172,53.21601500061105,0.21263305460013007,0.47418607523168943,1.6992880851723298
16,2,0,8.225806451612904,0.05440271734522193,0.05440271734513636,8.55676805452954e-14,0.0,0.0,15.853464881584639,53.22028841369582,0.07524953390582026,0.16278656225857238,0.03627766724812029
16,2,0,8.516129032258064,0.05310892885800918,0.05310892885804092,-3.174284923454507e-14,0.0,0.0,15.853406177329825,53.22006380388864,0.06644354088265511,0.14515149968704105,0.030531896140706408
16,2,0,8.806451612903226,0.050787338978072534,0.05078733897808553,-1.3001166983273028e-14,0.0,0.0,15.853357244446865,53.21986981008563,0.058756637251554056,0.12960561530331,0.026512835689276076
16,2,0,9.096774193548388,0.04786780141218073,0.04786780141216881,1.1921070033893422e-14,0.0,0.0,15.85331606330558,53.219701854439585,0.05201655313332453,0.11584310664299217,0.02371321447583427
16,2,0,9.387096774193548,0.04463228130838755,0.044632281308291395,9.615363073898348e-14,0.0,0.0,15.853281082635027,53.21955600325443,0.04607905980470945,0.10360329263041372,0.021794531140354356
16,2,0,9.67741935483871,0.04125475417013586,0.04125475417017818,-4.231879853055371e-14,0.0,0.0,15.85325104692032,53.21942878078469,0.04081546963614076,0.09264332420547929,0.02048353389795275
16,2,0,9.967741935483872,0.03781701899530277,0.037817018995201124,1.0164412356499647e-13,0.0,0.0,15.853224831003114,53.21931688018771,0.03609478504261901,0.0826968872776525,0.0194912699982644
16,2,0,10.258064516129032,0.034304882792346156,0.034304882792354496,-8.34574911349334e-15,0.0,0.0,15.853201277963729,53.219216774362096,0.03175971884731611,0.07341817851592287,0.018459618820158744
16,2,0,10.548387096774194,0.03059354274283584,0.030593542742741283,9.455348711027296e-14,0.0,0.0,15.853179067518633,53.219124303084755,0.02760095710048044,0.06432325816969378,0.01695694733399206
16,2,0,10.838709677419356,0.026439655908718756,0.026439655908720137,-1.380123879762829e-15,0.0,0.0,15.853156679635669,53.21903442248985,0.02334193195540917,0.054759981552642834,0.014554829909502229
16,2,0,11.129032258064516,0.021508070425901783,0.021508070425916723,-1.494134113308454e-14,0.0,0.0,15.85313254946102,53.21894141969291,0.018654831120873544,0.04395831786044833,0.011015262748883344
16,2,0,11.419354838709678,0.015467832041838844,0.015467832041875912,-3.706832724884729e-14,0.0,0.0,15.85310551170987,53.218839959898446,0.013232816201722702,0.031223931261619542,0.0065913924139126626
16,2,0,11.70967741935484,0.008184710584862885,0.008184710584824147,3.8738477161313905e-14,0.0,0.0,15.853075567723044,53.218727245849166,0.006936081114383329,0.01631961317729691,0.002365614276177604
16,2,0,12.0,0.0,0.0,0.0,0.0,0.0,15.853044820955088,53.2186061799421,0.0,0.0,0.0
17,2,1,3.0,607.785235800996,-0.04271465178724971,607.8279504527833,1.0,0.0,26.181796149920086,63.170729663001964,551.3331373508028,1226.8860548915172,1045.441897568673
17,2,1,3.2903225806451615,520.4597430045205,-0.04271465178724971,520.5024576563078,1.0,0.0,21.732492285948883,73.98928059487446,389.8698654650937,838.0932267379999,485.1802310846854
17,2,1,3.5806451612903225,469.46242823626375,-0.04271465178724971,469.505142888051,1.0,0.0,18.1957774381686,56.03159557459591,297.36685617538046,712.9032317281462,294.34701079744355
17,2,1,3.870967741935484,394.42034320612504,-0.04271465178724971,394.4630578579123,1.0,0.0,14.29014298119246,54.12828859248466,328.04112491116945,717.264454394002,663.3937623177745
17,2,1,4.161290322580645,280.79155544695016,-0.04271465178724971,280.8342700987374,1.0,0.0,16.86571897088637,50.838626716893295,362.3893698250817,656.0932245740588,415.66192794905976
17,2,1,4.451612903225806,328.03825545511256,-0.04271465178724971,328.08097010689977,1.0,0.0,16.20210404477131,43.27434648467502,318.8916569078272,587.0298496340195,443.0294693171837
17,2,1,4.741935483870968,387.05468031849915,-0.04271465178724971,387.0973949702864,1.0,0.0,12.039246438198491,34.972081687313754,236.72382892919492,683.3614145512123,147.97302036013792
17,2,1,5.032258064516129,388.35841808745585,-0.04271465178724971,388.4011327392431,1.0,0.0,10.198021342453002,26.721072475473523,205.41787473965078,721.7917354068383,91.63443006004479
17,2,1,5.32258064516129,365.28758352312286,-0.04271465178724971,365.33029817491007,1.0,0.0,11.915083322956402,36.87738918161153,180.4787624298633,511.15001706049645,136.59155355173337
17,2,1,5.612903225806452,323.8811102065286,-0.04271465178724971,323.92382485831587,1.0,0.0,10.844655604234177,38.00468810631665,189.04008131114284,616.326815194313,100.74638139695654
17,2,1,5.903225806451613,274.1536299364062,-0.04271465178724971,274.1963445881935,1.0,0.0,12.257744709026547,41.58658680482964,177.99753576619997,608.1035093104908,244.0366994098824
17,2,1,6.193548387096774,213.54522766119644,-0.04271465178724971,213.58794231298367,1.0,0.0,10.434909325161826,32.2757419338166,198.108887147487,623.8443288219397,179.55202472485578
17,2,1,6.483870967741936,166.0750183744514,-0.04271465178724971,166.11773302623862,1.0,0.0,10.499622869349137,32.160637364871214,179.17329345233665,583.5771845403681,165.11939578293885
17,2,1,6.774193548387097,117.34026908861765,-0.027719125026763148,117.36798821364441,0.9544432922863293,0.0,10.739952033379273,35.90884276569008,160.90483906236398,586.0768864781691,184.96838496237712
17,2,1,7.064516129032258,63.567760783920136,0.04441656483299924,63.523344219087136,0.7225743292299138,0.0,12.287576842208384,42.3869554759259,113.28143336160612,424.51623977339716,171.89954946564157
17,2,1,7.35483870967742,22.97987861786496,0.14352891726148598,22.83634970060347,0.3706487148253649,0.0,14.21923788620774,49.09043645942354,53.57096998955674,214.81105352988138,101.97968179709068
17,2,1,7.645161290322581,4.132408954462918,0.20900617015225087,3.923402784310668,0.08985060259508852,0.0,15.487744009958746,52.28387332511982,12.123072832202912,47.90953395845637,32.67410928432602
17,2,1,7.935483870967742,0.23852578575125855,0.21422760296226853,0.024298182788990028,0.0007452164257417919,0.0,15.850820858330213,53.21923867163305,0.15554656088855262,0.41931455864168893,1.1082928675680936
17,2,1,8.225806451612904,0.19557925284901695,0.19557925284903518,-1.82416373673e-14,0.0,0.0,15.853766882614824,53.22605964229524,0.07462319624655324,0.18318995564766305,0.03533219823071069
17,2,1,8.516129032258064,0.1777117641306217,0.17771176413061493,6.7606068313019745e-15,0.0,0.0,15.853686128337412,53.225286533939716,0.06590630522469061,0.16279700603232444,0.032820389698648866
17,2,1,8.806451612903226,0.16100202633005872,0.16100202633017668,-1.1797058902668356e-13,0.0,0.0,15.853616561246486,53.22461186582599,0.058307972236153936,0.1448940653388561,0.03182690836323716
17,2,1,9.096774193548388,0.14551576290792048,0.14551576290800736,-8.688779903898159e-14,0.0,0.0,15.853556265357577,53.22402074289739,0.051658117183063415,0.12911309212299654,0.03217413895013753
17,2,1,9.387096774193548,0.13123876543148877,0.1312387654315871,-9.832882598426185e-14,0.0,0.0,15.853503674173073,53.22350059691876,0.045814191323370265,0.1151404031418692,0.03347946775258192
17,2,1,9.67741935483871,0.11808660863094912,0.11808660863096772,-1.860166968375987e-14,0.0,0.0,15.853457417862387,53.22304021686154,0.04064783770027533,0.10268569359821605,0.035225084135997856
17,2,1,9.967741935483872,0.10588243321129176,0.10588243321126961,2.214198746228191e-14,0.0,0.0,15.853416131861968,53.222628329360106,0.036025041973157826,0.09143533813775906,0.03676964396790853
17,2,1,10.258064516129032,0.09430530825701973,0.09430530825712088,-1.0114907912986415e-13,0.0,0.0,15.853378227981727,53.22225166461074,0.03177936491597615,0.08098966629289592,0.03730988637841628
17,2,1,10.548387096774194,0.08282609148760374,0.08282609148765607,-5.2324696658834216e-14,0.0,0.0,15.85334167854092,53.221892839224004,0.02768508965477857,0.07079869529561715,0.03589319997517228
17,2,1,10.838709677419356,0.07067123119464191,0.07067123119470295,-6.10254776399477e-14,0.0,0.0,15.853303932254331,53.22152900291629,0.02344707437575209,0.06013235748806754,0.031603780978992635
17,2,1,11.129032258064516,0.056881758700500336,0.056881758700598584,-9.824881880282633e-14,0.0,0.0,15.85326214791939,53.22113289607764,0.018730859971994255,0.04814311654229968,0.02402037613163876
17,2,1,11.419354838709678,0.04055104648201652,0.04055104648211764,-1.0112407688566555e-13,0.0,0.0,15.853213956931729,53.2206784238148,0.013251999288156539,0.034087600765386784,0.013963679159988222
17,2,1,11.70967741935484,0.021305770148119966,0.021305770148138413,-1.8446655769728538e-14,0.0,0.0,15.853158876546598,53.220152470566624,0.006921295865347538,0.017747913402305616,0.004377012828308849
17,2,1,12.0,0.0,0.0,0.0,0.0,0.0,15.853100181522596,53.21957249762465,0.0,0.0,0.0
18,2,2,3.0,416.4997481443199,-0.0193858603483158,416.51913400466816,1.0,0.0,25.387436207239798,73.76622482270287,546.1996712158468,1576.7440712778548,1313.2012142423962
18,2,2,3.2903225806451615,552.9126961858099,-0.0193858603483158,552.9320820461581,1.0,0.0,18.564177907642993,56.23059844739989,348.97894385173674,792.3027654622289,371.591338698645
18,2,2,3.5806451612903225,394.07478538023537,-0.0193858603483158,394.0941712405837,1.0,0.0,15.821249564924523,37.48862922116222,335.6363881664869,576.1325503265673,473.8972531021969
18,2,2,3.870967741935484,416.2453163886824,-0.0193858603483158,416.2647022490307,1.0,0.0,10.985378945020402,35.834666761691125,305.25531719056437,1022.7137856708991,279.92419822918566
18,2,2,4.161290322580645,507.06466045658345,-0.0193858603483158,507.08404631693173,1.0,0.0,11.455875014257911,34.25970816560117,283.71266108613,949.6345482420531,150.47628238357566
18,2,2,4.451612903225806,493.13599610197736,-0.0193858603483158,493.15538196232563,1.0,0.0,9.288691738179788,23.77490322257387,246.836568985937,769.0050538497098,162.80157724677701
18,2,2,4.741935483870968,473.47095970235193,-0.0193858603483158,473.49034556270027,1.0,0.0,9.393891948844319,29.088465505443484,197.71375061274642,713.7514179107064,72.68610835112915
18,2,2,5.032258064516129,445.0273619079267,-0.0193858603483158,445.04674776827505,1.0,0.0,8.6675419324725,25.687562172047443,223.85083825778062,689.4390681326003,182.1574127166479
18,2,2,5.32258064516129,381.9865873104368,-0.0193858603483158,382.00597317078507,1.0,0.0,9.138413569520242,28.916368353434272,223.7977084982377,707.143612496853,185.95080888248594
18,2,2,5.612903225806452,338.2664948513034,-0.0193858603483158,338.2858807116517,1.0,0.0,10.188351898145543,29.8350229685161,184.91619502073908,611.3992661538564,164.41042956097328
18,2,2,5.903225806451613,282.4267379265138,-0.0193858603483158,282.4461237868621,1.0,0.0,11.127681677529457,39.63817640542774,157.9475026734901,561.8353902174211,254.30505369177473
18,2,2,6.193548387096774,210.47508260170943,-0.0193858603483158,210.49446846205774,1.0,0.0,12.289106247856102,41.649906630211184,138.28932695860755,301.05778651953545,232.98632979124662
18,2,2,6.483870967741936,148.90693339572726,-0.0193858603483158,148.92631925607557,1.0,0.0,13.158163443653006,48.63959192895543,105.64387445674113,266.87912849266803,178.60625550667814
18,2,2,6.774193548387097,99.66074833716738,-0.016295693353346647,99.67704403052073,0.9544432922863304,0.0,13.631853973280704,49.713786976096856,104.78834322294753,233.49388395474364,172.18907103215096
18,2,2,7.064516129032258,51.83295395974766,0.002161343397035783,51.83079261635063,0.7225743292299158,0.0,14.280747109840394,51.292406657843344,88.27617323828478,215.00231233075831,148.40804541006804
18,2,2,7.35483870967742,18.168954101315162,0.03260268427373781,18.136351417041425,0.37064871482536704,0.0,15.00054657369623,52.01977289433356,46.99652677374653,110.8590081326809,81.49163233005176
18,2,2,7.645161290322581,3.2182772295689315,0.05731326208465209,3.160963967484279,0.08985060259508959,0.0,15.630046307885792,52.820956693936935,11.228731770473093,24.330835623250053,25.847850117835836
18,2,2,7.935483870967742,0.0852265699261595,0.06432658398828324,0.020899985937876255,0.0007452164257415025,0.0,15.85102457588503,53.222087472689886,0.16341011522857007,0.2829830288232846,0.934362170321625
18,2,2,8.225806451612904,0.06249554634791803,0.0624955463479367,-1.8671675967515956e-14,0.0,0.0,15.853439550596542,53.22162709536205,0.07271106641190898,0.18367342998975184,0.04649783558933716
18,2,2,8.516129032258064,0.05972750164471495,0.05972750164479677,-8.18173439155051e-14,0.0,0.0,15.853399252677528,53.22134232310299,0.0647632621524029,0.1648654421809984,0.04114620592704966
18,2,2,8.806451612903226,0.05644271557194934,0.05644271557206691,-1.1757055311950593e-13,0.0,0.0,15.853363786159425,53.221088381554054,0.057738574139574166,0.14816612053007983,0.03689465495750431
18,2,2,9.096774193548388,0.05288466478311078,0.0528846647832567,-1.4591309714304113e-13,0.0,0.0,15.853332424028235,53.220861415031074,0.05150706661319179,0.13328019887895975,0.03353461709814949
18,2,2,9.387096774193548,0.04921467890772373,0.049214678907808694,-8.496762668452895e-14,0.0,0.0,15.853304537155811,53.22065798221034,0.04595735763991846,0.11995204253016768,0.03090208842064342
18,2,2,9.67741935483871,0.0455275276883799,0.04552752768846715,-8.724783135544145e-14,0.0,0.0,15.853279507629313,53.220474757083615,0.04098638887339311,0.10793544588750652,0.02882592070984178
18,2,2,9.967741935483872,0.041849992320564695,0.041849992320580336,-1.5641403970645397e-14,0.0,0.0,15.853256600771067,53.22030797385672,0.036482988242462155,0.09694533891864889,0.02707162620506843
18,2,2,10.258064516129032,0.03812339045836797,0.038123390458444574,-7.660687622451646e-14,0.0,0.0,15.853234805791095,53.220152582655246,0.03230422002016151,0.08659063384464287,0.025292324257743026
18,2,2,10.548387096774194,0.03417719464113171,0.034177194641261455,-1.2974164559538537e-13,0.0,0.0,15.853212698157796,53.22000126748612,0.0282486516938755,0.07630320927993439,0.023022046147467026
18,2,2,10.838709677419356,0.02971187429428059,0.0297118742942955,-1.491133844004622e-14,0.0,0.0,15.853188432680843,53.219843779619595,0.024038911845179204,0.06530181090457574,0.019760437936934112
18,2,2,11.129032258064516,0.024322497420061713,0.02432249742017174,-1.1002487582036785e-13,0.0,0.0,15.85316002543156,53.21966739870616,0.019335291957741915,0.05265567529752482,0.015190571915743729
18,2,2,11.419354838709678,0.01760412328153137,0.017604123281525375,5.995538158824754e-15,0.0,0.0,15.853126086037287,53.2194595921744,0.013807909714274346,0.037527130722323596,0.009532432507392802
18,2,2,11.70967741935484,0.009373570450345977,0.009373570450486784,-1.408076388776866e-13,0.0,0.0,15.853087054358241,53.21921379927813,0.007289246340354712,0.019649952211011144,0.003914632101933839
18,2,2,12.0,0.0,0.0,0.0,0.0,0.0,15.853046678215879,53.218938223874034,0.0,0.0,0.0
19,2,3,3.0,424.2536465681373,22.039554007208924,402.2140925609283,1.0,0.9577703332740621,20.787283667867694,48.8796463017675,452.36642650848677,990.420935844036,971.0279655389434
19,2,3,3.2903225806451615,474.44484523202595,-0.0471087632575884,474.4919539952835,1.0,0.0,24.331015097370592,62.80033298922674,478.3376617793244,1216.92231354436,292.2198618044242
19,2,3,3.5806451612903225,483.527849658989,-0.0471087632575884,483.57495842224654,1.0,0.0,16.677194978734384,46.3252641078088,313.05190334989766,715.4470771766396,173.28491753768765
19,2,3,3.870967741935484,495.69550086343344,-0.0471087632575884,495.742609626691,1.0,0.0,14.801053512740737,43.08034294795078,307.40258323843705,559.9779547099589,322.5839039166478
19,2,3,4.161290322580645,513.8604782130699,-0.0471087632575884,513.9075869763274,1.0,0.0,11.404667080296484,32.28268034680609,280.2665710038839,674.0657512775371,162.19344145959138
19,2,3,4.451612903225806,469.6766055215346,-0.0471087632575884,469.7237142847922,1.0,0.0,9.819949950406679,25.189123195191865,255.20791621426352,689.6504388671093,50.98516220302007
19,2,3,4.741935483870968,451.8804653772008,-0.0471087632575884,451.9275741404584,1.0,0.0,10.425578208199532,33.08613369161819,201.25470459495364,712.1510969768972,154.0788435299456
19,2,3,5.032258064516129,432.8966121406308,-0.0471087632575884,432.94372090388833,1.0,0.0,11.082794339059845,33.672571611115394,183.8553454583383,516.6730287575798,96.16914803331386
19,2,3,5.32258064516129,390.6457144530764,-0.0471087632575884,390.6928232163339,1.0,0.0,9.783906130194923,29.14829328820432,184.90171259405165,593.2003726940318,238.53923711406682
19,2,3,5.612903225806452,313.01340727246037,-0.0471087632575884,313.06051603571797,1.0,0.0,11.113849268527023,36.729632018872714,155.69033631866154,511.04778224564643,264.70628105876693
19,2,3,5.903225806451613,235.47771013244775,-0.0471087632575884,235.52481889570535,1.0,0.0,11.419870882485963,35.75301821739644,151.86975564270756,439.0943842952919,244.51392995814228
19,2,3,6.193548387096774,165.96581802022126,-0.0471087632575884,166.0129267834789,1.0,0.0,12.107779359712742,41.32129483286417,129.9236963133344,368.26130388465833,217.80221787409076
19,2,3,6.483870967741936,113.49626359361964,-0.0471087632575884,113.54337235687724,1.0,0.0,12.932455620500997,43.936027340790645,122.24911951476737,309.74942684568924,163.3913826580922
19,2,3,6.774193548387097,67.31651531499104,-0.03073885553944991,67.34725417053048,0.9544432922863293,0.0,13.40175216663539,47.05271591748228,110.24693716485869,325.0176683306029,142.50334137135786
19,2,3,7.064516129032258,33.45927905439989,0.04633451525509668,33.4129445391448,0.7225743292299138,0.0,13.69497597759246,48.05892666703143,87.68965071776276,273.25032000907015,90.978387746248
19,2,3,7.35483870967742,13.233766945379386,0.15054591409167417,13.083221031287712,0.3706487148253649,0.0,14.67623092239551,49.97192490927468,43.716715051589816,133.81824430771258,50.67381874062758
19,2,3,7.645161290322581,3.054565141906727,0.21853788947584268,2.8360272524308847,0.08985060259508959,0.0,15.541824463686364,52.283995087679436,10.528129665192706,31.964825514577665,20.44918733728509
19,2,3,7.935483870967742,0.24760568167024008,0.22341168489177884,0.024193996778461225,0.0007452164257415766,0.0,15.85105164986356,53.21834776419494,0.15990081178887106,0.25338078422903176,1.0779124252235945
19,2,3,8.225806451612904,0.20374512929625138,0.20374512929629301,-4.164373793719145e-14,0.0,0.0,15.853932708477789,53.22496650455388,0.0669908282277291,0.1465936604335779,0.015897856821232917
19,2,3,8.516129032258064,0.18525674384101565,0.18525674384099633,1.9321734316679606e-14,0.0,0.0,15.85384673592641,53.224361552648205,0.05943050790410302,0.13141124344379285,0.020483846951589398
19,2,3,8.806451612903226,0.16816015413079524,0.16816015413075944,3.580321369239803e-14,0.0,0.0,15.853770911679879,53.22382654563188,0.05278024670385199,0.11795227150519731,0.025109900050952545
19,2,3,9.096774193548388,0.1524138707416949,0.15241387074164262,5.2284693068116454e-14,0.0,0.0,15.853703782194941,53.223351925595566,0.04691189060657388,0.10597899237309572,0.02957556930777532
19,2,3,9.387096774193548,0.13793809836428106,0.1379380983641783,1.027292209632158e-13,0.0,0.0,15.85364407693054,53.22292940967924,0.04171683430717798,0.0952837040955206,0.03372676704609207
19,2,3,9.67741935483871,0.12460736565914303,0.12460736565909006,5.296475411031843e-14,0.0,0.0,15.853590557127578,53.22255131034522,0.03709602328620962,0.08566465220918013,0.03735038671383252
19,2,3,9.967741935483872,0.11221473699713441,0.11221473699705045,8.396753691658488e-14,0.0,0.0,15.85354178507573,53.22220939247398,0.03294329104377516,0.07688684278060882,0.04006303357285203
19,2,3,10.258064516129032,0.10040736825295474,0.10040736825296549,-1.0760965903078291e-14,0.0,0.0,15.853495826967821,53.2218931935851,0.02912083288863864,0.06862794492516519,0.04122454559591445
19,2,3,10.548387096774194,0.08860952272602787,0.08860952272599563,3.223289322083767e-14,0.0,0.0,15.853449978905331,53.22158808852624,0.025432583731163964,0.060422938976109467,0.039949495260116395
19,2,3,10.838709677419356,0.07597582327396259,0.07597582327389477,6.7816087164288e-14,0.0,0.0,15.85340070880277,53.22127395699845,0.02161190655040765,0.051640801511959905,0.03532068767106538
19,2,3,11.129032258064516,0.06144853290552593,0.0614485329055114,1.453130432822747e-14,0.0,0.0,15.853344104234125,53.220925997231326,0.017346850298886052,0.041546130880293894,0.026904663164500447
19,2,3,11.419354838709678,0.04401304535108501,0.04401304535111238,-2.7372456948629445e-14,0.0,0.0,15.853277139932601,53.22051972309933,0.012358514807975797,0.0295055806550627,0.01559331619795187
19,2,3,11.70967741935484,0.02322750871582388,0.023227508715762096,6.17855458635852e-14,0.0,0.0,15.853199912614006,53.22004191865609,0.006523099031156278,0.015373220018118559,0.0045959237240005895
19,2,3,12.0,0.0,0.0,0.0,0.0,0.0,15.853118456064838,53.219507375993466,0.0,0.0,0.0
20,2,4,3.0,423.50212584659147,0.03800933049088864,423.4641165161006,1.0,0.0,26.79793854122343,72.53023609016402,494.6512126396036,1437.4738479850432,316.55646912444786
20,2,4,3.2903225806451615,456.85281053597583,0.03800933049088864,456.81480120548497,1.0,0.0,27.97198830292527,86.07274287938375,496.52900219644556,1412.3447022693515,423.9050413333113
20,2,4,3.5806451612903225,365.5978310981215,0.03800933049088864,365.55982176763064,1.0,0.0,14.109604027828123,42.285544745931595,348.5149356027017,739.5276929961489,154.48476921948912
20,2,4,3.870967741935484,400.3907575449832,0.03800933049088864,400.35274821449235,1.0,0.0,12.96977442703253,34.0975329449587,340.5752784836726,810.2935417056411,326.22081733734456
20,2,4,4.161290322580645,498.2014046962653,0.03800933049088864,498.1633953657744,1.0,0.0,12.040425076633896,51.61530567835735,217.05737445012335,624.6897388390081,254.98830598304244
20,2,4,4.451612903225806,480.7359535321348,0.03800933049088864,480.6979442016439,1.0,0.0,14.206028496977419,55.263509662985655,268.5077680835093,711.438649632447,211.6251481364773
20,2,4,4.741935483870968,404.0369988754408,0.03800933049088864,403.99898954494995,1.0,0.0,14.227517232485065,44.61719862498733,292.3969775082746,663.5254645303633,228.34379995279167
20,2,4,5.032258064516129,347.493292096765,0.03800933049088864,347.4552827662741,1.0,0.0,10.30174145341435,32.822307366158896,252.88777018131051,605.72015720099,42.5149226265477
20,2,4,5.32258064516129,355.70015829663197,0.03800933049088864,355.6621489661411,1.0,0.0,9.328505970613122,25.52361196948025,221.93535756791636,720.0390332359844,85.0864293612523
20,2,4,5.612903225806452,355.9385146111977,0.03800933049088864,355.9005052807068,1.0,0.0,9.74299508780662,25.145691291635767,245.01765931568107,914.1218715666854,67.31941274570265
20,2,4,5.903225806451613,318.32558027420146,0.03800933049088864,318.28757094371053,1.0,0.0,9.845074008143591,24.47338171357811,200.13463136925552,688.7519631163785,182.32089752303034
20,2,4,6.193548387096774,246.57993479646385,0.03800933049088864,246.54192546597295,1.0,0.0,10.904578582174448,27.41009499016544,183.06319599391404,600.1016950343388,307.34383109289536
20,2,4,6.483870967741936,162.89193513728162,0.03800933049088864,162.85392580679073,1.0,0.0,11.465081464742084,31.550497087331983,157.4974111878729,512.6888315085816,244.24852557555002
20,2,4,6.774193548387097,94.04378741912107,0.007559531058935614,94.03622788806213,0.9544432922863293,0.0,11.523693254926213,35.6185572788388,129.19245771500343,457.07019962378075,211.26683790052513
20,2,4,7.064516129032258,43.501771394827436,-0.11876178120795647,43.62053317603539,0.7225743292299119,0.0,12.534517209471726,40.48653664628267,95.72270706470259,312.37911702201814,139.7378559682735
20,2,4,7.35483870967742,12.190381170946127,-0.26530388781696096,12.455685058763088,0.3706487148253627,0.0,14.243720855289055,47.166651184600696,45.268457705417376,152.2150843973824,73.2818349562646
20,2,4,7.645161290322581,0.5285055503118281,-0.33909833997828365,0.8676038902901119,0.08985060259508852,0.0,15.516760496383606,52.085940059293044,10.159176186933536,35.4502589609161,12.95752282121792
20,2,4,7.935483870967742,-0.32681565883432595,-0.3205473313314161,-0.006268327502909843,0.0007452164257418867,0.0,15.848793681427463,53.20571529719171,0.18332202941232484,0.551526099373733,0.364240321496279
20,2,4,8.225806451612904,-0.2748208564686476,-0.274820856468551,-9.66486751741158e-14,0.0,0.0,15.851584852180466,53.21400360048791,0.13061603810902989,0.3910464530792737,0.1374823569529555
20,2,4,8.516129032258064,-0.2363914855600935,-0.23639148556006076,-3.276294079784803e-14,0.0,0.0,15.85175104253722,53.21452508966591,0.11479101883441321,0.34062335058386556,0.11145055773146337
20,2,4,8.806451612903226,-0.20403210506997643,-0.20403210506998443,8.000718143552633e-15,0.0,0.0,15.851892475578072,53.21496640486409,0.10106241671241303,0.29734726589489274,0.09087743832540214
20,2,4,9.096774193548388,-0.17658601425658124,-0.17658601425653495,-4.630415625581086e-14,0.0,0.0,15.852013566047233,53.21534238687167,0.08909582611921316,0.2599856724688687,0.07482403945289659
20,2,4,9.387096774193548,-0.15314095574725722,-0.15314095574715003,-1.0718962132824639e-13,0.0,0.0,15.852117834583748,53.2156647858639,0.07861347158045506,0.23071958139794768,0.06261227474413986
20,2,4,9.67741935483871,-0.13294682570655483,-0.1329468257065647,9.86088511192862e-15,0.0,0.0,15.85220817463464,53.21594323925227,0.06937013460222828,0.20516806292154166,0.05367603569087286
20,2,4,9.967741935483872,-0.11533165811306006,-0.11533165811298358,-7.648686545236316e-14,0.0,0.0,15.852287142259405,53.216186292925194,0.06112091200314362,0.18212402840182437,0.04733871221980131
20,2,4,10.258064516129032,-0.09961243126007646,-0.09961243126002252,-5.394484208290362e-14,0.0,0.0,15.852357301150542,53.21640254592993,0.053580176240847405,0.16077106799071317,0.042594451493139576
20,2,4,10.548387096774194,-0.08501318138156971,-0.08501318138151805,-5.1664637411991123e-14,0.0,0.0,15.852421599431754,53.21660180580962,0.04638008408551822,0.14001130331938688,0.038101596285422853
20,2,4,10.838709677419356,-0.0706240376996638,-0.07062403769966778,3.980357276417434e-15,0.0,0.0,15.852483666961586,53.21679586186149,0.039049698051689674,0.11841852203959165,0.03250811754301958
20,2,4,11.129032258064516,-0.055455560995033897,-0.05545556099498501,-4.888438785710658e-14,0.0,0.0,15.85254781712842,53.216998175529895,0.031048316893488,0.09436994125643022,0.025016818510936626
20,2,4,11.419354838709678,-0.038651549167097086,-0.03865154916711714,2.0056800296118505e-14,0.0,0.0,15.852618454302256,53.217221587822586,0.021891492012366898,0.0664810625578104,0.016021900874290337
20,2,4,11.70967741935484,-0.019900421773619913,-0.019900421773647228,2.731745201139252e-14,0.0,0.0,15.852698599034927,53.21747329689561,0.011393776320354118,0.034419869231844,0.007371250989402753
20,2,4,12.0,0.0,0.0,0.0,0.0,0.0,15.852787463609037,53.21774724879121,0.0,0.0,0.0
21,2,5,3.0,406.250915806436,-0.017571836643226466,406.26848764307925,1.0,0.0,25.36804035090695,79.82493956687084,500.67754990712376,1245.6401071814832,1211.5368055597285
21,2,5,3.2903225806451615,434.12195767235545,-0.017571836643226466,434.1395295089987,1.0,0.0,29.133407397712023,73.75531357071446,573.4085001250677,1468.9903854865179,690.162331011272
21,2,5,3.5806451612903225,584.7725981002988,-0.017571836643226466,584.7901699369421,1.0,0.0,24.116710073573678,67.17426633855806,433.79006589838906,1316.632453744554,647.3286970689816
21,2,5,3.870967741935484,378.1011778638891,-0.017571836643226466,378.11874970053236,1.0,0.0,15.073184137219837,36.1845211199752,321.5810667059633,639.9339505275377,281.0776827275721
21,2,5,4.161290322580645,303.16208936476824,-0.017571836643226466,303.1796612014115,1.0,0.0,15.948311362347928,45.624172208774304,290.3968499509818,712.3176049437211,197.74819651001272
21,2,5,4.451612903225806,236.17970362210824,-0.017571836643226466,236.19727545875148,1.0,0.0,13.604971778087592,38.62115594572774,257.61371306632617,617.275339205048,321.0822870350282
21,2,5,4.741935483870968,304.20079380900916,-0.017571836643226466,304.2183656456524,1.0,0.0,13.335422627151218,36.44104845117391,211.00303902818993,634.6722675037541,275.23196749939706
21,2,5,5.032258064516129,357.45856390414815,-0.017571836643226466,357.4761357407914,1.0,0.0,13.358576317083251,39.72215161814883,259.50849943571995,695.4502235496615,108.07062730189728
21,2,5,5.32258064516129,363.3966957911707,-0.017571836643226466,363.41426762781396,1.0,0.0,13.817610256650834,38.0588906306288,256.32424992984363,577.2744579613479,92.22999213142256
21,2,5,5.612903225806452,335.065917152574,-0.017571836643226466,335.08348898921724,1.0,0.0,13.090488804505437,39.07315920184781,210.31729004550323,461.48654995369236,102.67695852945177
21,2,5,5.903225806451613,299.6280635250909,-0.017571836643226466,299.64563536173415,1.0,0.0,11.832353908043258,39.42397884197762,182.14417488305475,442.3508181786283,133.84211818985216
21,2,5,6.193548387096774,257.7436789018666,-0.017571836643226466,257.76125073850983,1.0,0.0,12.170335328643805,34.122197819392326,196.585053493318,512.434978401542,194.95611206760827
21,2,5,6.483870967741936,202.93580670412496,-0.017571836643226466,202.9533785407682,1.0,0.0,11.636235154627636,37.25451911940249,179.43544239254354,525.2717818052568,178.8277637141257
21,2,5,6.774193548387097,146.18515650623755,-0.01716800305579173,146.2023245092933,0.9544432922863296,0.0,12.418632471807296,43.774346921118216,135.51005359540196,432.46553576952147,202.86731037521102
21,2,5,7.064516129032258,87.74517575129968,-0.007099483406450668,87.75227523470615,0.7225743292299138,0.0,13.567697110437171,48.138536439166295,87.5869687191495,263.49426228073975,192.90366711754115
21,2,5,7.35483870967742,37.56729956105781,0.017250808320741405,37.55004875273707,0.3706487148253649,0.0,14.862285656330684,51.397886130272916,44.167602413259516,105.66630633113516,145.3099062829113
21,2,5,7.645161290322581,7.5375070157137785,0.041884058420184146,7.495622957293595,0.08985060259508959,0.0,15.625941316641924,52.82958742884926,11.107563066796553,20.431823463571057,59.662072759331735
21,2,5,7.935483870967742,0.10283036465999502,0.05266116052514369,0.05016920413485133,0.0007452164257415766,0.0,15.851329093660482,53.22081535783076,0.252415807530927,0.3551901617601243,2.277980123688251
21,2,5,8.225806451612904,0.05437245131141081,0.054372451311468395,-5.758516883822007e-14,0.0,0.0,15.853578030360842,53.22251661583874,0.07697098232321721,0.16919521150604108,0.0440683272198584
21,2,5,8.516129032258064,0.05390035296440444,0.05390035296438735,1.708153323648487e-14,0.0,0.0,15.853507211516009,53.22211645375061,0.06796875355602197,0.15044836034777848,0.03685643533602308
21,2,5,8.806451612903226,0.05208498714927376,0.0520849871492751,-1.3401202890450658e-15,0.0,0.0,15.853447919690552,53.221762786568846,0.060103794797250996,0.13398876182634967,0.03171264500664859
21,2,5,9.096774193548388,0.04945515465695201,0.049455154656901645,5.036452071366382e-14,0.0,0.0,15.853397814026085,53.22144974826316,0.053203151277561325,0.1194715053065524,0.02802288230991266
21,2,5,9.387096774193548,0.04636174770828254,0.0463617477083203,-3.7763389637568425e-14,0.0,0.0,15.853355087988257,53.22117201571776,0.047121392561566576,0.10660510239572332,0.025385034836062175
21,2,5,9.67741935483871,0.043026158019886795,0.043026158019873306,1.3486210520725905e-14,0.0,0.0,15.853318276172876,53.22092450053452,0.04172833934076621,0.09512156539653518,0.02348920233799862
21,2,5,9.967741935483872,0.03956151191317951,0.03956151191312082,5.869026803179828e-14,0.0,0.0,15.853286064217286,53.220701710214925,0.03689118964651735,0.08473287792210255,0.02202162384754474
21,2,5,10.258064516129032,0.0359718272084913,0.03597182720855826,-6.696101041269581e-14,0.0,0.0,15.853257096204288,53.22049677470905,0.03245027346326593,0.07507332663393382,0.02059835504944909
21,2,5,10.548387096774194,0.032138747274141774,0.032138747274186356,-4.4579001406107324e-14,0.0,0.0,15.853229809457337,53.22030034933969,0.028192857985622984,0.06564030729463974,0.018754153204281858
21,2,5,10.838709677419356,0.027814613927433843,0.027814613927377614,5.6230047202655844e-14,0.0,0.0,15.85320237197279,53.22009994368564,0.023837451194668294,0.055765436881937615,0.01602204451662439
21,2,5,11.129032258064516,0.022651687756896913,0.022651687756958805,-6.189055528921933e-14,0.0,0.0,15.853172839070098,53.219880609372304,0.01904967547081123,0.04466815978572943,0.01213309532387672
21,2,5,11.419354838709678,0.01630431864801753,0.016304318648060683,-4.315387348678701e-14,0.0,0.0,15.853139656089727,53.219628161245055,0.013515143954523893,0.031654329285726,0.007335742088969305
21,2,5,11.70967741935484,0.008633053959638447,0.008633053959583172,5.527496147426925e-14,0.0,0.0,15.853102568155904,53.219335867040954,0.007087453908398672,0.0165025618394541,0.0027437748234300256
21,2,5,12.0,0.0,0.0,0.0,0.0,0.0,15.853063788671411,53.21901427934604,0.0,0.0,0.0
22,2,6,3.0,352.582621114198,0.007618235716269784,352.57500287848177,1.0,0.0,28.530962894093456,109.26054877210943,589.0553771608332,2350.449126710007,2479.520156159965
22,2,6,3.2903225806451615,283.50392387520577,0.007618235716269784,283.49630563948955,1.0,0.0,17.811158687369065,66.82285305864127,360.18188327727387,838.50311415257,352.1639939802248
22,2,6,3.5806451612903225,344.6056890466518,0.007618235716269784,344.5980708109355,1.0,0.0,17.351857997767844,66.41070355432772,375.7882617813767,825.2135941506589,271.0758956624443
22,2,6,3.870967741935484,329.38002907996577,0.007618235716269784,329.3724108442495,1.0,0.0,15.518787864358774,54.42385663573753,289.6744178894015,680.5046215564154,389.03332103332525
22,2,6,4.161290322580645,476.89481612136285,0.007618235716269784,476.8871978856466,1.0,0.0,13.79723143742101,57.334155103343875,285.4188055151417,873.1723029785135,477.5489830419275
22,2,6,4.451612903225806,521.1727181484106,0.007618235716269784,521.1650999126944,1.0,0.0,12.528264825145108,38.30335826213509,242.06159416258453,598.7162609516529,136.40359998063306
22,2,6,4.741935483870968,457.1966671727475,0.007618235716269784,457.1890489370312,1.0,0.0,10.28089845101385,32.06200345293499,247.29934574433332,650.8972612519512,273.2727071076695
22,2,6,5.032258064516129,385.38781433051827,0.007618235716269784,385.380196094802,1.0,0.0,11.607211084375482,38.52222303113746,257.104378355652,667.0861204270894,162.53546395506922
22,2,6,5.32258064516129,336.4205931618886,0.007618235716269784,336.4129749261723,1.0,0.0,10.679108626290923,27.780790018138624,228.097769539178,646.0684452047627,129.9053450440234
22,2,6,5.612903225806452,298.7648414960739,0.007618235716269784,298.75722326035765,1.0,0.0,11.401493736655643,32.895135000070596,199.80010087763452,685.2542565004494,79.55082796520507
22,2,6,5.903225806451613,285.01736051800196,0.007618235716269784,285.00974228228574,1.0,0.0,10.931023934497043,32.08836577705628,181.6140409752472,576.5319414153716,83.31111667405888
22,2,6,6.193548387096774,241.28257744391354,0.007618235716269784,241.2749592081973,1.0,0.0,11.663670361998815,34.21330698891056,159.45806314621638,507.1920623592954,235.17590709509892
22,2,6,6.483870967741936,172.30545201522753,0.007618235716269784,172.29783377951125,1.0,0.0,12.393392955102366,36.07199013570903,143.6761434242712,458.7517309090067,244.37428794256647
22,2,6,6.774193548387097,99.8474093653586,-0.0042285319461389005,99.85163789730473,0.9544432922863288,0.0,12.075103489426116,37.50131623244987,127.0901253644267,454.0712367583752,227.88670160178066
22,2,6,7.064516129032258,45.66700792594454,-0.050302111525834296,45.71731003747038,0.7225743292299119,0.0,12.682772157567856,40.82277380923197,98.1274065014449,335.7645326271081,150.71732526670505
22,2,6,7.35483870967742,12.333856387136139,-0.09898574919688898,12.432842136333027,0.3706487148253638,0.0,14.291472230203226,46.93882538064227,47.03180467927142,150.78321796076244,75.19707779064251
22,2,6,7.645161290322581,0.7422298305664311,-0.11872243976744089,0.860952270333872,0.08985060259508786,0.0,15.525988656451096,52.01485591604556,10.369164491940905,34.85532648959818,12.56969506937576
22,2,6,7.935483870967742,-0.11341847972704701,-0.10712893523123697,-0.006289544495810037,0.0007452164257418867,0.0,15.849715675136062,53.20949335843533,0.18025249813919295,0.5676134965543782,0.35397898711687076
22,2,6,8.225806451612904,-0.08821123184805474,-0.08821123184798946,-6.528586005138948e-14,0.0,0.0,15.852435286495776,53.218172002205144,0.13503701015220695,0.42831764110977,0.16561549068588743
22,2,6,8.516129032258064,-0.07300290121841625,-0.07300290121845422,3.797340848883668e-14,0.0,0.0,15.852507843914927,53.218217321052876,0.1184588119730605,0.3763823511271986,0.13898737763778643
22,2,6,8.806451612903226,-0.06071774846571531,-0.06071774846566655,-4.875437618727385e-14,0.0,0.0,15.852568873977418,53.21825249611096,0.10411648763799396,0.33133441986069995,0.11712459929758778
22,2,6,9.096774193548388,-0.05070630396227311,-0.05070630396225042,-2.2692036834651152e-14,0.0,0.0,15.852620538878506,53.21827991510305,0.09164507759037702,0.29207570297319985,0.09903214832750548
22,2,6,9.387096774193548,-0.042477832687056905,-0.04247783268705262,-4.280384206800658e-15,0.0,0.0,15.85266454498219,53.218301346699704,0.08074346915138253,0.2576913138846343,0.08395143031752879
22,2,6,9.67741935483871,-0.035652084038246865,-0.03565208403819316,-5.3704820538597046e-14,0.0,0.0,15.852702278820246,53.21831809183481,0.07114838515450868,0.2273711403535961,0.07128540498073452
22,2,6,9.967741935483872,-0.029920035617429813,-0.029920035617413816,-1.5996435838265543e-14,0.0,0.0,15.85273494298826,53.218331079653105,0.06260078089015994,0.2003050574595171,0.06053135961429371
22,2,6,10.258064516129032,-0.025010899471406122,-0.025010899471413002,6.880617603455264e-15,0.0,0.0,15.8527637020968,53.218340924894704,0.05480377370375838,0.17555060465216313,0.05121719560712613
22,2,6,10.548387096774194,-0.020666886791808003,-0.02066688679176529,-4.2713833988891614e-14,0.0,0.0,15.852789825204562,53.21834796634332,0.04737997805489089,0.15190001016689128,0.04285056133017459
22,2,6,10.838709677419356,-0.01663155979804714,-0.016631559798059796,1.265613601333232e-14,0.0,0.0,15.852814778330165,53.21835231434204,0.0398487753817414,0.1278138458553174,0.03490435741888313
22,2,6,11.129032258064516,-0.01266081544794216,-0.012660815447912095,-3.0065198648818876e-14,0.0,0.0,15.85284018665358,53.21835394650085,0.03165741330996908,0.1015308240007946,0.02686556752732434
22,2,6,11.419354838709678,-0.008565522810162773,-0.008565522810164988,2.2151988359961353e-15,0.0,0.0,15.85286756693462,53.218352895590705,0.022306819610148163,0.07148419995036946,0.018355755849770183
22,2,6,11.70967741935484,-0.004288361388854014,-0.0042883613887762595,-7.775447923323228e-14,0.0,0.0,15.852897753258949,53.21834955353976,0.011601173395053992,0.037114274167778856,0.009291344057891759
22,2,6,12.0,0.0,0.0,0.0,0.0,0.0,15.852930044281894,53.2183450388326,0.0,0.0,0.0
23,2,7,3.0,418.9540144301539,0.03660238585273506,418.91741204430116,1.0,0.0,26.765224309464674,75.69098721746387,541.9399958357405,1516.5332785968574,659.5789672446833
23,2,7,3.2903225806451615,292.54259083695,0.03660238585273506,292.5059884510973,1.0,0.0,28.12651447778449,66.54910937170958,553.5695557445993,1276.5930587074124,688.2081016594373
23,2,7,3.5806451612903225,401.4572518420993,0.03660238585273506,401.42064945624657,1.0,0.0,18.696866943767578,53.672950842159715,312.19771320946427,979.1160546391023,638.4452939894575
23,2,7,3.870967741935484,423.68878952444965,0.03660238585273506,423.6521871385969,1.0,0.0,13.375850088886754,37.83194938540815,257.9967845506049,831.1889654348828,93.7127022386463
23,2,7,4.161290322580645,322.983044707884,0.03660238585273506,322.94644232203126,1.0,0.0,12.860629111232749,37.51047416898067,281.36646471216574,709.4309842328149,467.2440601210865
23,2,7,4.451612903225806,284.4908742295696,0.03660238585273506,284.4542718437169,1.0,0.0,11.071135411372262,28.779459433963513,237.7923853753953,702.0604601341212,183.26161335829846
23,2,7,4.741935483870968,371.71733079240414,0.03660238585273506,371.6807284065514,1.0,0.0,12.47373137965597,28.469813729730248,259.7647753904761,651.1372947723391,73.30734981644005
23,2,7,5.032258064516129,364.3657267037981,0.03660238585273506,364.32912431794534,1.0,0.0,12.615506131714232,37.264515154454934,270.1724089171931,657.7876764796182,70.76599488225699
23,2,7,5.32258064516129,368.9677809712947,0.03660238585273506,368.931178585442,1.0,0.0,10.962818689395352,33.70774582059006,251.7856739253692,598.7138465718682,53.9483186812143
23,2,7,5.612903225806452,343.19054520489044,0.03660238585273506,343.1539428190377,1.0,0.0,11.88608247519097,32.777034933343394,203.73583423711165,568.724379354914,200.0323261971702
23,2,7,5.903225806451613,303.5695086457833,0.03660238585273506,303.53290625993054,1.0,0.0,11.73489065584365,37.079238596498946,178.24566614139954,504.18054083029864,175.2108301379039
23,2,7,6.193548387096774,254.47898027814216,0.03660238585273506,254.44237789228944,1.0,0.0,11.140747070832875,34.37867579586327,191.56053943408756,540.8944025238042,200.08159957610985
23,2,7,6.483870967741936,199.29508354212615,0.03660238585273506,199.2584811562734,1.0,0.0,12.553476991921166,42.177891748703644,157.6208577737803,426.9658762768946,206.30908770373262
23,2,7,6.774193548387097,141.30368387329148,0.01584632566433592,141.28783754762713,0.9544432922863296,0.0,12.308889059384224,42.44924244418252,129.16754411492545,405.7187840998251,195.62135275761972
23,2,7,7.064516129032258,82.29619589287435,-0.07069316120546622,82.36688905407982,0.7225743292299138,0.0,13.304866042072948,46.73054553459161,87.10494420929179,290.0669379612228,197.09466469313426
23,2,7,7.35483870967742,33.28865078500969,-0.17293853737616433,33.46158932238586,0.3706487148253649,0.0,14.628510798106053,50.35458316111286,45.94352695200608,138.04019915696455,135.15889008035276
23,2,7,7.645161290322581,6.19287748795822,-0.22751915164295408,6.420396639601173,0.08985060259508959,0.0,15.575624483978922,52.64765398907312,11.44038761693286,30.230627407613945,52.16667785957755
23,2,7,7.935483870967742,-0.17780936136774375,-0.21886257359786726,0.041053212230123516,0.0007452164257417919,0.0,15.850689995861293,53.20939229602209,0.22551982391991995,0.3882102802562709,1.8679455747171214
23,2,7,8.225806451612904,-0.19069947986574165,-0.19069947986581887,7.72069300852829e-14,0.0,0.0,15.852923141048814,53.214872127962686,0.07709283928215714,0.18499142840628469,0.07778781577184458
23,2,7,8.516129032258064,-0.1670806889782959,-0.16708068897833905,4.316387438446645e-14,0.0,0.0,15.852897941901327,53.215140516742146,0.06827688129963319,0.1641276432302373,0.06393551083049909
23,2,7,8.806451612903226,-0.1471437655505227,-0.14714376555060985,8.716782417400593e-14,0.0,0.0,15.852880322162662,53.2153824389478,0.0605786171755243,0.14569709912938225,0.053990987132578466
23,2,7,9.096774193548388,-0.1301135830139921,-0.13011358301409576,1.0364930354972435e-13,0.0,0.0,15.852868404586747,53.21560111933732,0.05382836837448084,0.12936209939803087,0.04720674597692484
23,2,7,9.387096774193548,-0.1154046565275181,-0.11540465652766284,1.4473299121686713e-13,0.0,0.0,15.852860793788068,53.21579939095267,0.047882191860446795,0.11483458977409229,0.04293845168357042
23,2,7,9.67741935483871,-0.1025475688388675,-0.1025475688389505,8.300745073935857e-14,0.0,0.0,15.852856481129024,53.21598003352051,0.0426076806538931,0.10185363176721136,0.04050388744437011
23,2,7,9.967741935483872,-0.09111512448060695,-0.09111512448075516,1.4821330360931253e-13,0.0,0.0,15.852854814277947,53.21614639204157,0.037863271076315735,0.09014828781707802,0.03908778050140828
23,2,7,10.258064516129032,-0.08064133502657189,-0.08064133502671156,1.3966253609339064e-13,0.0,0.0,15.852855530160147,53.21630334727037,0.033471486790202204,0.07938175762553101,0.03771153790815616
23,2,7,10.548387096774194,-0.07054112556122111,-0.07054112556136967,1.4856333502809295e-13,0.0,0.0,15.852858829606012,53.2164585031549,0.02919328960867243,0.06908385640951327,0.03528700379596085
23,2,7,10.838709677419356,-0.060060397611593874,-0.060060397611676294,8.241739777627156e-14,0.0,0.0,15.85286543243391,53.216623099049585,0.024719911285770484,0.05859817899319891,0.030801750158961392
23,2,7,11.129032258064516,-0.048310671869314224,-0.04831067186938269,6.846614551345166e-14,0.0,0.0,15.852876499307882,53.21681170406655,0.01970645755929994,0.047094090936819655,0.023708112878119095
23,2,7,11.419354838709678,-0.034458879729702414,-0.034458879729808295,1.0587950373223964e-13,0.0,0.0,15.852893264087935,53.217039383985764,0.013871598361720139,0.03371230078152489,0.014542929396045214
23,2,7,11.70967741935484,-0.01812970157158832,-0.018129701571748487,1.6016437633624426e-13,0.0,0.0,15.85291623492191,53.21731510216648,0.007170518349402614,0.01790813297389092,0.005599713474693914
23,2,7,12.0,0.0,0.0,0.0,0.0,0.0,15.852943976505632,53.217631225762844,0.0,0.0,0.0
24,3,0,3.0,39.02138208571801,-0.0742891629409272,39.09567124865894,1.0,0.0,23.178260544802804,56.938422589442354,545.4080747733359,1524.2045914239434,273.68556521996504
24,3,0,3.2903225806451615,245.51986872916726,-0.0742891629409272,245.59415789210817,1.0,0.0,14.95738956388129,33.99716384954699,401.23198726275456,995.0978221007639,465.95571047009537
24,3,0,3.5806451612903225,293.38432085822564,-0.0742891629409272,293.4586100211666,1.0,0.0,14.660674303161079,39.1230434164041,268.0725795022058,597.8311214131293,334.0612051513686
24,3,0,3.870967741935484,285.2619839168935,-0.0742891629409272,285.3362730798344,1.0,0.0,19.687654599238087,63.6660059681116,288.68921815511084,824.9056761904003,706.6771372528609
24,3,0,4.161290322580645,394.260630323469,-0.0742891629409272,394.33491948640994,1.0,0.0,15.020316501873111,53.777554150777284,264.79130607571363,647.6251611601118,92.57634899475566
24,3,0,4.451612903225806,342.3327710819255,-0.0742891629409272,342.4070602448664,1.0,0.0,11.98236955015095,43.95055185620373,328.08634620069586,788.8131275662355,277.66137512084924
24,3,0,4.741935483870968,319.66370466373405,-0.0742891629409272,319.73799382667494,1.0,0.0,11.97897583030118,41.381666355691664,359.5162124952007,719.3768829147955,55.86014335633783
24,3,0,5.032258064516129,327.06503183411047,-0.0742891629409272,327.13932099705136,1.0,0.0,11.730171390880257,34.230426598446606,275.0649753170387,764.6759453759593,99.0781041986545
24,3,0,5.32258064516129,374.28071536080336,-0.0742891629409272,374.3550045237443,1.0,0.0,11.82577355654592,40.39927485794943,246.27062086489045,698.408800590494,138.6339499517889
24,3,0,5.612903225806452,380.87672437215235,-0.0742891629409272,380.9510135350933,1.0,0.0,11.255594932776036,34.11055908907672,236.99578280841777,741.6725364676375,103.48803075883679
24,3,0,5.903225806451613,319.5939734150547,-0.0742891629409272,319.6682625779956,1.0,0.0,10.987011842126503,31.954645447941772,169.31349132665184,607.9420573456699,244.76416256605015
24,3,0,6.193548387096774,249.13896021485172,-0.0742891629409272,249.21324937779264,1.0,0.0,10.026471083701955,30.48951080156234,179.1527811596872,686.6973832152588,260.1079320960136
24,3,0,6.483870967741936,180.2087914759914,-0.0742891629409272,180.28308063893235,1.0,0.0,9.797155297535424,29.146327307121425,177.72591465956083,654.3091902576908,214.3196294621437
24,3,0,6.774193548387097,115.98962077116461,-0.037257135072600096,116.0268779062372,0.9544432922863288,0.0,10.960122031215363,30.652691645763486,165.94398122145319,584.392002049169,233.3380536475963
24,3,0,7.064516129032258,53.3421489173756,0.12885937149637405,53.21328954587922,0.7225743292299119,0.0,11.965109442928092,36.39342137652561,126.78270676028492,415.21644473852336,182.02683280812315
24,3,0,7.35483870967742,14.811238676269722,0.34078983373068544,14.470448842539035,0.3706487148253638,0.0,13.898299547730224,44.967024365677105,61.12238234099733,200.4730828656155,84.03442244836705
24,3,0,7.645161290322581,1.600576833834959,0.4666896235043895,1.1338872103305695,0.08985060259508786,0.0,15.407391532397185,51.474063933632,13.27551859279571,47.097089760569126,15.179814712226607
24,3,0,7.935483870967742,0.45709809637748144,0.46159629145384695,-0.004498195076365513,0.0007452164257418867,0.0,15.851659453441533,53.21687593745136,0.17138848449553676,0.47558694045606875,0.191065535600628
24,3,0,8.225806451612904,0.4103166748420067,0.41031667484205675,-5.008449557863948e-14,0.0,0.0,15.85498459207054,53.22792896295599,0.13927510107170327,0.5060153854553197,0.12415116132303229
24,3,0,8.516129032258064,0.3644011537883271,0.36440115378847504,-1.4793327847428818e-13,0.0,0.0,15.854764587889653,53.22689006833953,0.12235809656466771,0.4376942605410324,0.10021661038102647
24,3,0,8.806451612903226,0.32361190158168557,0.32361190158175157,-6.600592468430922e-14,0.0,0.0,15.854575278584287,53.225996170316456,0.10778264554336192,0.3793356203702877,0.08229760867931697
24,3,0,9.096774193548388,0.2873519288874104,0.28735192888746575,-5.5364969553384213e-14,0.0,0.0,15.854411639199023,53.225222706553105,0.0951593002253669,0.32921730216541695,0.07016288539732714
24,3,0,9.387096774193548,0.255062658871711,0.25506265887182883,-1.1785057825453028e-13,0.0,0.0,15.854269591135756,53.22454946268291,0.08416536447009859,0.28594470382118725,0.06340279621239084
24,3,0,9.67741935483871,0.22619028655148926,0.22619028655150655,-1.7281551190073686e-14,0.0,0.0,15.854145795211332,53.223958651475776,0.07451277909760333,0.24834771029398015,0.06093785211082373
24,3,0,9.967741935483872,0.20011112952584278,0.20011112952598423,-1.4145269677801053e-13,0.0,0.0,15.854037392507356,53.223432524846444,0.06590682381658095,0.21536143227021448,0.06085831308695848
24,3,0,10.258064516129032,0.17601779753738117,0.17601779753745989,-7.872706653255791e-14,0.0,0.0,15.853941621116828,53.222952529941395,0.05799756441205827,0.18588230335221653,0.060763439751797196
24,3,0,10.548387096774194,0.15279506937195175,0.1527950693720668,-1.1505032690428686e-13,0.0,0.0,15.853855279925622,53.222492721517426,0.0503381927622505,0.15861620679977328,0.058209675476963506
24,3,0,10.838709677419356,0.12895518893824956,0.12895518893832325,-7.368661410211974e-14,0.0,0.0,15.853774113320105,53.22201017892769,0.042379373022604014,0.13197337870560735,0.05116089119450805
24,3,0,11.129032258064516,0.10274622144328384,0.10274622144333564,-5.180464997950329e-14,0.0,0.0,15.853692353359062,53.221485516355905,0.03353960735673113,0.10410765556461711,0.0387267125820226
24,3,0,11.419354838709678,0.07257049571839276,0.07257049571844118,-4.8414345666172864e-14,0.0,0.0,15.853602852724313,53.22088574212395,0.023387872610216368,0.07322614486048787,0.02235461308824786
24,3,0,11.70967741935484,0.037811332684103964,0.03781133268412469,-2.0731860889480757e-14,0.0,0.0,15.853498407315303,53.22020810722297,0.011941969305579126,0.03827638272789557,0.007252690783696505
24,3,0,12.0,0.0,0.0,0.0,0.0,0.0,15.853374881223584,53.21949669302107,0.0,0.0,0.0
25,3,1,3.0,382.0696462585408,2.302944052924839,379.76670220561596,1.0,0.09872172037121811,18.971249572894727,53.06923008433178,363.3436562636943,1149.7326943819132,553.7010683007614
25,3,1,3.2903225806451615,527.2497394876465,0.026371820304363407,527.2233676673422,1.0,0.0,20.830685495149826,63.94156019032646,338.77649451700825,862.7038927558095,462.3020683575934
25,3,1,3.5806451612903225,351.04563891876,0.026371820304363407,351.0192670984556,1.0,0.0,20.57020065097192,57.92077309232366,303.2638234774347,739.3880478646024,446.265541396793
25,3,1,3.870967741935484,252.93886970472846,0.026371820304363407,252.91249788442408,1.0,0.0,15.190068842975966,40.57908804246692,302.89617078430103,732.0011231429892,686.9823181663595
25,3,1,4.161290322580645,233.0639352857707,0.026371820304363407,233.03756346546632,1.0,0.0,10.12261965532884,19.82059306288511,255.3508438536955,1045.1732899665415,80.65822790419728
25,3,1,4.451612903225806,263.28159803217466,0.026371820304363407,263.25522621187025,1.0,0.0,14.800541200603499,33.96592373803066,255.13162772847917,632.223438684022,577.3848661396034
25,3,1,4.741935483870968,330.10717597541344,0.026371820304363407,330.0808041551091,1.0,0.0,14.952024775643963,49.12446025996489,182.9009728895272,583.9488854636617,179.9147178073147
25,3,1,5.032258064516129,342.6331863833322,0.026371820304363407,342.60681456302785,1.0,0.0,16.48195087625369,49.44749944996865,238.18764333991464,580.2860443702351,88.44527996805564
25,3,1,5.32258064516129,359.49384232392146,0.026371820304363407,359.4674705036171,1.0,0.0,14.237471494836328,51.39041125461482,189.39085253047728,492.22104092918966,243.42693314245582
25,3,1,5.612903225806452,380.7429139443822,0.026371820304363407,380.7165421240779,1.0,0.0,10.673192822678747,30.925365006488832,195.4206907991272,653.6798432309392,107.21907033587566
25,3,1,5.903225806451613,342.9193284067685,0.026371820304363407,342.89295658646415,1.0,0.0,10.913024690980723,34.41908471120579,182.41544270741676,627.8697443035059,137.62397385860302
25,3,1,6.193548387096774,299.51098194734067,0.026371820304363407,299.4846101270363,1.0,0.0,11.363990676422073,36.343594923912335,171.82261075431992,580.6701148212277,178.50131908208178
25,3,1,6.483870967741936,235.4067560461967,0.026371820304363407,235.38038422589233,1.0,0.0,11.767663441599241,32.94181762782247,183.7764752905638,518.574261552045,241.8039390711143
25,3,1,6.774193548387097,163.63677374358852,0.0003679863402096976,163.6364057572483,0.9544432922863301,0.0,11.725645274094834,32.59917709243259,177.21010524627394,499.9151573379017,262.1785626144217
25,3,1,7.064516129032258,87.72043131877571,-0.10291667814124095,87.82334799691694,0.7225743292299138,0.0,12.335052117404258,40.169429300700415,119.49379629235264,360.09886580235406,230.6261635610079
25,3,1,7.35483870967742,34.77593122212485,-0.21613974350230236,34.99207096562716,0.3706487148253649,0.0,14.069649292959872,47.57051775455023,51.90696110576991,164.783286134999,138.45232644404433
25,3,1,7.645161290322581,6.746935585372466,-0.2671901504351532,7.014125735807619,0.08985060259508786,0.0,15.458429985105798,52.11637504254192,12.153506447446514,39.2879206799676,56.001645835289025
25,3,1,7.935483870967742,-0.20067810514230722,-0.2464941125624433,0.045816007420136085,0.0007452164257418806,0.0,15.849739221028091,53.2129455786107,0.26059399012883144,0.6622303713858572,2.0331197981221703
25,3,1,8.225806451612904,-0.20721633114034427,-0.20721633114044333,9.904889061718159e-14,0.0,0.0,15.852544248300257,53.21393272657293,0.1190798322783844,0.3442278783832204,0.12803206288286226
25,3,1,8.516129032258064,-0.17531441358159552,-0.17531441358162672,3.120280075985527e-14,0.0,0.0,15.852574464255387,53.21433571257678,0.1046232331328896,0.3004978569226375,0.1033151045685334
25,3,1,8.806451612903226,-0.14923264700227132,-0.14923264700239022,1.18910673408551e-13,0.0,0.0,15.852603924176131,53.21469853949912,0.09213205695000949,0.263031776381299,0.08415560490404199
25,3,1,9.096774193548388,-0.12767463304933796,-0.12767463304937363,3.566320112488586e-14,0.0,0.0,15.85263201211868,53.2150242158795,0.08127651572158895,0.2307030829270242,0.06930052069803574
25,3,1,9.387096774193548,-0.10966836448901233,-0.10966836448913574,1.2341107736429935e-13,0.0,0.0,15.852658430022572,53.21531640005339,0.07178722980065647,0.2026176926668196,0.05786476943634805
25,3,1,9.67741935483871,-0.09445925055391051,-0.09445925055400296,9.244829814875067e-14,0.0,0.0,15.852683131071657,53.21557951973217,0.06342974180758143,0.17802879223474738,0.049180723268987384
25,3,1,9.967741935483872,-0.08141840697066813,-0.08141840697076762,9.948893011507699e-14,0.0,0.0,15.852706332051318,53.21581941841987,0.055972656209456184,0.15624060728233205,0.042631841624621594
25,3,1,10.258064516129032,-0.06995855840511209,-0.0699585584051194,7.320657101350658e-15,0.0,0.0,15.852728595142992,53.21604439236821,0.04914850393888173,0.136494204092098,0.037485883000215846
25,3,1,10.548387096774194,-0.05946245039655715,-0.05946245039658006,2.2912056583598852e-14,0.0,0.0,15.85275093970456,53.216266184697204,0.04261474468180864,0.11784956600590496,0.03282733946872974
25,3,1,10.838709677419356,-0.049244292299877965,-0.04924429229993479,5.6825100614582574e-14,0.0,0.0,15.852774897475786,53.21650009788128,0.03593412563638475,0.09911009958184214,0.027699096190314784
25,3,1,11.129032258064516,-0.038579881503398444,-0.038579881503376816,-2.1631941680630428e-14,0.0,0.0,15.852802371780351,53.216763009861445,0.028605594185440775,0.07887136644692017,0.021451919212897783
25,3,1,11.419354838709678,-0.026847937064906763,-0.02684793706488846,-1.8301642753376647e-14,0.0,0.0,15.85283513092053,53.217068009523786,0.02018230832575057,0.05579873372783937,0.014170909532998084
25,3,1,11.70967741935484,-0.013810215351171998,-0.013810215351199511,2.7512469516141613e-14,0.0,0.0,15.852873809664137,53.21741506949067,0.01050099653288177,0.029218891312562043,0.0068263776240378065
25,3,1,12.0,0.0,0.0,0.0,0.0,0.0,15.852916493475112,53.21777935599934,0.0,0.0,0.0
26,3,2,3.0,-97.120267506494,1.199445940343402,-98.3197134468374,1.0,0.051808035922376594,25.90362384892873,85.71874658707553,517.1194842490621,1162.3571003004674,1381.468234952876
26,3,2,3.2903225806451615,213.86980732746417,2.9040642555076612,210.9657430719565,1.0,0.12572743555223106,21.57527563444297,60.458265341933036,433.3815115959504,887.0730587278144,1637.1952954902154
26,3,2,3.5806451612903225,390.0107376582673,13.500688301364644,376.5100493569027,1.0,0.5852414983807466,17.105824469907652,48.91767217018695,341.1372118702171,843.2530168652746,1038.3469515287413
26,3,2,3.870967741935484,389.08266489797927,7.633715625106352,381.4489492728729,1.0,0.3308249559702051,19.197218381695926,59.138027276035146,359.13635043254027,1151.3490387430345,576.2830255974616
26,3,2,4.161290322580645,387.49936243598285,0.06661376423369104,387.4327486717492,1.0,0.0026836814586958034,18.433882165978858,50.15861377779361,358.6040810318838,795.2498233507425,304.2554737744044
26,3,2,4.451612903225806,285.3427755217971,0.0047267279554364695,285.33804879384166,1.0,0.0,16.74493067341374,56.577167809849975,371.8550576498157,923.2326598029309,339.0615493570642
26,3,2,4.741935483870968,351.6699860125703,0.0047267279554364695,351.6652592846149,1.0,0.0,15.819544926226715,52.090140256513436,326.0878750178804,801.4417662184846,372.70953519206716
26,3,2,5.032258064516129,392.76898062562105,0.0047267279554364695,392.76425389766564,1.0,0.0,12.367544211885749,44.66715014781317,258.31294395720954,681.8684778368752,249.2051307748498
26,3,2,5.32258064516129,365.14379462206443,0.0047267279554364695,365.139067894109,1.0,0.0,8.947540899729718,32.48793912022792,244.09490130463337,838.3952739974786,125.58305212295996
26,3,2,5.612903225806452,374.32965428548755,0.0047267279554364695,374.32492755753213,1.0,0.0,9.608422521020543,23.225767126884662,186.40391095204254,741.0324797950864,78.16646258116224
26,3,2,5.903225806451613,325.20213088605743,0.0047267279554364695,325.197404158102,1.0,0.0,10.57627318279025,28.97912277645198,174.63036509564907,679.7081059039039,155.0122547992645
26,3,2,6.193548387096774,276.38861333276805,0.0047267279554364695,276.38388660481263,1.0,0.0,10.028441291490338,23.507625819115823,201.1160819276527,712.352787754483,255.91540137782138
26,3,2,6.483870967741936,190.09034470914764,0.0047267279554364695,190.08561798119223,1.0,0.0,9.788936198971303,26.933636937378054,197.69863939861935,701.2955552208829,259.5193453035904
26,3,2,6.774193548387097,133.9576342634303,-0.012078084788817266,133.9697123482191,0.9544432922863288,0.0,9.609505016653618,27.298896313301455,182.3571359585454,677.502739608225,187.1649589546106
26,3,2,7.064516129032258,74.51310776201753,-0.07466595826509172,74.58777372028261,0.7225743292299108,0.0,11.046396600394898,32.57242061796734,139.87359007990204,506.83071650036493,200.7799161466507
26,3,2,7.35483870967742,26.404679256759387,-0.1362460657666025,26.54092532252599,0.3706487148253638,0.0,13.433181870256558,42.92120749807467,69.38289809107546,250.2235602907773,121.29736603601502
26,3,2,7.645161290322581,4.02226952744574,-0.15635090666961532,4.178620434115356,0.08985060259508726,0.0,15.309607672445733,50.88092580067303,15.909682727055515,56.23721548647208,37.58367555606569
26,3,2,7.935483870967742,-0.11765220601158122,-0.1362511691889171,0.01859896317733588,0.0007452164257415766,0.0,15.848904311466299,53.202421046034296,0.18913474857109702,0.5269223537146532,0.8059458602800887
26,3,2,8.225806451612904,-0.10865985211899949,-0.10865985211898468,-1.480132856557237e-14,0.0,0.0,15.852425505193233,53.220072296324396,0.11137331023142423,0.3298537203196361,0.11189851560806918
26,3,2,8.516129032258064,-0.08706720816983778,-0.08706720816989486,5.707512305656859e-14,0.0,0.0,15.852489281263965,53.21991510590791,0.09770238229087762,0.2911496819895897,0.09075736344352878
26,3,2,8.806451612903226,-0.07006783433539422,-0.07006783433541344,1.92217253398852e-14,0.0,0.0,15.852545465686214,53.219780433174435,0.08588871694374063,0.25732055178220314,0.07429289052875612
26,3,2,9.096774193548388,-0.056562655581317046,-0.056562655581345704,2.8652571851597865e-14,0.0,0.0,15.852594859189983,53.21966354813518,0.07562259124994494,0.22763713171777297,0.06128699882918777
26,3,2,9.387096774193548,-0.04574126836623985,-0.04574126836621949,-2.0361827675341448e-14,0.0,0.0,15.852638254218565,53.21956095304707,0.06665127121867435,0.20148006426136186,0.050881968425123804
26,3,2,9.67741935483871,-0.036994250023412584,-0.03699425002335815,-5.443488606919622e-14,0.0,0.0,15.85267643421302,53.21946989862542,0.05875577600239353,0.1782873885525343,0.04246282305365046
26,3,2,9.967741935483872,-0.029848980866520235,-0.029848980866493686,-2.654738289007558e-14,0.0,0.0,15.852710223604461,53.21938785976016,0.05172206626111128,0.1574784330267682,0.035566705129591855
26,3,2,10.258064516129032,-0.023922845672376115,-0.023922845672350992,-2.5122254970755266e-14,0.0,0.0,15.852740584342524,53.21931189009926,0.04530546002247843,0.13835330126497672,0.02980761425640345
26,3,2,10.548387096774194,-0.018892477789862472,-0.01889247778983214,-3.033272266174392e-14,0.0,0.0,15.852768728201445,53.2192378941612,0.03919447348519352,0.1199892319591954,0.02481872604932576
26,3,2,10.838709677419356,-0.014480890482269736,-0.01448089048225358,-1.6156450201136596e-14,0.0,0.0,15.85279617698161,53.21916005505274,0.03299094847619434,0.10118733381651444,0.020226285880498525
26,3,2,11.129032258064516,-0.010464919741625714,-0.010464919741547115,-7.859955508714503e-14,0.0,0.0,15.85282466583235,53.219070903265965,0.026234662910391907,0.08055742356070075,0.015667091196988947
26,3,2,11.419354838709678,-0.006702387456868092,-0.006702387456864442,-3.6503276529958885e-15,0.0,0.0,15.852855769784195,53.21896271096848,0.018506802566310793,0.05684656688651153,0.010844382463003375
26,3,2,11.70967741935484,-0.00317107592834347,-0.0031710759283968414,5.337166563465067e-14,0.0,0.0,15.852890174811302,53.218830855162075,0.009637339704508691,0.02958596188828782,0.0056021416968675235
26,3,2,12.0,0.0,0.0,0.0,0.0,0.0,15.852926663007812,53.21867919028875,0.0,0.0,0.0
27,3,3,3.0,253.1251028983781,-0.03833281722859464,253.16343571560668,1.0,0.0,18.481498469010482,54.348418103349964,423.29466019704176,1277.6729720574965,1622.3449363751288
27,3,3,3.2903225806451615,294.2473110383733,-0.03833281722859464,294.2856438556019,1.0,0.0,15.59899970506585,35.2185962700007,375.33343091917175,725.1478451018036,662.1376779571821
27,3,3,3.5806451612903225,421.8583167093145,-0.03833281722859464,421.89664952654306,1.0,0.0,20.59112377410008,56.6501336279721,379.78044314893214,889.1540161180077,263.09841230089864
27,3,3,3.870967741935484,287.2991742379176,-0.03833281722859464,287.3375070551462,1.0,0.0,16.51344418707439,48.48714502803756,289.4702904589002,690.289695247711,537.4777271628158
27,3,3,4.161290322580645,284.52065021110855,-0.03833281722859464,284.55898302833714,1.0,0.0,13.05081638586534,29.987058464279066,313.01373057356034,795.533821197851,320.56469598484824
27,3,3,4.451612903225806,320.84298027824815,-0.03833281722859464,320.88131309547674,1.0,0.0,17.230912192080588,45.3497233734229,327.07500508293316,671.6197325656972,144.44299974284104
27,3,3,4.741935483870968,380.9268029874442,-0.03833281722859464,380.96513580467274,1.0,0.0,14.241800204288051,42.09285154595862,293.97051929697005,642.2458577382475,116.66416563022486
27,3,3,5.032258064516129,384.9437497070567,-0.03833281722859464,384.98208252428526,1.0,0.0,11.898969360257452,35.60887978115146,265.44876248335936,514.4951915388074,41.30026556102827
27,3,3,5.32258064516129,387.340003984744,-0.03833281722859464,387.3783368019726,1.0,0.0,9.706795285484828,30.900343587686184,260.0602186004276,776.3490885677575,55.76943721662988
27,3,3,5.612903225806452,393.0021280388066,-0.03833281722859464,393.04046085603517,1.0,0.0,8.405399259194319,22.437489925464238,248.1554184859975,854.1206526265184,26.82519022081611
27,3,3,5.903225806451613,351.4437948191998,-0.03833281722859464,351.4821276364284,1.0,0.0,9.792183651045411,25.49548058899222,198.91651732865805,673.7211314033018,244.69046857353806
27,3,3,6.193548387096774,276.7557363249079,-0.03833281722859464,276.7940691421365,1.0,0.0,9.379933428080037,26.063347143472242,213.79649841797496,817.2465413256004,250.48379584717173
27,3,3,6.483870967741936,204.55065205194882,-0.03833281722859464,204.58898486917744,1.0,0.0,9.880426024268148,25.74837001525867,215.16666941150785,799.1039933217478,250.49540025949645
27,3,3,6.774193548387097,128.38878769678,-0.025132291708259234,128.41391998848826,0.9544432922863296,0.0,10.649767501832182,27.0220041334337,202.2180657759375,725.8980510321372,271.09507486681787
27,3,3,7.064516129032258,57.83313545584566,0.038857808250213476,57.79427764759544,0.7225743292299128,0.0,11.585446150657793,34.157283982356645,142.958803850253,490.8879132236129,202.5854279030816
27,3,3,7.35483870967742,15.313104208658766,0.12746423277524746,15.185639975883518,0.3706487148253638,0.0,13.705555390853686,44.513026599977124,65.73232720545019,222.45901721989802,89.35251044811929
27,3,3,7.645161290322581,1.5142910855614387,0.1865770748425938,1.3277140107188448,0.08985060259508726,0.0,15.387405179680865,51.483922916845636,13.20950733643283,47.52656129080737,15.954211924943081
27,3,3,7.935483870967742,0.19169773452683045,0.19187334033469047,-0.00017560580786002552,0.0007452164257415766,0.0,15.85086478311849,53.21693605982307,0.13697961153241198,0.3853372436677159,0.12574316391506157
27,3,3,8.225806451612904,0.17559550842225188,0.17559550842232313,-7.126639686369508e-14,0.0,0.0,15.853865096321883,53.22638585659534,0.10613998032669661,0.345948568647262,0.10698575077667342
27,3,3,8.516129032258064,0.1598383223090241,0.15983832230898914,3.494313649196612e-14,0.0,0.0,15.853777774362161,53.2255177963905,0.09333095873506883,0.30300378280832924,0.09091294218724948
27,3,3,8.806451612903226,0.14499304819713296,0.1449930481971969,-6.394573976234441e-14,0.0,0.0,15.85370159425799,53.224769546772094,0.0822464305676693,0.2658006910191796,0.07806776338713267
27,3,3,9.096774193548388,0.13115835519123153,0.13115835519130298,-7.1446413021925e-14,0.0,0.0,15.853634884083428,53.22412122806578,0.07260599707440242,0.2334177128421161,0.06797135552805267
27,3,3,9.387096774193548,0.11835040380168954,0.11835040380173675,-4.7204237046960534e-14,0.0,0.0,15.853576234768948,53.223556492333,0.0641779798304652,0.20509368360086241,0.06022919794531686
27,3,3,9.67741935483871,0.10651406776118079,0.10651406776116432,1.6481479375718424e-14,0.0,0.0,15.853524408824848,53.223061159217444,0.056757561853006934,0.18016869553757084,0.054423438393015305
27,3,3,9.967741935483872,0.09550498968726348,0.0955049896873592,-9.570859079224837e-14,0.0,0.0,15.853478201453328,53.22262149533197,0.050137863996135484,0.15800602597878027,0.0499817753541905
27,3,3,10.258064516129032,0.0850448099557559,0.08504480995578928,-3.338299645397336e-14,0.0,0.0,15.853436240979269,53.22222209471165,0.04407381101341818,0.13789010102673102,0.046070342088603444
27,3,3,10.548387096774194,0.07466497885185841,0.07466497885193088,-7.246650458522797e-14,0.0,0.0,15.853396752049708,53.22184374894796,0.03824735399519439,0.11891514942947667,0.041607332256618515
27,3,3,10.838709677419356,0.0636757024122398,0.0636757024122735,-3.3703025179715466e-14,0.0,0.0,15.853357367663714,53.22146231504124,0.03225441404117359,0.09990991667731884,0.03548636041380212
27,3,3,11.129032258064516,0.05122048253721197,0.051220482537228905,-1.69415206689727e-14,0.0,0.0,15.853315154161933,53.22105024023954,0.02564369836163106,0.07947910676987507,0.027048409148567782
27,3,3,11.419354838709678,0.036491004926327376,0.0364910049264468,-1.194257196390422e-13,0.0,0.0,15.85326707714502,53.22058273953467,0.018037095188881205,0.05626630246846918,0.01676772400066007
27,3,3,11.70967741935484,0.01915944088639172,0.019159440886370133,2.1586937641072947e-14,0.0,0.0,15.85321112872185,53.22005003374988,0.009340549512326964,0.029527184363255788,0.006877511830069479
27,3,3,12.0,0.0,0.0,0.0,0.0,0.0,15.853148163668436,53.21947459222182,0.0,0.0,0.0
28,3,4,3.0,316.6361907349169,0.06325241647707232,316.5729383184398,1.0,0.0,21.599269080878308,59.053620002502626,447.5076371457419,1014.8621263176965,460.16066245999576
28,3,4,3.2903225806451615,357.5226656914082,0.06535120791142629,357.45731448349676,1.0,9.101239931284963e-05,27.038385374133092,91.08974964238993,457.40286501953085,1613.7211250814983,365.7397917533314
28,3,4,3.5806451612903225,269.62249975439727,0.06325241647707232,269.55924733792017,1.0,0.0,27.112348554675286,98.11637617913175,452.55736764681126,1497.0210887317157,490.50215945246515
28,3,4,3.870967741935484,310.9368265916788,0.06325241647707232,310.8735741752017,1.0,0.0,13.893687976565918,37.84525290165323,291.0078948063331,531.9258520660482,293.9012239182155
28,3,4,4.161290322580645,396.4254105631938,0.06325241647707232,396.3621581467167,1.0,0.0,12.250327034953425,27.874098406900384,304.2466716437131,789.9727131655588,235.7453687324309
28,3,4,4.451612903225806,437.89104972367414,0.06325241647707232,437.82779730719705,1.0,0.0,17.150795208070257,49.034924075254864,317.48598641770127,835.4959789136823,198.4798025965848
28,3,4,4.741935483870968,390.89787073442494,0.06325241647707232,390.8346183179479,1.0,0.0,15.820357209588744,49.679566589349136,250.0483445587561,585.3299943165198,139.25156530054494
28,3,4,5.032258064516129,370.0383292220872,0.06325241647707232,369.9750768056101,1.0,0.0,8.278817798628276,20.846376291930273,260.721741264329,852.1100115121966,91.58694017592535
28,3,4,5.32258064516129,376.91765620723226,0.06325241647707232,376.85440379075516,1.0,0.0,9.166800953642824,23.523138041280333,228.82320072541475,793.1799223167517,28.869951131047966
28,3,4,5.612903225806452,388.3852475821569,0.06325241647707232,388.3219951656799,1.0,0.0,8.779263849800076,21.202417402785276,248.8262862338932,931.9305489398132,32.79929367548339
28,3,4,5.903225806451613,351.6166652005212,0.06325241647707232,351.5534127840441,1.0,0.0,9.511258763499555,26.35012905753152,207.45981002596136,667.4046505746156,215.03169630046312
28,3,4,6.193548387096774,286.75539205003787,0.06325241647707232,286.69213963356077,1.0,0.0,10.211613165845485,29.94790088684982,195.2784668033413,645.2950903767507,181.78892446538802
28,3,4,6.483870967741936,237.56196238341118,0.06325241647707232,237.49870996693411,1.0,0.0,11.31889220729327,32.45727640658343,193.2746392582392,667.4060960185473,195.63341006939612
28,3,4,6.774193548387097,163.84760135026997,0.02938851459137499,163.8182128356786,0.9544432922863301,0.0,11.322074043659855,35.38340297613713,160.57326874901452,559.4269469786428,274.6416615514551
28,3,4,7.064516129032258,86.47821754651463,-0.11576025823959794,86.59397780475422,0.7225743292299138,0.0,12.553358950383274,40.06607837498571,106.02315871154825,328.6896734452599,244.41065572504894
28,3,4,7.35483870967742,29.73829597624072,-0.29255425629733467,30.030850232538057,0.3706487148253649,0.0,14.20285741656358,47.894532526703955,54.37554508290681,163.86878764700842,141.44157154470753
28,3,4,7.645161290322581,4.14677560135964,-0.3912715466441985,4.538047148003839,0.08985060259508786,0.0,15.45520937854062,52.115869737773025,12.548003351012905,40.29190943709281,41.550290029432574
28,3,4,7.935483870967742,-0.36001976497576516,-0.3806961899111919,0.020676424935426773,0.0007452164257417919,0.0,15.848914236137247,53.20177166043477,0.19973816210028522,0.6142047925542369,0.9431838094767508
28,3,4,8.225806451612904,-0.3344596252753333,-0.3344596252753174,-1.5881425514951975e-14,0.0,0.0,15.852287918311996,53.21005608254098,0.110014182969932,0.3472950512385144,0.09735684051492875
28,3,4,8.516129032258064,-0.29472179635396617,-0.29472179635395934,-6.800610422019738e-15,0.0,0.0,15.85233295155048,53.210735117022814,0.09753401957119923,0.3056712881994156,0.0780294641681887
28,3,4,8.806451612903226,-0.26051200261361535,-0.26051200261351426,-1.0108907374378751e-13,0.0,0.0,15.85237538786975,53.21134671614336,0.08661629088815608,0.26938053595975525,0.06494566723187513
28,3,4,9.096774193548388,-0.23082763769366105,-0.23082763769356202,-9.904889061718159e-14,0.0,0.0,15.852415156005023,53.21189815588215,0.07702252465261941,0.237583641451491,0.057358767147948485
28,3,4,9.387096774193548,-0.2048743168017486,-0.20487431680162105,-1.2757145079894672e-13,0.0,0.0,15.852452343907936,53.21239657639671,0.06855198839568427,0.20959016298971417,0.05423982221432015
28,3,4,9.67741935483871,-0.1819790111687583,-0.18197901116866647,-9.184824428798422e-14,0.0,0.0,15.852487264420095,53.21284994698885,0.061021698734473065,0.1848030800460226,0.05409245522922529
28,3,4,9.967741935483872,-0.16148867354628516,-0.1614886735462003,-8.484761591237567e-14,0.0,0.0,15.852520621624208,53.213268906838046,0.054237591774440104,0.16264330162104743,0.05513259529156676
28,3,4,10.258064516129032,-0.14264776625927444,-0.14264776625914327,-1.3117177396354542e-13,0.0,0.0,15.852553761055622,53.21366935174625,0.0479565808779941,0.14244551529593297,0.055504079253414225
28,3,4,10.548387096774194,-0.12447251499640669,-0.12447251499640924,2.5602298059368424e-15,0.0,0.0,15.852588914092994,53.214074947604686,0.041848452233882324,0.12333616408690076,0.05337829473452021
28,3,4,10.838709677419356,-0.10567613899778848,-0.10567613899766991,-1.1857064288745e-13,0.0,0.0,15.852629243507977,53.2145177803225,0.03547994307188268,0.10413673312739281,0.0471730187999189
28,3,4,11.129032258064516,-0.08474000354224585,-0.08474000354211059,-1.352621411144367e-13,0.0,0.0,15.852678394043949,53.215034389108965,0.02835533869157718,0.08337582836918754,0.036148808698463146
28,3,4,11.419354838709678,-0.06025114088258648,-0.06025114088254984,-3.6633288199791613e-14,0.0,0.0,15.852739217488367,53.21565410402476,0.020048005499836503,0.05952667914457233,0.02145231245211373
28,3,4,11.70967741935484,-0.03160054961923639,-0.03160054961917479,-6.159552880767583e-14,0.0,0.0,15.852811497997228,53.216378023458034,0.010435471221219413,0.03158331817413804,0.007355626704287776
28,3,4,12.0,0.0,0.0,0.0,0.0,0.0,15.852889044415406,53.217151855526154,0.0,0.0,0.0
29,3,5,3.0,889.9070717708711,345.9655458910202,543.9415258798508,1.0,15.000456056324314,44.336525316992365,162.17342760785536,943.0799792462722,3645.5797399429757,5448.151233964023
29,3,5,3.2903225806451615,447.5309662225892,30.47299169970504,417.05797452288414,1.0,1.319375672494165,20.24221168513062,53.395659386230726,423.1160398105177,883.7856397709196,1178.1158111749714
29,3,5,3.5806451612903225,272.5199301280288,0.047529004153347446,272.47240112387544,1.0,0.0,16.56526291279973,65.1581783213953,351.2751458145484,781.5263330007115,210.76976572650895
29,3,5,3.870967741935484,219.97603395937108,0.047529004153347446,219.9285049552177,1.0,0.0,17.584957492536056,58.05698911807741,344.4271155251265,698.6814267469945,424.0901401040927
29,3,5,4.161290322580645,202.3096079033545,0.047529004153347446,202.26207889920116,1.0,0.0,9.956439147051544,28.35754403829365,295.363549734333,905.4093316972356,227.85503277025038
29,3,5,4.451612903225806,274.0521107281711,0.047529004153347446,274.0045817240178,1.0,0.0,12.445747860156098,29.120741211205036,227.88797417738587,690.2057344069946,48.737273309490575
29,3,5,4.741935483870968,314.7748271301112,0.047529004153347446,314.7272981259578,1.0,0.0,17.75473545212941,44.33313654227649,256.8949088793646,527.8931102229989,548.1687382339512
29,3,5,5.032258064516129,402.4698933393749,0.047529004153347446,402.4223643352215,1.0,0.0,18.236501469787306,55.01010405325469,262.7644851795733,567.9900307102529,148.4105837959072
29,3,5,5.32258064516129,331.5328329451018,0.047529004153347446,331.4853039409484,1.0,0.0,12.992417001018419,41.02750825203616,199.68719892822998,605.2956541540785,293.0981252576283
29,3,5,5.612903225806452,311.8482914552263,0.047529004153347446,311.8007624510729,1.0,0.0,10.635881871186175,25.160366871861864,222.1948068677609,770.2672666419061,51.78922764729276
29,3,5,5.903225806451613,326.0965981509317,0.047529004153347446,326.0490691467783,1.0,0.0,9.237948023539104,25.562903885969288,202.44247520277608,753.9161850790828,96.86935388800407
29,3,5,6.193548387096774,279.8517238461681,0.047529004153347446,279.80419484201474,1.0,0.0,10.02229800040821,31.349655443753225,191.5627139785907,733.4924306651365,199.43571138143193
29,3,5,6.483870967741936,218.3246837659712,0.047529004153347446,218.27715476181783,1.0,0.0,9.433885062383068,29.07162917407179,212.90197512629686,814.8729323923276,189.81564811504003
29,3,5,6.774193548387097,162.47368982217264,0.008895507938917403,162.46479431423373,0.9544432922863293,0.0,9.513506579142152,27.485940489307424,216.22024209388292,796.5544052450961,228.7930087579329
29,3,5,7.064516129032258,94.64966310057493,-0.1488177737596043,94.79848087433453,0.7225743292299119,0.0,10.979055013498517,32.63735968464059,161.74291329931833,564.3547119463911,217.51180033290223
29,3,5,7.35483870967742,38.80250361396049,-0.32842680365986393,39.130930417620355,0.3706487148253649,0.0,13.480786202200722,43.818758307450835,69.79803425152247,244.2148280176568,159.58053320687722
29,3,5,7.645161290322581,6.656478505541221,-0.4163407702674877,7.072819275808708,0.08985060259508786,0.0,15.365577840568358,51.26525503875974,15.168082185639202,52.83809863311599,59.70792118424356
29,3,5,7.935483870967742,-0.3508091115695194,-0.39124848415477764,0.040439372585258294,0.0007452164257417919,0.0,15.848988009775018,53.2024271174902,0.24784242150008906,0.6286251302969258,1.7774777836130318
29,3,5,8.225806451612904,-0.33409671024661747,-0.33409671024651316,-1.0432936459192632e-13,0.0,0.0,15.852216012761124,53.21463240666142,0.11307351869895456,0.32217874860772117,0.11545131331766685
29,3,5,8.516129032258064,-0.28671388049667396,-0.2867138804966368,-3.712333218608421e-14,0.0,0.0,15.852275287684853,53.21502715908383,0.0991883358643861,0.279849523856827,0.08521697775996233
29,3,5,8.806451612903226,-0.24722622374063793,-0.24722622374061562,-2.2322003620511843e-14,0.0,0.0,15.85233143320184,53.21536827106287,0.08721677076734993,0.2436740975926267,0.06240546713440792
29,3,5,9.096774193548388,-0.21399029192959199,-0.2139902919294848,-1.0720962312360527e-13,0.0,0.0,15.85238382752235,53.21566454083012,0.07683529081640057,0.21254950986405605,0.04595650969521245
29,3,5,9.387096774193548,-0.18575333722609738,-0.18575333722604184,-5.552498391625527e-14,0.0,0.0,15.852432278225095,53.215923152656565,0.0677804794837636,0.18560016433508178,0.03556476589237772
29,3,5,9.67741935483871,-0.16151815027197958,-0.16151815027194047,-3.910350992661349e-14,0.0,0.0,15.852476927767242,53.21615022683339,0.05982367954462598,0.1621012567475352,0.03098584774848234
29,3,5,9.967741935483872,-0.14041779406432217,-0.14041779406427685,-4.530406648786678e-14,0.0,0.0,15.852518279790804,53.216351517983874,0.05273960639489196,0.14139346400389224,0.030635310292157766
29,3,5,10.258064516129032,-0.12159117109524109,-0.12159117109514891,-9.216827301372632e-14,0.0,0.0,15.852557332650267,53.216533327367756,0.04626828847553699,0.12278121000808326,0.03165788559562944
29,3,5,10.548387096774194,-0.10407140914348478,-0.10407140914336446,-1.2033080087903158e-13,0.0,0.0,15.852595760697943,53.21670352636988,0.04007839951116286,0.10542467299921511,0.03145623946727849
29,3,5,10.838709677419356,-0.08672669746161989,-0.08672669746147633,-1.435528852906931e-13,0.0,0.0,15.852636011705007,53.216872319187026,0.03375184660628755,0.08826348436140877,0.028328827577441984
29,3,5,11.129032258064516,-0.06832079145845232,-0.06832079145843314,-1.9181721749167437e-14,0.0,0.0,15.85268110802463,53.21705205354409,0.026819444734197548,0.07004187124567195,0.021667323064957063
29,3,5,11.419354838709678,-0.047773482139934195,-0.04777348213986945,-6.474581157669967e-14,0.0,0.0,15.852733892456166,53.21725514896332,0.018877699160536547,0.04952677861998559,0.012501646214849237
29,3,5,11.70967741935484,-0.024674664267658467,-0.02467466426754806,-1.1040991038102633e-13,0.0,0.0,15.852795523888307,53.217489294115225,0.009798770104447184,0.025997581640542212,0.004306941851545586
29,3,5,12.0,0.0,0.0,0.0,0.0,0.0,15.85286332392038,53.21774985794618,0.0,0.0,0.0
30,3,6,3.0,174.0344317109394,0.044919886275154926,173.98951182466425,1.0,0.0,16.485423538748577,37.659900991544134,377.304350642959,972.6517071392753,265.822623673291
30,3,6,3.2903225806451615,289.11521038678137,0.044919886275154926,289.07029050050625,1.0,0.0,27.094248011161493,86.00498848637847,451.7523832486409,1797.130501785493,1818.1030665535322
30,3,6,3.5806451612903225,334.470274355661,0.044919886275154926,334.4253544693858,1.0,0.0,18.213173440973172,59.0032925264397,316.28636868684214,969.5580004143354,376.93998832756085
30,3,6,3.870967741935484,330.8447391065402,0.044919886275154926,330.799819220265,1.0,0.0,14.759182221730228,59.82631744120093,249.21908233573407,623.9204741002218,178.33293134059093
30,3,6,4.161290322580645,299.5764193505942,0.044919886275154926,299.53149946431904,1.0,0.0,12.976248696916524,39.44631665208017,254.78854805438206,667.9953601704563,176.39686526449728
30,3,6,4.451612903225806,295.366965506716,0.044919886275154926,295.32204562044086,1.0,0.0,13.761340853965342,44.546179753333455,277.76328433107597,624.3168682036405,219.91660646211812
30,3,6,4.741935483870968,383.42731479306326,0.044919886275154926,383.3823949067881,1.0,0.0,10.688975137093319,38.09482293325077,230.16943342714887,595.8596551882133,123.94315734987963
30,3,6,5.032258064516129,408.8547904747503,0.044919886275154926,408.8098705884752,1.0,0.0,9.242996709751715,23.206730935446846,242.55872756179994,764.01439822359,139.04485725990608
30,3,6,5.32258064516129,410.65928687128894,0.044919886275154926,410.61436698501376,1.0,0.0,10.663186891846472,22.641675917656364,277.45534772602673,890.0514730445819,76.76777108753491
30,3,6,5.612903225806452,372.40401503250393,0.044919886275154926,372.35909514622875,1.0,0.0,9.465303332650718,27.62891153493481,220.3704264903244,781.0444097410617,214.98672797911004
30,3,6,5.903225806451613,314.24769978761947,0.044919886275154926,314.20277990134434,1.0,0.0,9.850627504478897,31.80220868078758,213.08059229333924,698.380088132479,180.97515153042946
30,3,6,6.193548387096774,279.62162397462106,0.044919886275154926,279.57670408834593,1.0,0.0,9.267773473577124,26.760394708170207,197.62782681433097,713.3481378483999,85.01688588075085
30,3,6,6.483870967741936,238.53932190894386,0.044919886275154926,238.4944020226687,1.0,0.0,10.072441963249783,28.277885392992232,203.2534628612843,733.7300119520206,172.04490688099864
30,3,6,6.774193548387097,168.94013199324667,0.01559666378334285,168.92453532946334,0.9544432922863296,0.0,11.296945495955493,31.939447246510323,165.47865912890995,545.0928385043251,274.72731517850406
30,3,6,7.064516129032258,90.98773279925912,-0.1068078582405356,91.09454065749966,0.7225743292299138,0.0,12.548151751424,39.7000369251894,103.04246064069181,329.68931387277405,248.12193601383484
30,3,6,7.35483870967742,32.57471209871374,-0.250752216707396,32.82546431542114,0.3706487148253649,0.0,14.22185020603936,47.54972422749648,51.519944714735914,160.20596818614018,147.8930638729582
30,3,6,7.645161290322581,5.04744051614177,-0.32600923759997935,5.37344975374175,0.08985060259508786,0.0,15.474205206283537,52.093253758624876,12.184111570670849,37.70740270099585,47.37165669313233
30,3,6,7.935483870967742,-0.28454641077119514,-0.31145298038683045,0.026906569615635305,0.0007452164257417919,0.0,15.849401302496963,53.209257265715365,0.20911896629003243,0.614149828226472,1.2120596276092404
30,3,6,8.225806451612904,-0.2695903154704937,-0.26959031547049905,5.360481156180263e-15,0.0,0.0,15.852678733636713,53.214109609153034,0.11426424269986497,0.3507167029227013,0.11122512362939577
30,3,6,8.516129032258064,-0.2343441611227986,-0.23434416112284678,4.820432681490461e-14,0.0,0.0,15.852684882731594,53.214496487195916,0.1009354756871996,0.30747247264156446,0.08947415550542266
30,3,6,8.806451612903226,-0.2045610058085126,-0.20456100580847214,-4.048363380637632e-14,0.0,0.0,15.852693989816132,53.21483624629437,0.08933668561997696,0.27013656099580813,0.07317421120446888
30,3,6,9.096774193548388,-0.17916466142766893,-0.17916466142768772,1.8801687637348687e-14,0.0,0.0,15.852704928944371,53.21513614215394,0.07919149540376239,0.23769395527338158,0.061439204299164024
30,3,6,9.387096774193548,-0.15732007317027774,-0.15732007317033841,6.068544711884671e-14,0.0,0.0,15.852716954283384,53.215402038942585,0.07027058927340069,0.20933097439537854,0.053566145107289145
30,3,6,9.67741935483871,-0.13834496286773224,-0.13834496286772002,-1.2201095168917764e-14,0.0,0.0,15.852729658210219,53.21563882614999,0.062369410857987743,0.18436030218395777,0.04878839107628351
30,3,6,9.967741935483872,-0.12161886585724138,-0.12161886585719221,-4.9164412992130926e-14,0.0,0.0,15.852743012290304,53.21585102713063,0.05527804512080963,0.16213145639859322,0.046056216073843366
30,3,6,10.258064516129032,-0.10648339253202531,-0.10648339253202953,4.220378820724014e-15,0.0,0.0,15.852757473514103,53.21604377802821,0.048742791602696546,0.14191812207340457,0.04398659211424176
30,3,6,10.548387096774194,-0.09214579705611411,-0.09214579705607699,-3.712333218608421e-14,0.0,0.0,15.852774098143902,53.216224208620055,0.04242769264399952,0.12279483442062254,0.04102732422525934
30,3,6,10.838709677419356,-0.07762381001799115,-0.07762381001798625,-4.900439862925987e-15,0.0,0.0,15.85279454631095,53.21640293773873,0.03589674747592902,0.10354863294267881,0.03578670337489693
30,3,6,11.129032258064516,-0.06179751058602885,-0.06179751058612704,9.818881341674968e-14,0.0,0.0,15.852820800266352,53.21659491689265,0.028649489072290073,0.08271034573078875,0.027545249522147985
30,3,6,11.419354838709678,-0.04365011635899874,-0.04365011635896971,-2.9032605963416615e-14,0.0,0.0,15.852854398757168,53.216818321941055,0.0202460031141487,0.058818929416666735,0.01698209779762021
30,3,6,11.70967741935484,-0.022758924178949508,-0.022758924178898302,-5.120459611873685e-14,0.0,0.0,15.852895082637826,53.21708985550854,0.01054139457177807,0.03102033265709622,0.006852832285059748
30,3,6,12.0,0.0,0.0,0.0,0.0,0.0,15.852939069895536,53.21741514079097,0.0,0.0,0.0
31,3,7,3.0,360.3780197915795,9.180917201827222,351.1971025897523,1.0,0.3956297583895882,35.57850336180398,83.58234696546245,743.4895503590722,1926.1438670360951,2039.4789944132513
31,3,7,3.2903225806451615,492.74973280107537,0.057497158484123734,492.69223564259124,1.0,0.0,26.21184874005549,68.88084322043343,503.26935279420553,1128.1767881957746,1091.567708793448
31,3,7,3.5806451612903225,547.7512902676649,0.057497158484123734,547.6937931091809,1.0,0.0,22.387529509880366,67.6912085938442,473.7743951890601,1295.6229444550522,688.9445262265166
31,3,7,3.870967741935484,344.4407189051829,0.057497158484123734,344.3832217466988,1.0,0.0,16.49309332942076,36.87200887743317,385.3403204909091,953.7292917821576,1253.1518837436938
31,3,7,4.161290322580645,237.3933529401441,0.057497158484123734,237.33585578165997,1.0,0.0,15.365219193652925,38.53529632838298,306.8561791672673,740.2666222495217,257.1826744111814
31,3,7,4.451612903225806,319.01174458452795,0.057497158484123734,318.9542474260438,1.0,0.0,14.179944491708502,44.8411534579996,253.86184541789237,709.7022963205663,284.38300873026657
31,3,7,4.741935483870968,301.11587633882846,0.057497158484123734,301.05837918034433,1.0,0.0,15.733668409827544,43.63291839107432,318.11530047993136,595.0831370480446,302.189917629317
31,3,7,5.032258064516129,242.14286326395677,0.057497158484123734,242.08536610547262,1.0,0.0,16.650574790833936,51.707043568732026,222.00205923682412,476.5751964913621,108.25331756402072
31,3,7,5.32258064516129,328.3321086395445,0.057497158484123734,328.2746114810604,1.0,0.0,12.767283333288377,34.446333875912195,201.18404257464036,604.4096397427185,190.48419115489492
31,3,7,5.612903225806452,347.8415769572039,0.057497158484123734,347.78407979871974,1.0,0.0,10.105785019474165,34.040157319527324,219.59198693697894,836.7125031007243,46.21037418066473
31,3,7,5.903225806451613,338.95582457669695,0.057497158484123734,338.89832741821283,1.0,0.0,10.332402201659589,34.97020585839551,201.38270981145007,769.7425570926408,79.96320257190698
31,3,7,6.193548387096774,285.28078976682497,0.057497158484123734,285.22329260834084,1.0,0.0,10.405778185916983,32.4081932270702,189.34902280428204,711.6112889484427,258.820542442855
31,3,7,6.483870967741936,220.8783811262602,0.057497158484123734,220.82088396777607,1.0,0.0,9.706211525141017,25.112615543789993,217.00684859398598,782.5255333454012,202.40902708735774
31,3,7,6.774193548387097,165.58562260322603,0.00020375148746633296,165.58541885173855,0.9544432922863293,0.0,9.096525659154292,24.83322532423966,231.42011037178,942.5229892357428,223.6202918218269
31,3,7,7.064516129032258,95.58427077696463,-0.23164347064285432,95.81591424760748,0.7225743292299128,0.0,11.228987585988902,33.392454642417945,173.79350647988738,692.9302933870634,241.42899363356273
31,3,7,7.35483870967742,36.10197901934405,-0.4914643610593892,36.593443380403436,0.3706487148253627,0.0,13.598427433156298,44.51901262158682,72.17066545301489,288.5843059990349,158.08538161441066
31,3,7,7.645161290322581,5.9284097240814795,-0.6132513884211792,6.541661112502658,0.08985060259508726,0.0,15.3772792580988,51.22511277863744,15.281264484728542,59.60566598768626,54.6897298585394
31,3,7,7.935483870967742,-0.533227265761015,-0.5701598843177603,0.03693261855674529,0.0007452164257418867,0.0,15.84889815067874,53.191205097979974,0.24554184927287978,0.6267335306126016,1.5300642596215923
31,3,7,8.225806451612904,-0.48214221556583564,-0.48214221556581954,-1.608144346854079e-14,0.0,0.0,15.851735126211105,53.2123011836382,0.11607920196798366,0.29564873772563655,0.17147683924099055
31,3,7,8.516129032258064,-0.4094758628284234,-0.40947586282839965,-2.3762132886351317e-14,0.0,0.0,15.851868876264135,53.213060964881016,0.10125298034743177,0.25585982460977114,0.12396358762816614
31,3,7,8.806451612903226,-0.3492400374977879,-0.34924003749791377,1.258512963980829e-13,0.0,0.0,15.85198759000281,53.21370571542923,0.08856130271849533,0.2222032458226728,0.08672881473915775
31,3,7,9.096774193548388,-0.29887522768772623,-0.2988752276877493,2.3122075434867108e-14,0.0,0.0,15.85209268989928,53.21425549967755,0.07762695955584571,0.1960001914874329,0.057540393111049554
31,3,7,9.387096774193548,-0.25641386350742207,-0.25641386350753126,1.0920980265949343e-13,0.0,0.0,15.85218559966487,53.21472684844585,0.0681497788941465,0.1749692699384552,0.035255221708937655
31,3,7,9.67741935483871,-0.22028802787830887,-0.22028802787836071,5.184465357022106e-14,0.0,0.0,15.852267693425464,53.21513412394277,0.059876432567251434,0.15618106080872082,0.020684538744426963
31,3,7,9.967741935483872,-0.18915522270122742,-0.1891552227013347,1.072896303050408e-13,0.0,0.0,15.852340342949315,53.21549107389554,0.0525653778613049,0.1391705794166588,0.017378069414825698
31,3,7,10.258064516129032,-0.16173233563431116,-0.1617323356344053,9.41484507542556e-14,0.0,0.0,15.852405085318287,53.215812444489686,0.045945396613008664,0.12333450467409973,0.021617463239850872
31,3,7,10.548387096774194,-0.1366544799197913,-0.13665447991991628,1.24991219197651e-13,0.0,0.0,15.852463897391965,53.21611516811196,0.03967668545471149,0.10783569914496799,0.024937482282120182
31,3,7,10.838709677419356,-0.11240785642388217,-0.11240785642401302,1.308517452378033e-13,0.0,0.0,15.852519493491116,53.21641825123044,0.03333632304514568,0.09156390419510639,0.024083210718523058
31,3,7,11.129032258064516,-0.08741518578705576,-0.08741518578705793,2.1601938987592107e-15,0.0,0.0,15.85257546720311,53.216740226562145,0.02645673739133831,0.07324073162949087,0.018540027512004863
31,3,7,11.419354838709678,-0.06036117872824685,-0.06036117872830748,6.062544173277008e-14,0.0,0.0,15.852636003517512,53.217093183918045,0.018637304060701146,0.05176826678979041,0.01003197296234555
31,3,7,11.70967741935484,-0.03080553691450495,-0.030805536914518462,1.3511212764924508e-14,0.0,0.0,15.852704843657326,53.21747338001232,0.009722635972019314,0.026878883886836694,0.0037108023449813105
31,3,7,12.0,0.0,0.0,0.0,0.0,0.0,15.85278327164973,53.21785084232106,0.0,0.0,0.0
32,4,0,3.0,286.31024531186176,0.05474892680387601,286.2554963850579,1.0,0.0030362955241756704,18.207854154362273,69.70264442883115,348.6996092228993,891.6028060455691,938.8826626707234
32,4,0,3.2903225806451615,269.1284696380153,-0.015269566131377038,269.1437392041467,1.0,0.0,18.65075913203062,52.087385107201484,304.43428870796777,695.0069247102899,316.32788362551844
32,4,0,3.5806451612903225,388.62384891657996,-0.015269566131377038,388.6391184827113,1.0,0.0,15.49886556114969,39.425593450289384,341.03413857848165,838.120110594763,717.373321582034
32,4,0,3.870967741935484,483.0592556074691,-0.015269566131377038,483.0745251736004,1.0,0.0,14.135227067033167,42.20167754673964,257.8589702778502,660.6896579667788,308.9147542222863
32,4,0,4.161290322580645,464.3048401730768,-0.015269566131377038,464.32010973920814,1.0,0.0,10.832086448483317,32.573268637196215,249.73228960040248,773.5794345404488,68.75094652638582
32,4,0,4.451612903225806,448.8013574603933,-0.015269566131377038,448.81662702652466,1.0,0.0,10.430050947063439,20.85181056538771,290.853532129951,1016.7652154727961,102.7116493272685
32,4,0,4.741935483870968,454.7187711982747,-0.015269566131377038,454.734040764406,1.0,0.0,10.74036988040364,29.008016200397172,235.6962245002926,879.1025416813442,141.78908161955738
32,4,0,5.032258064516129,433.1134004542634,-0.015269566131377038,433.12867002039474,1.0,0.0,11.29825933952353,29.51083584072937,217.86478658419782,604.7633738615658,194.96946325932927
32,4,0,5.32258064516129,384.7115518332888,-0.015269566131377038,384.72682139942015,1.0,0.0,11.363915533212197,39.108282990685424,183.18617824952983,516.699223683298,142.29386846521913
32,4,0,5.612903225806452,325.50517849739776,-0.015269566131377038,325.5204480635291,1.0,0.0,12.532009639359845,39.18966399404058,173.1597271291713,384.3625543870139,141.11531707080607
32,4,0,5.903225806451613,301.6580950908779,-0.015269566131377038,301.6733646570093,1.0,0.0,11.395875802482772,37.793341537056996,172.30974325722605,542.0074012085818,101.6855369575329
32,4,0,6.193548387096774,245.40520345868143,-0.015269566131377038,245.4204730248128,1.0,0.0,12.374943662519346,42.721101550524445,158.98489359947231,372.559718313369,226.96030149751485
32,4,0,6.483870967741936,185.21565324508558,-0.015269566131377038,185.23092281121697,1.0,0.0,13.261662506881223,47.870420678121484,125.33990817054395,256.4346241371205,195.41052763108857
32,4,0,6.774193548387097,128.4026278853494,-0.01416787219392925,128.41679575754333,0.9544432922863301,0.0,13.830612043623821,51.64776271610557,99.4790054473343,215.42789972930063,195.59324358623056
32,4,0,7.064516129032258,72.63041181281423,-0.0037054122254505336,72.63411722503969,0.7225743292299138,0.0,14.068339971786404,51.106014717979896,81.98857940170457,182.19368793011557,181.6639294335111
32,4,0,7.35483870967742,27.919931813770646,0.017574843885494962,27.902356969885155,0.3706487148253659,0.0,14.867327645849997,51.46621519980142,43.39453792339162,107.57351908418278,120.08847503827197
32,4,0,7.645161290322581,4.837953501226764,0.037498369089235754,4.800455132137528,0.08985060259508959,0.0,15.602407118634854,52.754433893817506,10.726949149930785,25.717688471173247,40.70609142134496
32,4,0,7.935483870967742,0.07394382185777167,0.045297082997928416,0.028646738859843247,0.0007452164257415025,0.0,15.850590284831814,53.221374621123815,0.18489213737783805,0.3622134192571414,1.3014940351868896
32,4,0,8.225806451612904,0.04588559144930341,0.04588559144932316,-1.975177291689556e-14,0.0,0.0,15.853443460047611,53.22118519018094,0.07991224296891747,0.2255086830420312,0.05957073386301693
32,4,0,8.516129032258064,0.04506340871940767,0.0450634087194469,-3.922352069876678e-14,0.0,0.0,15.853399270410321,53.22093541062679,0.0710188030280217,0.20202961466554362,0.05191695593459759
32,4,0,8.806451612903226,0.043371197982726865,0.04337119798279704,-7.017629901663603e-14,0.0,0.0,15.853361065060653,53.220713205454885,0.06319309393544333,0.18122395456571808,0.04561780000481851
32,4,0,9.096774193548388,0.04114675419464952,0.04114675419477105,-1.2153090860056448e-13,0.0,0.0,15.85332779223655,53.2205150179149,0.05627864799465584,0.16271106093838564,0.04039425418859378
32,4,0,9.387096774193548,0.03861738031126862,0.03861738031133112,-6.24956095988255e-14,0.0,0.0,15.85329859806464,53.22033769623463,0.050142659725325854,0.14616406381154726,0.03604816320299748
32,4,0,9.67741935483871,0.03592674377528585,0.03592674377533062,-4.477401891085642e-14,0.0,0.0,15.853272719249537,53.22017820663953,0.04466381476906426,0.13127277522185196,0.03240879897487301
32,4,0,9.967741935483872,0.033143469675756286,0.03314346967574221,1.4081263932652633e-14,0.0,0.0,15.853249348448676,53.22003312463688,0.03971362543974738,0.11768545739682021,0.029279321813850435
32,4,0,10.258064516129032,0.03025389776031003,0.030253897760293077,1.695152156665214e-14,0.0,0.0,15.853227476648755,53.21989788343214,0.03513029760108965,0.1049279591446039,0.026385165058304887
32,4,0,10.548387096774194,0.02714586507866875,0.02714586507876855,-9.979895794313965e-14,0.0,0.0,15.853205755194583,53.21976592644806,0.030689764911150403,0.09231733410899222,0.023350871096054392
32,4,0,10.838709677419356,0.023598740751589124,0.023598740751596785,-7.660687622451645e-15,0.0,0.0,15.85318247003595,53.2196281776481,0.026087404061432205,0.07891535367489058,0.01975120271219927
32,4,0,11.129032258064516,0.019305154243550445,0.019305154243668878,-1.184331305443577e-13,0.0,0.0,15.853155765810177,53.219473551389,0.020954043747485274,0.06359868287335191,0.01527498799078748
32,4,0,11.419354838709678,0.013956801135680342,0.013956801135647191,3.315047558292636e-14,0.0,0.0,15.853124264470457,53.21929142801992,0.014936202393979126,0.045340758225962535,0.009992285820212093
32,4,0,11.70967741935484,0.007420899542019158,0.007420899542012289,6.868116481355963e-15,0.0,0.0,15.853088136497357,53.21907685126468,0.007864275202009809,0.02377582196623714,0.004589145504306655
32,4,0,12.0,0.0,0.0,0.0,0.0,0.0,15.853050417530872,53.21883821783711,0.0,0.0,0.0
33,4,1,3.0,556.2331693519968,0.10110755896864944,556.1320617930282,1.0,0.0,23.357958064275984,72.97818891786928,508.25794767825397,1321.6479850031394,390.0315635914063
33,4,1,3.2903225806451615,373.81450272640654,0.10110755896864944,373.7133951674379,1.0,0.0,24.640580908678693,85.15347754608307,452.1061414232646,1297.596763921019,611.1972203779346
33,4,1,3.5806451612903225,318.921031614543,0.10110755896864944,318.8199240555743,1.0,0.0,17.52662024442756,59.14841876279509,336.4122954683099,614.2894529283149,229.25484352005458
33,4,1,3.870967741935484,323.43819570730835,0.10110755896864944,323.3370881483397,1.0,0.0,14.66399613727918,45.12342398885146,302.6374566288457,882.7839007183666,425.55198218270874
33,4,1,4.161290322580645,401.10089988800956,0.10110755896864944,400.99979232904093,1.0,0.0,12.185190513575717,49.88537061506339,259.5598813163188,836.7083530156181,147.83546139756575
33,4,1,4.451612903225806,405.83186628009236,0.10110755896864944,405.7307587211237,1.0,0.0,16.994728440169652,60.06546839475446,237.79446602228853,522.7700143044383,53.512668323757964
33,4,1,4.741935483870968,332.20392437765565,0.10110755896864944,332.10281681868696,1.0,0.0,12.505752240276168,30.670539261361334,264.39858389804203,623.756529368524,336.71114970463185
33,4,1,5.032258064516129,325.1159620709447,0.10110755896864944,325.014854511976,1.0,0.0,12.268618380927446,29.74242920217522,248.01005322123945,740.9311713196828,181.242041698267
33,4,1,5.32258064516129,353.1265148368699,0.10110755896864944,353.0254072779012,1.0,0.0,11.686569662718407,30.62515216298741,193.42551785330792,674.7517483124332,85.04778798037174
33,4,1,5.612903225806452,335.4749781707384,0.10110755896864944,335.3738706117697,1.0,0.0,11.436878319975913,36.53794908680916,184.48609008585146,646.248409280358,75.06306234597116
33,4,1,5.903225806451613,303.7748019966279,0.10110755896864944,303.67369443765926,1.0,0.0,11.293379298558266,41.64829545948805,198.24522565727798,635.2383021628863,174.27371948401316
33,4,1,6.193548387096774,265.9835261412732,0.10110755896864944,265.8824185823046,1.0,0.0,11.471451213644588,40.55428626670719,172.2527826832338,544.0132287639251,119.49521272180148
33,4,1,6.483870967741936,223.60429311047383,0.10110755896864944,223.50318555150517,1.0,0.0,12.577534758507088,43.582398832584786,130.02876301600728,400.8840868666502,168.71283116059965
33,4,1,6.774193548387097,165.74291258372537,0.038530090244058575,165.7043824934813,0.9544432922863293,0.0,13.387937701046692,47.02558125257624,104.53012700128865,325.4830195267889,244.83047585300568
33,4,1,7.064516129032258,90.82931677239655,-0.22713750832170002,91.05645428071826,0.7225743292299138,0.0,13.689177346055084,48.2071842407139,84.60952614150959,245.96486477289648,253.15305900769783
33,4,1,7.35483870967742,30.94675143356602,-0.5457366606711869,31.49248809423721,0.3706487148253638,0.0,14.619100746425474,50.036436761776045,44.52406217301083,119.13096082518302,150.0893360522434
33,4,1,7.645161290322581,3.9491387115710626,-0.7177689954601778,4.666907707031241,0.08985060259508852,0.0,15.533964523455651,52.22773429448763,11.169613669902189,26.029348793588316,43.6092419430138
33,4,1,7.935483870967742,-0.6735448894286342,-0.6913563483766237,0.01781145894798958,0.0007452164257417919,0.0,15.848617185689275,53.194949584912855,0.22692707526848666,0.5378314737516152,0.7474705824488025
33,4,1,8.225806451612904,-0.6022561074055288,-0.602256107405551,2.2241996439076318e-14,0.0,0.0,15.851252559793243,53.20761860618778,0.156047053129085,0.4751803467785086,0.11988973529939259
33,4,1,8.516129032258064,-0.5261640271513135,-0.5261640271513551,4.1683741527909215e-14,0.0,0.0,15.851427603016656,53.20855206596069,0.13702920914765612,0.4113017192675711,0.07970568812351234
33,4,1,8.806451612903226,-0.46108956820537783,-0.46108956820548924,1.1145000373968816e-13,0.0,0.0,15.851579701584575,53.209387700460596,0.12060056257096266,0.3569665898015599,0.05032837062461961
33,4,1,9.096774193548388,-0.405029282471399,-0.40502928247145675,5.776518499645e-14,0.0,0.0,15.851712594596142,53.21013651297066,0.10632759589027495,0.31039095437448627,0.03490759393951943
33,4,1,9.387096774193548,-0.3563904852468292,-0.35639048524680966,-1.9521752270268424e-14,0.0,0.0,15.8518293406166,53.21080938963675,0.09385610601292244,0.2701829681499732,0.03703284328447264
33,4,1,9.67741935483871,-0.31383378953135516,-0.31383378953133834,-1.6801508101460527e-14,0.0,0.0,15.851932599254502,53.21141853116357,0.08287795731157742,0.2352175497839251,0.04807750616602144
33,4,1,9.967741935483872,-0.2760959887064398,-0.2760959887065789,1.3913248851638029e-13,0.0,0.0,15.852024995952183,53.21198006672293,0.07308932066574833,0.20450682514279953,0.05924795482982196
33,4,1,10.258064516129032,-0.24178433618983342,-0.2417843361899746,1.4121267523370396e-13,0.0,0.0,15.852109592609134,53.212517483136764,0.06413922771554567,0.1770494890704711,0.06678934882046886
33,4,1,10.548387096774194,-0.2091733123444114,-0.2091733123445015,9.012808988712041e-14,0.0,0.0,15.852190392081354,53.213064527829005,0.055578484892067494,0.15166554463198648,0.06834053098729893
33,4,1,10.838709677419356,-0.17609237012777385,-0.17609237012783893,6.508584209780066e-14,0.0,0.0,15.852272659262786,53.21366498961741,0.04683511310624948,0.12686122609990072,0.062043792590360275
33,4,1,11.129032258064516,-0.1400543734360171,-0.14005437343601124,-5.8405242447934215e-15,0.0,0.0,15.852362676666917,53.21436567900533,0.03725759391932041,0.10081638209673353,0.047308815100137035
33,4,1,11.419354838709678,-0.0988082414546175,-0.09880824145462763,1.012090845159408e-14,0.0,0.0,15.852466444532814,53.21519891270102,0.026270033707458236,0.07162685013331267,0.026462959819892468
33,4,1,11.70967741935484,-0.05144951477394195,-0.05144951477396969,2.7742490162768754e-14,0.0,0.0,15.852586925172407,53.21615335047288,0.01366412895485008,0.03793591900522596,0.006773776295940778
33,4,1,12.0,0.0,0.0,0.0,0.0,0.0,15.852719945540084,53.217139409213615,0.0,0.0,0.0
34,4,2,3.0,2026.3656605095036,1529.5782119864134,496.78744852309035,1.0,66.32800375169653,72.08007053109773,517.3928663007242,1662.0075476190393,11853.26173179868,10414.542523033335
34,4,2,3.2903225806451615,1035.737116641321,632.0676915109037,403.6694251304173,1.0,27.408183258840367,41.46748328687629,216.5881969550248,958.1333041223866,5210.300162879859,4841.1697041534235
34,4,2,3.5806451612903225,399.43654145007747,81.17748154082659,318.2590599092509,1.0,3.5192732191587854,15.556025713417242,33.14191641807606,374.90551371874136,1043.9654216507854,433.8850479059433
34,4,2,3.870967741935484,297.8621335093657,0.24781208710521255,297.6143214222605,1.0,0.009823317650952974,13.155586090613138,40.846379295943166,268.0522501219693,675.0766265140472,479.9931091238807
34,4,2,4.161290322580645,334.6239120786392,0.02128147041541147,334.6026306082238,1.0,0.0,14.203469906248376,49.796427900249505,255.75748449334273,600.7195561658463,374.71472144602535
34,4,2,4.451612903225806,389.4067892325181,0.02128147041541147,389.3855077621027,1.0,0.0,13.988047832016093,48.499354068324145,197.62403792012708,376.7979201377728,151.31833408481359
34,4,2,4.741935483870968,301.93188145152885,0.02128147041541147,301.9105999811135,1.0,0.0,13.46070169616581,43.770804458084214,221.43794509465928,485.2378308950115,141.69971665816982
34,4,2,5.032258064516129,312.4484367061025,0.02128147041541147,312.4271552356871,1.0,0.0,10.538146803327358,27.113503359315327,242.23325208713635,702.5910802014208,113.64762262301963
34,4,2,5.32258064516129,297.93706075155734,0.02128147041541147,297.91577928114197,1.0,0.0,11.414972686006134,30.981448353749197,172.06096035000593,583.0192145622595,48.84371112040971
34,4,2,5.612903225806452,325.0197911231599,0.02128147041541147,324.99850965274453,1.0,0.0,11.281243369338778,34.20258654906872,176.4474621240862,615.8240332533185,88.56289302357604
34,4,2,5.903225806451613,289.0794432150663,0.02128147041541147,289.0581617446509,1.0,0.0,13.48600076415272,45.56144924398937,178.21962725023772,467.99796229225615,128.99194665565386
34,4,2,6.193548387096774,252.34858952337086,0.02128147041541147,252.3273080529555,1.0,0.0,12.773109989531289,45.79964232552012,147.30046178502016,363.786854028245,115.95799407148172
34,4,2,6.483870967741936,225.96879999654303,0.02128147041541147,225.94751852612762,1.0,0.0,11.978586741340873,41.245049870933435,138.72662340998272,432.89784452036497,102.54080693558755
34,4,2,6.774193548387097,180.2454627596809,0.007132891766118736,180.23832986791479,0.9544432922863296,0.0,12.794551538652382,44.40041777101047,125.01257477005989,338.1074565838469,244.3549297475202
34,4,2,7.064516129032258,104.95775605623807,-0.048689832278227124,105.0064458885163,0.7225743292299148,0.0,13.23414230443495,46.43269111954285,94.8511005983622,229.38863118785127,254.39369924276153
34,4,2,7.35483870967742,40.12912478217958,-0.11024832416346252,40.239373106343045,0.37064871482536704,0.0,14.683285211416399,51.0858465561617,45.39390086434311,98.57087656099598,175.66504562801452
34,4,2,7.645161290322581,6.8583865294587545,-0.13937348989220277,6.997760019350957,0.08985060259508959,0.0,15.590839587247567,52.93349751173111,11.129229083933028,21.92385196583365,59.112930090424804
34,4,2,7.935483870967742,-0.08961369223761824,-0.13027660868190616,0.04066291644428791,0.0007452164257415025,0.0,15.85023543416914,53.22155669026852,0.22814327646395322,0.3869741684832525,1.869030966711036
34,4,2,8.225806451612904,-0.1110192190222685,-0.11101921902223123,-3.726334475359639e-14,0.0,0.0,15.853009729381498,53.2174547682631,0.08910108024459827,0.2675175082699257,0.08163393589563447
34,4,2,8.516129032258064,-0.09562605966507527,-0.09562605966494264,-1.3263190502474377e-13,0.0,0.0,15.852986308655606,53.21748812040097,0.0790595192488523,0.2383188462370744,0.06879823605543267
34,4,2,8.806451612903226,-0.08316751901862114,-0.0831675190185894,-3.174284923454507e-14,0.0,0.0,15.852969419827877,53.217522604297514,0.07026839912362043,0.21249701272302796,0.058930128565260656
34,4,2,9.096774193548388,-0.07290868500307962,-0.07290868500301612,-6.350570026444902e-14,0.0,0.0,15.852957275406547,53.21755746010133,0.06253695295934525,0.18957510683967344,0.051273708954247536
34,4,2,9.387096774193548,-0.06432129109955047,-0.06432129109945947,-9.098816708755231e-14,0.0,0.0,15.852948632433543,53.21759216938929,0.055704141198964094,0.16914592808893963,0.04530882906822215
34,4,2,9.67741935483871,-0.057008570785152105,-0.05700857078502493,-1.271714148917691e-13,0.0,0.0,15.852942650134457,53.217626511569165,0.049623164586235405,0.1508342448775679,0.040632887227569886
34,4,2,9.967741935483872,-0.05064142225034953,-0.05064142225027026,-7.926711500724771e-14,0.0,0.0,15.85293882459477,53.217660743299334,0.044138754953437304,0.1342367847258626,0.036853138038627976
34,4,2,10.258064516129032,-0.04489753092708322,-0.044897530927094385,1.1166002259095642e-14,0.0,0.0,15.852936980086312,53.21769592201171,0.03905695665499674,0.11883582545870028,0.033493574667077516
34,4,2,10.548387096774194,-0.03940471060954877,-0.0394047106095439,-4.875437618727385e-15,0.0,0.0,15.852937283943643,53.21773431454924,0.034113907737275094,0.10390054893921186,0.02995649813253558
34,4,2,10.838709677419356,-0.03370321781116028,-0.03370321781113202,-2.8257536393259953e-14,0.0,0.0,15.852940227865252,53.21777969104929,0.028960235014649068,0.08841980781104207,0.025597175321298994
34,4,2,11.129032258064516,-0.027257330310368578,-0.027257330310365084,-3.4953137389645563e-15,0.0,0.0,15.852946490437626,53.217837125153466,0.023188243698949937,0.07114486816682296,0.01995193675576553
34,4,2,11.419354838709678,-0.019557985052938084,-0.01955798505292972,-8.365750908852221e-15,0.0,0.0,15.852956583049808,53.21791177844613,0.016433914003411338,0.05084575311908952,0.01310290064513537
34,4,2,11.70967741935484,-0.01035322142545737,-0.010353221425362987,-9.438347184972246e-14,0.0,0.0,15.852970221633893,53.218006192962,0.00857453019939042,0.026870973421400653,0.006006398304424083
34,4,2,12.0,0.0,0.0,0.0,0.0,0.0,15.852985522690949,53.218116116103516,0.0,0.0,0.0
35,4,3,3.0,251.31886650887262,11.891836642060085,239.42702986681255,1.0,0.5120840830789469,18.18456438709059,37.608008496952166,427.5777319730081,964.4567176277982,1009.0443393921457
35,4,3,3.2903225806451615,390.97779799076864,4.341214598062306,386.6365833927063,1.0,0.18465744254653096,20.592935618179766,67.307819469736,363.87332641112374,638.1047750964639,1165.1513004902465
35,4,3,3.5806451612903225,523.5851910404813,0.08292164421802856,523.5022693962633,1.0,0.0,30.658402873092605,89.15575213163169,518.6398925576528,1811.0966861404368,961.4614315150394
35,4,3,3.870967741935484,291.7542297312729,0.08292164421802856,291.6713080870549,1.0,0.0,23.27472379607206,73.87373491006005,387.692280509621,1277.4646530806945,1039.510225505597
35,4,3,4.161290322580645,299.6089607561523,0.08292164421802856,299.52603911193427,1.0,0.0,12.705564881670815,45.90019875971085,232.049012884859,651.5638292272295,314.7647992029443
35,4,3,4.451612903225806,429.95069496929136,0.08292164421802856,429.86777332507336,1.0,0.0,15.091507762548911,64.32465319153512,214.14954335570005,617.4594555362244,214.12613257249183
35,4,3,4.741935483870968,376.3538699847819,0.08292164421802856,376.2709483405639,1.0,0.0,15.602150835964533,55.62844939876874,265.4355258022662,815.6096593620414,324.81006959598704
35,4,3,5.032258064516129,362.49712137933636,0.08292164421802856,362.4141997351183,1.0,0.0,11.709926913750056,27.825168477931104,240.32485918562486,732.6759000190757,210.30084317260588
35,4,3,5.32258064516129,381.1030294416213,0.08292164421802856,381.0201077974033,1.0,0.0,10.62024209100268,29.020150149008817,196.46561471430954,700.1183533399569,48.25206877073802
35,4,3,5.612903225806452,378.6915151338536,0.08292164421802856,378.60859348963555,1.0,0.0,10.928700964777608,29.532410212252774,197.56361643208902,576.6076473618685,58.465340769703275
35,4,3,5.903225806451613,334.4377395469198,0.08292164421802856,334.35481790270177,1.0,0.0,12.020217938637767,38.524420227970516,182.70436696997422,527.2148927905997,180.93754508945017
35,4,3,6.193548387096774,278.5536136274237,0.08292164421802856,278.4706919832057,1.0,0.0,11.622295796573972,38.174071421836985,167.27398102647007,427.7957416996198,186.9617019548778
35,4,3,6.483870967741936,220.60208284121603,0.08292164421802856,220.519161196998,1.0,0.0,12.541648450612147,45.02014956448585,135.19833841564278,419.8506544476323,201.52282529688463
35,4,3,6.774193548387097,154.02679835850392,0.031984393770428866,153.9948139647335,0.9544432922863293,0.0,13.328595341249315,47.459927784590256,116.83072503765369,335.3140032439681,254.35956367618
35,4,3,7.064516129032258,80.99063913456988,-0.18401189906979998,81.17465103363969,0.7225743292299119,0.0,13.74228908030417,48.245056053097706,84.21056018376537,235.77439817815448,233.95138256665058
35,4,3,7.35483870967742,27.24242488323465,-0.4428415607088575,27.685266443943508,0.3706487148253638,0.0,14.645311251594416,50.02671645694585,42.79142892083629,121.38066076059077,132.02572482048396
35,4,3,7.645161290322581,3.536036876791451,-0.5825567454530581,4.118593622244509,0.08985060259508852,0.0,15.55580736155333,52.19368016697738,10.257382084475676,25.003306959419636,38.49554219233658
35,4,3,7.935483870967742,-0.5453934119588921,-0.5611323513801983,0.01573893942130622,0.0007452164257418806,0.0,15.849109086506783,53.19738249444189,0.19939118419546084,0.49075837238307884,0.6724608428372107
35,4,3,8.225806451612904,-0.48885588236507416,-0.4888558823651494,7.520675054939475e-14,0.0,0.0,15.851549245032004,53.20980641883683,0.13877917532633058,0.4287982605874925,0.10952905317593142
35,4,3,8.516129032258064,-0.42719128953676944,-0.4271912895368919,1.224909947777908e-13,0.0,0.0,15.851689801727812,53.21055436309867,0.12215051009523897,0.37287335316162934,0.0781756003939436
35,4,3,8.806451612903226,-0.3744916802341721,-0.37449168023426166,8.952803602635396e-14,0.0,0.0,15.851812913609546,53.211223365322205,0.10775292278961172,0.32505109822797545,0.0562563005992554
35,4,3,9.096774193548388,-0.3291125778245295,-0.3291125778245793,4.9764466852897375e-14,0.0,0.0,15.851921181918797,53.21182232213041,0.09521753827259108,0.2838530939659875,0.04456037186645935
35,4,3,9.387096774193548,-0.28975086747824813,-0.28975086747828893,4.080366253211843e-14,0.0,0.0,15.852016816940107,53.212359983337635,0.08424196481017429,0.2481194518064339,0.04306560148232812
35,4,3,9.67741935483871,-0.2553135592545527,-0.25531355925462856,7.584680800087895e-14,0.0,0.0,15.852101828822763,53.21284600009173,0.07456085139506569,0.21690201027720754,0.04794876217526802
35,4,3,9.967741935483872,-0.22477150081175395,-0.22477150081181235,5.840524244793422e-14,0.0,0.0,15.852178313815694,53.21329289560752,0.0659080941308581,0.1893500225514057,0.05433003021411684
35,4,3,10.258064516129032,-0.19699000504969152,-0.19699000504979217,1.0064903424589211e-13,0.0,0.0,15.852248841655754,53.21371870644789,0.057969851392842,0.16457369239915387,0.05883658186589354
35,4,3,10.548387096774194,-0.17056129127019112,-0.1705612912702746,8.348749382797172e-14,0.0,0.0,15.852316866180725,53.21414930762713,0.05033835216989297,0.14149368408996962,0.059072909336372215
35,4,3,10.838709677419356,-0.1437108820790077,-0.14371088207902047,1.2761145438966448e-14,0.0,0.0,15.852386954522373,53.21461846747862,0.0424917477006501,0.11872146375873377,0.053237459732029126
35,4,3,11.129032258064516,-0.1144007496977998,-0.11440074969781415,1.4361289067676976e-14,0.0,0.0,15.852464491038441,53.21516281291746,0.03383862955392462,0.09456025673011036,0.04068362229813576
35,4,3,11.419354838709678,-0.08078052072825637,-0.08078052072840512,1.4876335298168175e-13,0.0,0.0,15.852554431531207,53.215808795434256,0.02386621201541151,0.06725333573795289,0.02322574705536382
35,4,3,11.70967741935484,-0.042098202523872856,-0.04209820252391313,4.0273614955108066e-14,0.0,0.0,15.852658789888114,53.216550569184065,0.01240861456707945,0.035604133653491375,0.006802162386359718
35,4,3,12.0,0.0,0.0,0.0,0.0,0.0,15.85277303856096,53.21732316338045,0.0,0.0,0.0
36,4,4,3.0,396.56855437640303,-0.006417213404076099,396.57497158980715,1.0,0.0,20.061153559330638,48.760815913186434,411.2950653597335,867.081220870757,1040.768265724048
36,4,4,3.2903225806451615,416.5548575215618,-0.006417209141963977,416.5612747307038,1.0,1.8482305767321494e-10,26.295337345864333,75.90318006333223,538.7545407669771,1207.0731836443972,1412.6896241849015
36,4,4,3.5806451612903225,364.53462279998564,0.393134138887368,364.14148866109826,1.0,0.017326222427590212,16.052823961521106,50.06807129332329,295.71441433040354,711.5932302343642,376.67283770621225
36,4,4,3.870967741935484,306.3843223778834,0.04639242319795459,306.3379299546854,1.0,0.002290047336442431,17.413552557962294,63.4866865458671,328.4640936474661,731.947208747015,525.9020136414505
36,4,4,4.161290322580645,287.4749696424201,-0.006417213404076099,287.48138685582416,1.0,0.0,14.252064101282546,43.13378169389347,338.44912809315684,683.9797884271375,292.09999952975073
36,4,4,4.451612903225806,285.42595588562483,-0.006417213404076099,285.4323730990289,1.0,0.0,13.514906276136253,43.82855313451575,215.85689758541216,409.37374222098356,41.078043530161914
36,4,4,4.741935483870968,319.67532933745224,-0.006417213404076099,319.6817465508563,1.0,0.0,11.74121834995573,36.221066950753475,214.9529121283167,540.28644952526,243.71930535433006
36,4,4,5.032258064516129,336.4181625066888,-0.006417213404076099,336.4245797200929,1.0,0.0,12.474266644763116,39.458123370677214,202.29706113190258,431.6477730389472,171.1187935938569
36,4,4,5.32258064516129,336.20729488820507,-0.006417213404076099,336.21371210160913,1.0,0.0,11.155577478159994,35.6273813382425,195.6497473676428,590.0615191156988,84.23949123717412
36,4,4,5.612903225806452,283.85592024073964,-0.006417213404076099,283.8623374541437,1.0,0.0,11.214383158800905,32.00349676171142,220.75879452748728,801.7949493429534,190.8048905297998
36,4,4,5.903225806451613,277.8002939796028,-0.006417213404076099,277.8067111930069,1.0,0.0,11.532462849083043,40.49429096244384,166.25204716592884,666.1102853550592,68.01470705505244
36,4,4,6.193548387096774,276.11937853299844,-0.006417213404076099,276.12579574640256,1.0,0.0,11.77425164853629,40.18739963062109,166.36313567031738,542.297654041377,161.64807459476737
36,4,4,6.483870967741936,224.15344982687478,-0.006417213404076099,224.15986704027884,1.0,0.0,11.739778515367036,40.96398867711735,157.78544486504595,503.851512714709,142.73393380262047
36,4,4,6.774193548387097,178.4326714018691,-0.009190415819121884,178.44186181768822,0.9544432922863296,0.0,12.425094482985868,45.019199018869394,133.0239000089913,404.9271083923727,216.0092005805841
36,4,4,7.064516129032258,105.86434491426306,-0.013636097261817672,105.87798101152488,0.7225743292299158,0.0,13.495861440922804,48.0210969277772,92.42350239882035,212.08657919241827,257.0795519638982
36,4,4,7.35483870967742,39.89246293176208,-0.0086273932991077,39.90109032506119,0.37064871482536704,0.0,14.663948467674668,51.802484164686845,48.25016719675453,101.13023062551575,175.24147792791058
36,4,4,7.645161290322581,6.711584361100312,0.0031976846080617404,6.70838667649225,0.08985060259508959,0.0,15.602868147467808,53.10218462653129,11.320650614793353,21.454802177019392,57.476967772265155
36,4,4,7.935483870967742,0.05104333924742062,0.012585613316274155,0.038457725931146464,0.0007452164257415025,0.0,15.851001567504762,53.22629883617346,0.21178715549494853,0.3609544144091549,1.7634024269861872
36,4,4,8.225806451612904,0.017346751922688846,0.01734675192272023,-3.13828169180852e-14,0.0,0.0,15.853560372975483,53.22093374723642,0.08585058243017647,0.24240095886515378,0.06870475060265616
36,4,4,8.516129032258064,0.019672296864472995,0.01967229686443429,3.870347401943586e-14,0.0,0.0,15.853488857090431,53.22062778325239,0.0760985189938665,0.2169010597241678,0.05870200175231624
36,4,4,8.806451612903226,0.020432381154719993,0.020432381154701716,1.8276640509178044e-14,0.0,0.0,15.853429441552365,53.22036796669595,0.06755605200796219,0.19428527704147847,0.050630941615029436
36,4,4,9.096774193548388,0.02019663035654294,0.02019663035651993,2.3012065560393258e-14,0.0,0.0,15.8533795259355,53.220179545207614,0.060040086742610924,0.17415300372024517,0.0439360411807862
36,4,4,9.387096774193548,0.019342907797153773,0.01934290779714861,5.160463202591448e-15,0.0,0.0,15.853337157238013,53.22001303834058,0.05339604377819368,0.15615777581260684,0.038272348895685156
36,4,4,9.67741935483871,0.018117521464999016,0.01811752146509156,-9.254330667670536e-14,0.0,0.0,15.853300794317954,53.219865070577406,0.04748414590347589,0.13997056099493455,0.0334067405146898
36,4,4,9.967741935483872,0.01667058572720403,0.016670585727174548,2.948264635899145e-14,0.0,0.0,15.853269097670921,53.219732101785375,0.042158892663584524,0.12522053536659075,0.029152990188908448
36,4,4,10.258064516129032,0.015073897053653088,0.015073897053722364,-6.927621822548636e-14,0.0,0.0,15.85324073316379,53.21960980063769,0.037240990927274474,0.11141155873248555,0.02532417036063265
36,4,4,10.548387096774194,0.013328992719872982,0.013328992719917932,-4.494903462024663e-14,0.0,0.0,15.85321421274529,53.21949237811784,0.032486935536172885,0.09783148301673028,0.021701166688168166
36,4,4,10.838709677419356,0.011375290316176536,0.011375290316262063,-8.552767695457764e-14,0.0,0.0,15.853187836568509,53.21937222211292,0.02757068831892029,0.0835005599048848,0.01803084572434412
36,4,4,11.129032258064516,0.009110803794949609,0.00911080379495639,-6.781858738870786e-15,0.0,0.0,15.85315983608981,53.21924039955188,0.022102364888984222,0.06723791471969967,0.014071266166758646
36,4,4,11.419354838709678,0.00643829781447608,0.006438297814433428,4.265257849060504e-14,0.0,0.0,15.853128822922056,53.21908871814892,0.015715372820605714,0.047945031564696275,0.009682279424247977
36,4,4,11.70967741935484,0.003344091454736365,0.003344091454733837,2.52772688847866e-15,0.0,0.0,15.85309458590628,53.21891385609859,0.008246699609522318,0.025182292104147255,0.004915606738636587
36,4,4,12.0,0.0,0.0,0.0,0.0,0.0,15.853059094568597,53.21872324518838,0.0,0.0,0.0
37,4,5,3.0,382.1784076830136,0.04183704375650411,382.13657063925706,1.0,0.0,20.22170945079271,60.17316931737015,375.90587850118857,1019.9521072030226,352.84978526433787
37,4,5,3.2903225806451615,309.00071315669754,0.04183704375650411,308.9588761129411,1.0,0.0,17.875007140395464,57.63459347473388,290.8818076045583,611.6794533358988,377.8497250367785
37,4,5,3.5806451612903225,346.43676609953116,0.04183704375650411,346.39492905577464,1.0,0.0,15.729640179023558,37.98492539855521,378.7959716500357,764.7233974200043,174.69740572988735
37,4,5,3.870967741935484,429.6118877146957,0.04183704375650411,429.5700506709391,1.0,0.0,17.973284678555867,47.83767090452926,365.12025737683825,826.6338192316452,363.1167368618501
37,4,5,4.161290322580645,496.635120896641,0.04183704375650411,496.5932838528845,1.0,0.0,15.11175836149388,48.57204841291738,280.4850702416544,534.8904532415538,81.25656809700293
37,4,5,4.451612903225806,459.52236406292053,0.04183704375650411,459.480527019164,1.0,0.0,10.858987315913883,26.639581128858513,307.00865905959176,827.4714025455746,237.96018301688733
37,4,5,4.741935483870968,421.15418483129775,0.04183704375650411,421.11234778754124,1.0,0.0,9.36087011947276,23.013544280744505,273.0254101763381,810.7000268540818,81.74182829561197
37,4,5,5.032258064516129,446.25787096875416,0.04183704375650411,446.21603392499765,1.0,0.0,10.27064265437103,30.503223415754793,214.08927779063575,698.5573254098335,66.80808539010205
37,4,5,5.32258064516129,420.47237982274186,0.04183704375650411,420.43054277898534,1.0,0.0,8.488385455739495,24.405963360971576,251.50471524738393,799.2160052287198,135.89902224921968
37,4,5,5.612903225806452,368.01443150237816,0.04183704375650411,367.97259445862164,1.0,0.0,9.084250763145961,22.33870175797842,226.5738418303315,770.4239739557521,236.69461306282847
37,4,5,5.903225806451613,300.80577768659845,0.04183704375650411,300.76394064284193,1.0,0.0,10.143769880159638,31.217927252195484,174.06645554416036,612.5012080559685,247.30487512424276
37,4,5,6.193548387096774,231.9005926889085,0.04183704375650411,231.858755645152,1.0,0.0,11.410323220708447,35.87407534941315,157.37348102309602,437.9151624407811,224.20360569291762
37,4,5,6.483870967741936,166.10975238274497,0.04183704375650411,166.06791533898846,1.0,0.0,12.499104450392984,42.05283156055625,119.16708128451636,295.0569149263148,213.6103602519126
37,4,5,6.774193548387097,106.75519774063571,0.019709603523984168,106.73548813711173,0.9544432922863296,0.0,13.245074628339802,46.21555847244667,108.8197625752782,235.8704013259852,206.24877048973394
37,4,5,7.064516129032258,51.161417237279366,-0.07526414832780091,51.23668138560717,0.7225743292299138,0.0,13.940136100880844,48.06602377068213,89.0030719355919,223.1661271128739,165.52243189010457
37,4,5,7.35483870967742,15.051099660170566,-0.19109944939437373,15.24219910956494,0.3706487148253649,0.0,14.884949780254066,50.90413584330994,43.28917038351073,107.47799223819284,81.58569926686762
37,4,5,7.645161290322581,1.6589690242359305,-0.2558905220183817,1.9148595462543123,0.08985060259508959,0.0,15.614780833796758,52.814522065470776,10.264763069144989,23.76139284846098,18.4456704097198
37,4,5,7.935483870967742,-0.24128228259371448,-0.2490807909849627,0.007798508391248213,0.0007452164257415025,0.0,15.850831807760581,53.21187617160904,0.13590941338064516,0.4177315899323299,0.3581742798280307
37,4,5,8.225806451612904,-0.21887162765108795,-0.2188716276511304,4.2483813342264476e-14,0.0,0.0,15.85278423388948,53.21359096378102,0.09312161769945222,0.3013939698355795,0.07987480708271555
37,4,5,8.516129032258064,-0.1929033347266527,-0.19290333472666285,1.0160912042311843e-14,0.0,0.0,15.852791291716766,53.2140043274562,0.08290066652303356,0.26698085307435826,0.06642460111911518
37,4,5,8.806451612903226,-0.17055179057411243,-0.1705517905741226,1.0160912042311843e-14,0.0,0.0,15.85279888116248,53.214370547578994,0.07390403963842118,0.2367502815644941,0.056674808537030746
37,4,5,9.096774193548388,-0.15116477738889794,-0.15116477738897213,7.41666571907329e-14,0.0,0.0,15.852806757614577,53.21469630187139,0.06595392858664025,0.21007758602190402,0.050069975325365196
37,4,5,9.387096774193548,-0.1342228320965951,-0.13422283209656607,-2.904260686109606e-14,0.0,0.0,15.852814772987688,53.214987098147965,0.05889815418607439,0.1864404589134518,0.04605097747140712
37,4,5,9.67741935483871,-0.11928424633354075,-0.11928424633352844,-1.2321105941071053e-14,0.0,0.0,15.852822909518798,53.215247624800284,0.0525946418699364,0.16537418472894494,0.04393199237790543
37,4,5,9.967741935483872,-0.10591947913277906,-0.10591947913286132,8.224738251572106e-14,0.0,0.0,15.852831356463108,53.21548235020723,0.046887671716327156,0.14640554091888855,0.04282781139614521
37,4,5,10.258064516129032,-0.0936309218305591,-0.0936309218305833,2.4202172384246713e-14,0.0,0.0,15.852840619045626,53.21569657054425,0.041575744550165945,0.1289590141881814,0.04164938463222321
37,4,5,10.548387096774194,-0.08176984150815521,-0.08176984150818535,3.01327047081551e-14,0.0,0.0,15.85285161500118,53.21589795155166,0.03637869088956111,0.11224761397288613,0.0391815621950405
37,4,5,10.838709677419356,-0.06948631351235403,-0.06948631351232518,-2.885258980518668e-14,0.0,0.0,15.852865667476886,53.21609825607471,0.0309230062178784,0.09519138687656178,0.03430019660108679
37,4,5,11.129032258064516,-0.055775010293498836,-0.05577501029345426,-4.4574000957267605e-14,0.0,0.0,15.852884258934631,53.216314401032996,0.024775345893775252,0.07644430075158674,0.02641740499537417
37,4,5,11.419354838709678,-0.03969702832349152,-0.03969702832348672,-4.8004308861315796e-15,0.0,0.0,15.852908401976165,53.216567355018434,0.017556828116684787,0.054639370093144735,0.016185957658842846
37,4,5,11.70967741935484,-0.020841390412737217,-0.02084139041279669,5.947533849963438e-14,0.0,0.0,15.852937568574337,53.216947313884475,0.009154730433675711,0.028953569492913916,0.006249044976122166
37,4,5,12.0,0.0,0.0,0.0,0.0,0.0,15.852968393152498,53.217460288271695,0.0,0.0,0.0
38,4,6,3.0,411.03304921573095,0.024423011358199645,411.0086262043727,1.0,0.0,28.09384896909783,71.43161007331479,471.58341922364724,1006.6759641538146,802.4031815555024
38,4,6,3.2903225806451615,346.36501630922305,0.024423011358199645,346.3405932978648,1.0,0.0,15.146583874279306,42.8633014192287,271.47155066624697,679.6442363650987,512.2018917309159
38,4,6,3.5806451612903225,285.08457212536945,0.024423011358199645,285.06014911401127,1.0,0.0,17.15451465169723,40.8569980791919,309.7119999674057,854.0679289196727,537.5485382044498
38,4,6,3.870967741935484,380.15660134806296,0.024423011358199645,380.1321783367047,1.0,0.0,17.20527903158675,64.13938757186112,346.02599943200875,713.1676613879812,377.7973995405768
38,4,6,4.161290322580645,386.23653148516786,0.024423011358199645,386.2121084738096,1.0,0.0,16.278838689971714,56.60463927090292,274.06457620762313,742.3381900447157,82.82300705325157
38,4,6,4.451612903225806,417.8403180447148,0.024423011358199645,417.8158950333566,1.0,0.0,10.408382356938471,34.56298661922823,306.28225626287633,964.3887841938714,111.00775635916779
38,4,6,4.741935483870968,453.5315908574723,0.024423011358199645,453.50716784611404,1.0,0.0,8.183410554841416,20.561125355470896,270.1065528623663,831.2628938618072,85.55776843253143
38,4,6,5.032258064516129,456.7819662801494,0.024423011358199645,456.75754326879115,1.0,0.0,9.861864994546496,33.70279907734921,187.23432061987526,705.3426642864862,167.3994408484396
38,4,6,5.32258064516129,404.6142998151863,0.024423011358199645,404.5898768038281,1.0,0.0,9.710288652975844,26.835911792320886,193.2936295242603,651.898843183096,100.14665501652892
38,4,6,5.612903225806452,373.87914254218833,0.024423011358199645,373.85471953083015,1.0,0.0,9.578677470155984,27.892919282349677,191.40870411663474,703.3402096379916,127.03390644765096
38,4,6,5.903225806451613,322.3636318792843,0.024423011358199645,322.33920886792606,1.0,0.0,10.101129632225009,30.941944723782576,175.21604628084202,600.5815116944269,241.43666053011944
38,4,6,6.193548387096774,242.5515924651257,0.024423011358199645,242.52716945376753,1.0,0.0,11.276194904739132,36.07623645707907,156.51033950165876,413.3210921013754,272.10834509083054
38,4,6,6.483870967741936,168.96860037021312,0.024423011358199645,168.94417735885494,1.0,0.0,12.494607969697062,42.326957879687036,115.6238491627163,289.64838488917917,236.5402510784537
38,4,6,6.774193548387097,105.19309895693145,0.009592051617410512,105.18350690531403,0.9544432922863301,0.0,12.82972735029432,44.56457197848842,105.11846931754478,276.7745916368187,208.23576899640292
38,4,6,7.064516129032258,50.7583451372651,-0.052577886873055445,50.81092302413816,0.7225743292299148,0.0,13.445801453922115,47.72571629525141,85.68367390294102,227.711002651124,161.8795769604819
38,4,6,7.35483870967742,15.065395444584311,-0.1261732766948433,15.191568721279154,0.37064871482536704,0.0,14.577668586767057,50.764234631314245,42.88923533253934,124.9540377389044,81.15326993838626
38,4,6,7.645161290322581,1.7021067352969272,-0.16521400172154985,1.867320737018477,0.08985060259508959,0.0,15.559423177022847,52.76395912364802,10.06452677945356,29.77025043652424,18.40550656089331
38,4,6,7.935483870967742,-0.15133398690436967,-0.1584752752526099,0.007141288348240254,0.0007452164257415025,0.0,15.850674518745649,53.212704236053234,0.1392424966190165,0.36127238501815784,0.3325289370227012
38,4,6,8.225806451612904,-0.13762928517408382,-0.13762928517399442,-8.940802525420067e-14,0.0,0.0,15.8528494202618,53.21669620669396,0.09407646651524036,0.2898571114750393,0.09089289598611555
38,4,6,8.516129032258064,-0.12005150937167262,-0.12005150937169247,1.9841780996010527e-14,0.0,0.0,15.852851105634505,53.216810034350345,0.08371499458967208,0.2569842270291199,0.0767554519553005
38,4,6,8.806451612903226,-0.10517693818569927,-0.10517693818563267,-6.660597854507566e-14,0.0,0.0,15.852854020659745,53.21691588069074,0.0745930060326057,0.22815426130045366,0.06546834669490115
38,4,6,9.096774193548388,-0.09247285709409449,-0.09247285709400105,-9.344838791669474e-14,0.0,0.0,15.852857782680706,53.21701391324583,0.06652954759494291,0.2027483686253218,0.056497997939151196
38,4,6,9.387096774193548,-0.08152523213231548,-0.08152523213230156,-1.391124867210214e-14,0.0,0.0,15.852862131055568,53.2171045968898,0.059370277060124495,0.1802514251463255,0.049433976491217974
38,4,6,9.67741935483871,-0.07199456878512282,-0.07199456878512021,-2.6102342943340462e-15,0.0,0.0,15.852866934390835,53.21718881842167,0.05297219192605927,0.16020411570409432,0.043914466839255074
38,4,6,9.967741935483872,-0.06356923153937129,-0.06356923153940269,3.140281871344408e-14,0.0,0.0,15.852872233893015,53.21726822617882,0.047180465748773485,0.1421344136628917,0.03953393217641516
38,4,6,10.258064516129032,-0.055912915900106754,-0.055912915900015375,-9.137820209705051e-14,0.0,0.0,15.852878315864746,53.21734575590907,0.041796907594954594,0.12546348532083587,0.035752468492085895
38,4,6,10.548387096774194,-0.048612600057074094,-0.048612600057089436,1.5341377040262172e-14,0.0,0.0,15.852885783205343,53.21742616698995,0.03654677245473513,0.10940040134955592,0.03186990271867011
38,4,6,10.838709677419356,-0.04114738377015151,-0.04114738377010399,-4.7514264875023196e-14,0.0,0.0,15.852895561835117,53.217516198155906,0.031061410386116393,0.09287083351808123,0.027138886489481866
38,4,6,11.129032258064516,-0.032914254666145754,-0.032914254666166536,2.0781865377877964e-14,0.0,0.0,15.852908743162914,53.21762372999856,0.024905605982805362,0.07456105835258674,0.021050291811201625
38,4,6,11.419354838709678,-0.023356634235598122,-0.023356634235541237,-5.688510600065922e-14,0.0,0.0,15.852926151186844,53.21775525053717,0.017684026244903558,0.05318419494686785,0.01374656113965735
38,4,6,11.70967741935484,-0.01223167465662063,-0.012231674656628286,7.655687173611925e-15,0.0,0.0,15.852947575118696,53.217911208074135,0.009250416213449237,0.02806064292648144,0.006324828417505776
38,4,6,12.0,0.0,0.0,0.0,0.0,0.0,15.852970795039644,53.21807989823744,0.0,0.0,0.0
39,4,7,3.0,382.70069846389543,-0.051327253974461105,382.75202571786986,1.0,0.0,18.961852174573636,37.330269592209504,451.5103725756476,1010.1639403294332,461.53636143092626
39,4,7,3.2903225806451615,338.05538661470916,-0.051327253974461105,338.10671386868364,1.0,0.0,13.01572063976685,34.22624146796905,367.24426950686257,899.5440142663767,519.0835877931306
39,4,7,3.5806451612903225,370.2498997881402,-0.051327253974461105,370.30122704211465,1.0,0.0,12.309004129725924,32.67362218020503,298.19714497332774,728.306374133717,243.26797348716264
39,4,7,3.870967741935484,396.3884160163458,-0.051327253974461105,396.4397432703202,1.0,0.0,10.505959245250422,25.17309955244642,292.83644628654446,857.6547909980492,197.9016069151554
39,4,7,4.161290322580645,451.84624558177205,-0.051327253974461105,451.8975728357465,1.0,0.0,10.361376374082198,28.505437463180286,248.75425573113606,864.6829853857496,331.0658991871988
39,4,7,4.451612903225806,494.29915824508663,-0.051327253974461105,494.35048549906105,1.0,0.0,10.609621168150527,34.292625798206224,214.95946587107213,574.4179245033039,29.150644636222626
39,4,7,4.741935483870968,479.629304440613,-0.051327253974461105,479.6806316945874,1.0,0.0,10.099337668888356,31.844117000658926,262.3519832338751,534.8051069654668,145.0914352520365
39,4,7,5.032258064516129,440.374617461543,-0.051327253974461105,440.4259447155174,1.0,0.0,11.308789363260985,39.05381449927069,219.37493756325068,515.1910752875071,108.22568126837318
39,4,7,5.32258064516129,407.19314527337036,-0.051327253974461105,407.2444725273448,1.0,0.0,10.526542328742709,33.69117466067685,187.98083908108552,487.7445922874936,97.04616156265531
39,4,7,5.612903225806452,373.5385136546871,-0.051327253974461105,373.58984090866153,1.0,0.0,10.049360086951356,32.43786582422485,180.1118475286696,555.0867884978742,141.4187766290081
39,4,7,5.903225806451613,317.9222534041424,-0.051327253974461105,317.9735806581169,1.0,0.0,12.332945574182162,39.35004560006934,141.10841220768532,351.58147373866717,233.20848756124596
39,4,7,6.193548387096774,251.4503754408447,-0.051327253974461105,251.5017026948192,1.0,0.0,13.587240260364538,47.58996329464428,129.22472846440746,259.13089107448525,210.07851343936588
39,4,7,6.483870967741936,189.15135499266847,-0.051327253974461105,189.20268224664292,1.0,0.0,15.428145343934471,56.738701678206404,111.0879682407722,319.3830297033324,196.08111630612527
39,4,7,6.774193548387097,132.03450838782055,-0.036802409633487854,132.07131079745406,0.9544432922863304,0.0,15.552100643547695,59.071214714222954,112.71371809536458,344.2664550580099,209.5425649460886
39,4,7,7.064516129032258,70.30469802271757,0.033906233225824624,70.27079178949174,0.7225743292299158,0.0,15.380100903490023,56.98561643765018,94.06109795154262,262.01993957804245,202.2142487699084
39,4,7,7.35483870967742,23.747772908039373,0.1330727617716012,23.614700146267772,0.3706487148253681,0.0,15.382995954796616,54.04642571173599,49.87939334929432,118.8847180978693,111.3010641414288
39,4,7,7.645161290322581,4.031903010202313,0.20124253731512448,3.8306604728871876,0.08985060259509069,0.0,15.655925044166727,53.154054997577695,11.901123296029164,25.45679822058108,32.019764039540846
39,4,7,7.935483870967742,0.2351628703406614,0.21009513959100803,0.025067730749653367,0.0007452164257419124,0.0,15.850300195639326,53.228622565186114,0.1789660641220452,0.2623424388677321,1.1125975465907731
39,4,7,8.225806451612904,0.19456681988710758,0.19456681988718824,-8.064723888701053e-14,0.0,0.0,15.853737878305509,53.22631776454905,0.08032181705429112,0.15822853544032425,0.04092471144569609
39,4,7,8.516129032258064,0.1793446888398498,0.1793446888398682,-1.8401651730171053e-14,0.0,0.0,15.853680580101932,53.22567075994442,0.07169936172969045,0.14179458337013995,0.04145830545231064
39,4,7,8.806451612903226,0.16481993437239983,0.16481993437252396,-1.241311419972191e-13,0.0,0.0,15.853629186051808,53.225089214549705,0.06402894088427274,0.12757598009539706,0.04282444422041968
39,4,7,9.096774193548388,0.15109400051148578,0.15109400051150287,-1.708153323648487e-14,0.0,0.0,15.853582890666681,53.22456558139091,0.05718434755963989,0.1163415574456083,0.044715418748536996
39,4,7,9.387096774193548,0.13819835323318808,0.1381983532332289,-4.084366612283619e-14,0.0,0.0,15.853540910389324,53.22409313604353,0.051056760915140456,0.10614762958777366,0.04684685276256702
39,4,7,9.67741935483871,0.12609343005840862,0.12609343005841162,-3.0002693038322372e-15,0.0,0.0,15.853502269465162,53.22366553428274,0.04554576828779387,0.0968232807083239,0.048880701816031116
39,4,7,9.967741935483872,0.11463529983405772,0.11463529983415434,-9.660867158339804e-14,0.0,0.0,15.853465467202852,53.22327580384984,0.04054321474357779,0.08813551534010014,0.050313752857778005
39,4,7,10.258064516129032,0.10350910891677433,0.10350910891686077,-8.644775954108619e-14,0.0,0.0,15.853428083870872,53.22291453776963,0.03590766570273026,0.07972402233871814,0.050377738326646944
39,4,7,10.548387096774194,0.09214567533271208,0.0921456753326824,2.9682664312580264e-14,0.0,0.0,15.85338650942029,53.222567377334414,0.031432606320849675,0.07103658407717262,0.04803811971066865
39,4,7,10.838709677419356,0.07966691971387632,0.07966691971387571,6.100547584458883e-16,0.0,0.0,15.853336129396391,53.22221252727801,0.02682107136280272,0.0613084455624947,0.04221124866155112
39,4,7,11.129032258064516,0.06494124717781098,0.06494124717788595,-7.49767299027676e-14,0.0,0.0,15.853272411313444,53.22181998305852,0.021690213163667687,0.04965416028342717,0.03231794685664713
39,4,7,11.419354838709678,0.046855330870358036,0.046855330870470654,-1.1262010876818274e-13,0.0,0.0,15.853193281273002,53.221355113258475,0.015634895923080355,0.03535068768937117,0.0192125253713212
39,4,7,11.70967741935484,0.02489269380578587,0.024892693805791278,-5.410485644577468e-15,0.0,0.0,15.853102767657086,53.22078965166991,0.008375539969375878,0.01835768756773384,0.00630758065553888
39,4,7,12.0,0.0,0.0,0.0,0.0,0.0,15.853014822481004,53.22012198289977,0.0,0.0,0.0
40,5,0,3.0,380.6499887613542,13.444122516655478,367.2058662446987,1.0,0.5797299551260466,32.728082272498646,99.6873598409882,701.225688810872,1448.647501873671,2064.761873919153
40,5,0,3.2903225806451615,292.3441795506184,28.614519025860346,263.729660524758,1.0,1.2375819752125525,29.741705075679032,80.20246031034148,637.9675826135943,1431.235324624528,996.6083544136409
40,5,0,3.5806451612903225,303.3272781517013,11.077489705115065,292.24978844658625,1.0,0.47710283032214335,17.676137314338018,46.627085478847135,441.9561363558645,829.2543046117794,905.0131679740269
40,5,0,3.870967741935484,386.43983164875783,0.10621040251518861,386.33362124624267,1.0,0.0013421441878497592,25.90838541300161,76.17973082622564,585.6671922773763,1520.8389815095984,478.428351031095
40,5,0,4.161290322580645,320.35796371661803,0.07525988647127924,320.2827038301467,1.0,0.0,24.802539659642758,68.47228793037047,486.4746504486157,1276.3762299809807,1503.3838826592494
40,5,0,4.451612903225806,101.18619860156173,0.07525988647127924,101.11093871509046,1.0,0.0,12.217054622879767,39.837367884547675,278.24218750912286,775.4085867682361,294.5941578028516
40,5,0,4.741935483870968,180.76842555637728,0.07525988647127924,180.69316566990602,1.0,0.0,15.401785199908025,42.4472052265458,269.10669998701934,520.9941118405441,80.10968635585455
40,5,0,5.032258064516129,218.25018629599663,0.07525988647127924,218.17492640952534,1.0,0.0,16.685884316212604,59.44028918863998,239.8198242647038,565.4272571513028,138.4077548030961
40,5,0,5.32258064516129,231.63160552905248,0.07525988647127924,231.5563456425812,1.0,0.0,13.265614035113074,39.23112736368291,247.7795027963164,712.017285166449,65.30289658817033
40,5,0,5.612903225806452,241.82289173924798,0.07525988647127924,241.7476318527767,1.0,0.0,10.761933694890542,38.653392243302754,219.2797309293227,713.4040465836816,265.1434689140394
40,5,0,5.903225806451613,304.65930412155245,0.07525988647127924,304.58404423508114,1.0,0.0,11.69990508897994,37.75585785321827,196.7196807548189,600.5875506011513,161.3790752767452
40,5,0,6.193548387096774,308.69981416501463,0.07525988647127924,308.62455427854337,1.0,0.0,12.237298757385435,34.85094333494367,219.41562494528736,636.9147308931933,59.06656737163708
40,5,0,6.483870967741936,252.02946436990672,0.07525988647127924,251.95420448343543,1.0,0.0,10.858991463300184,35.00143318265115,216.02596283938527,766.1720643217952,210.2968153537212
40,5,0,6.774193548387097,186.26993229977683,0.007979691178765689,186.26195260859805,0.9544432922863288,0.0,10.434454522748746,26.124328810081394,216.51240523260816,821.8821927232825,272.1085324057368
40,5,0,7.064516129032258,106.51863323002583,-0.2665701724780423,106.78520340250385,0.7225743292299119,0.0,11.564174785434528,37.32480194551699,144.67685306181443,595.2970465610864,263.13154854765764
40,5,0,7.35483870967742,40.30672170394401,-0.576600834560249,40.88332253850426,0.3706487148253627,0.0,13.543107257196615,45.14319362432064,71.63649128441307,288.4408420829285,181.66423423395597
40,5,0,7.645161290322581,6.406369573137664,-0.7245407228417221,7.130910295979387,0.08985060259508786,0.0,15.314297109194715,51.32556681199184,16.39413375189534,64.90743049263725,59.36890189935046
40,5,0,7.935483870967742,-0.6315494881228276,-0.676581585857633,0.04503209773480533,0.0007452164257415766,0.0,15.84764062527498,53.1916413098795,0.3173860158032259,0.7491444034896734,1.8603161913648374
40,5,0,8.225806451612904,-0.5744451753869353,-0.5744451753869542,1.8881694818784212e-14,0.0,0.0,15.851209971673114,53.21085715963497,0.16336324146821835,0.4726236639263256,0.19527389829380237
40,5,0,8.516129032258064,-0.49009321611210943,-0.49009321611205,-5.944533580659605e-14,0.0,0.0,15.85139820045092,53.21176671107458,0.1418832615300604,0.40198423386750143,0.1404726261761867
40,5,0,8.806451612903226,-0.42010293508840174,-0.4201029350884223,2.0561845628930264e-14,0.0,0.0,15.851563190467335,53.212535439680245,0.12361050261604924,0.3434107950463452,0.0981945989008916
40,5,0,9.096774193548388,-0.36147702993064484,-0.3614770299305862,-5.864526399224079e-14,0.0,0.0,15.851707926281216,53.21318953103846,0.10795487058966421,0.29436635634973674,0.06621299039305059
40,5,0,9.387096774193548,-0.31192417336339806,-0.31192417336349204,9.400843818674343e-14,0.0,0.0,15.851835084953146,53.21374972482641,0.094448939650914,0.2529235162694156,0.04411187558616598
40,5,0,9.67741935483871,-0.26962493895595524,-0.26962493895597844,2.3202082616302633e-14,0.0,0.0,15.851947108320335,53.214233072748996,0.08270247297521906,0.21758052851817988,0.03360334823020548
40,5,0,9.967741935483872,-0.23301615976166487,-0.23301615976172305,5.816522090362764e-14,0.0,0.0,15.85204639562166,53.21465476224198,0.07235320103382488,0.1870884412781626,0.03415610138404836
40,5,0,10.258064516129032,-0.20058160537616124,-0.2005816053761595,-1.7601579915815791e-15,0.0,0.0,15.852135640897703,53.21503012207308,0.06301175560785612,0.1639414186925825,0.038700140544567045
40,5,0,10.548387096774194,-0.17066917162207348,-0.17066917162216225,8.874796600735757e-14,0.0,0.0,15.852218270142965,53.2153765781419,0.05420981509920086,0.14324163241398513,0.04100086236005556
40,5,0,10.838709677419356,-0.1413976212107718,-0.14139762121082383,5.202466972845099e-14,0.0,0.0,15.852298816931839,53.21571484253139,0.045375681064258024,0.12138328800121594,0.03806923118105652
40,5,0,11.129032258064516,-0.11075741526659855,-0.11075741526664812,4.958445069466744e-14,0.0,0.0,15.852382930158289,53.216068108704654,0.03587508836427819,0.09671772013594111,0.029155823584649982
40,5,0,11.419354838709678,-0.07702730952745418,-0.07702730952750336,4.918441478748981e-14,0.0,0.0,15.85247658627166,53.21645773864341,0.02515723416402543,0.06793267149379688,0.016179842286120506
40,5,0,11.70967741935484,-0.039582310835719794,-0.0395823108357971,7.730693906207731e-14,0.0,0.0,15.852584080452152,53.216894296094736,0.013026374591994431,0.034938458865371905,0.005177721156753487
40,5,0,12.0,0.0,0.0,0.0,0.0,0.0,15.852704657583336,53.21736447433697,0.0,0.0,0.0
41,5,1,3.0,371.7568261362991,4.945850676863612,366.8109754594355,1.0,0.21623889528725693,39.38100897211764,109.47388557482155,854.918757432181,1562.107672615365,2471.0317187162946
41,5,1,3.2903225806451615,459.0869000176399,-0.04001993875340028,459.1269199563933,1.0,3.06337310455617e-05,33.33261666388545,71.50555309216867,710.9542378052158,1371.4096652214455,1590.0585499612355
41,5,1,3.5806451612903225,280.5297818619142,-0.04072636790817645,280.5705082298224,1.0,0.0,18.35355497887476,57.6746146351347,344.82644412712364,764.1943212698831,400.84037818191604
41,5,1,3.870967741935484,327.86662336950445,-0.04072636790817645,327.90734973741263,1.0,0.0,15.24429007045623,35.17563497598857,295.1597110422215,624.7940170567933,255.74590183907
41,5,1,4.161290322580645,339.9989361289644,-0.04072636790817645,340.03966249687255,1.0,0.0,16.746906616739885,44.842589226330865,278.3970330043869,603.8639102901692,361.93238720262895
41,5,1,4.451612903225806,359.6169233344505,-0.04072636790817645,359.6576497023587,1.0,0.0,17.17041403813054,56.18860667004079,282.4081708003494,582.3530601924484,239.84079590500906
41,5,1,4.741935483870968,274.0689285925241,-0.04072636790817645,274.1096549604323,1.0,0.0,11.299136184553506,38.2641156453991,235.1408190254667,753.135071317461,263.3319624785143
41,5,1,5.032258064516129,277.9919652598728,-0.04072636790817645,278.032691627781,1.0,0.0,13.969582373578248,42.63497719369165,232.01510328232897,461.2205904867563,232.63045497922116
41,5,1,5.32258064516129,322.06445434936865,-0.04072636790817645,322.1051807172768,1.0,0.0,12.575733656904358,37.11036541592693,266.40427703432465,552.453830644968,53.285386462990594
41,5,1,5.612903225806452,307.7090231974204,-0.04072636790817645,307.74974956532856,1.0,0.0,10.941115769941183,37.755869775357965,225.09862396819767,565.7505494486117,42.376839431853156
41,5,1,5.903225806451613,281.2535623857605,-0.04072636790817645,281.2942887536687,1.0,0.0,10.04559961523121,35.98920591362035,192.6079809084401,664.2073544247107,84.54886437651278
41,5,1,6.193548387096774,259.8891950161263,-0.04072636790817645,259.92992138403446,1.0,0.0,9.616601873289362,25.110323256656436,211.6240546271117,678.4225005575223,48.163662539093714
41,5,1,6.483870967741936,236.49051877715078,-0.04072636790817645,236.53124514505896,1.0,0.0,10.189315227752516,25.777495401609126,218.87792259905513,693.1417734523029,122.05853427275298
41,5,1,6.774193548387097,183.25938351719608,-0.031623693210958884,183.29100721040703,0.9544432922863296,0.0,11.248824151901925,33.559451094764874,183.98538870721498,603.2460863320666,237.2847994134143
41,5,1,7.064516129032258,108.8632308329323,0.018103462737418363,108.84512737019489,0.7225743292299138,0.0,12.522260359380576,42.83963222869632,115.3951784975829,404.3034790963048,258.4857971663498
41,5,1,7.35483870967742,44.10130317381172,0.09445041261454595,44.00685276119717,0.3706487148253659,0.0,14.098119979329386,47.66006267451671,57.57127547436344,186.95247451554965,178.11905123283458
41,5,1,7.645161290322581,8.26020341570315,0.15173890247248925,8.108464513230661,0.08985060259508852,0.0,15.428970185424081,51.85414100747773,14.193152318926245,40.802246749285494,67.57194877386044
41,5,1,7.935483870967742,0.21066806078936778,0.16358350818405312,0.047084552605314654,0.0007452164257417919,0.0,15.849928739019386,53.217284398687966,0.23838390194185255,0.32625415058103346,2.153874885141357
41,5,1,8.225806451612904,0.1546331817423876,0.15463318174232213,6.546587620961941e-14,0.0,0.0,15.853681966391932,53.22537667487641,0.07628004407479759,0.19014691742696319,0.054520676809799565
41,5,1,8.516129032258064,0.1444682697861153,0.14446826978616192,-4.6624184981552966e-14,0.0,0.0,15.853610862941395,53.224718014809184,0.06719674408490654,0.16878295765098555,0.048874032967894346
41,5,1,8.806451612903226,0.13391040062250434,0.13391040062245993,4.440398569671711e-14,0.0,0.0,15.853550507261286,53.22413798947096,0.05930127287391227,0.1501210096584191,0.045198711278934225
41,5,1,9.096774193548388,0.12338192502963455,0.12338192502969593,-6.138550995640758e-14,0.0,0.0,15.853498720939015,53.223625374829574,0.05240677431632636,0.1337358145348085,0.043051778928460044
41,5,1,9.387096774193548,0.11313464389846165,0.11313464389849334,-3.1702845643827306e-14,0.0,0.0,15.853453819685285,53.2231705442358,0.04635874774839214,0.11927203613837664,0.042044916913414124
41,5,1,9.67741935483871,0.10328669021275398,0.10328669021275427,-3.000269303832237e-16,0.0,0.0,15.853414389513787,53.22276464096891,0.041020946000709484,0.10640634794631702,0.0417407848700038
41,5,1,9.967741935483872,0.09382093051697483,0.09382093051704532,-7.048632684469869e-14,0.0,0.0,15.853379042545438,53.22239827386867,0.03625554545780977,0.09479489897039338,0.041566881007137645
41,5,1,10.258064516129032,0.08454882589783067,0.08454882589789062,-5.99453806905681e-14,0.0,0.0,15.853346151864077,53.222059680559234,0.03189662613755408,0.08400608106738904,0.040752846912942904
41,5,1,10.548387096774194,0.07505646359639986,0.07505646359647418,-7.432667155360395e-14,0.0,0.0,15.853313622076644,53.22173269820117,0.02772262116172718,0.07345426518825424,0.03834641284054753
41,5,1,10.838709677419356,0.06467182762869098,0.06467182762862451,6.64659659775635e-14,0.0,0.0,15.853278827863956,53.221395500023604,0.023443147890518337,0.06237245996341408,0.033398523716137704
41,5,1,11.129032258064516,0.05251903694701787,0.052519036946978404,3.946354224307336e-14,0.0,0.0,15.85323892333003,53.22102176204466,0.01872327897153359,0.049884132847916804,0.02540777123240839
41,5,1,11.419354838709678,0.037743045772813594,0.03774304577281935,-5.760517063357895e-15,0.0,0.0,15.853191741962206,53.22058638470739,0.013265524719687812,0.03524288007784987,0.015049106760187716
41,5,1,11.70967741935484,0.0199725860365326,0.019972586036518792,1.3811239695307732e-14,0.0,0.0,15.853137387198526,53.22007749082502,0.006950455859132816,0.018280113435614493,0.005034501420028006
41,5,1,12.0,0.0,0.0,0.0,0.0,0.0,15.853080228019945,53.21951415558125,0.0,0.0,0.0
42,5,2,3.0,543.8490418618717,173.00796995194247,370.84107190992916,1.0,7.5037502378718575,23.54785741255063,66.81971041858239,463.6403540265202,1384.6624211819644,2008.0154877663495
42,5,2,3.2903225806451615,699.8514657716779,361.03193136445134,338.81953440722657,1.0,15.657257811970808,22.59097525924647,125.35949999659377,577.4826394429731,2754.3382942825974,2695.408679918885
42,5,2,3.5806451612903225,552.4790727278903,206.3468905854476,346.13218214244273,1.0,8.949465666136861,19.15586608478461,93.95756222997022,479.69192888857657,2087.564708648773,2205.646369168824
42,5,2,3.870967741935484,307.04504399882376,28.52882849241283,278.51621550641096,1.0,1.2385286919587315,14.437474503301098,38.85048580144331,325.8062380410359,676.8430118201892,364.0432486273911
42,5,2,4.161290322580645,241.99414215583337,-0.03226240850150046,242.02640456433488,1.0,0.0,18.072955826227094,53.759893991038865,277.2022509303646,665.3469891174864,212.5894411542872
42,5,2,4.451612903225806,242.68154832205568,-0.03226240850150046,242.71381073055716,1.0,0.0,15.057066821485469,45.46554207225013,183.39445115969897,396.8769367906159,384.7520117429511
42,5,2,4.741935483870968,392.9788427564054,-0.03226240850150046,393.0111051649069,1.0,0.0,16.695382683431422,49.88899779382193,231.6042042178186,674.7835507669892,235.95885350654964
42,5,2,5.032258064516129,374.80750832809366,-0.03226240850150046,374.83977073659514,1.0,0.0,13.126034344911716,48.31615867270678,256.6675451172539,562.1856504633058,175.10950869407284
42,5,2,5.32258064516129,325.67727454262774,-0.03226240850150046,325.7095369511293,1.0,0.0,11.269490668963716,29.026697820817347,225.20795686514907,640.6805901026778,227.2596170169101
42,5,2,5.612903225806452,302.2323401117844,-0.03226240850150046,302.2646025202859,1.0,0.0,9.46293848970826,22.67711486079545,217.7306907780726,709.1152214726083,32.79594742974074
42,5,2,5.903225806451613,324.5577160886767,-0.03226240850150046,324.58997849717827,1.0,0.0,10.573587971609308,30.028335419872533,232.18640106302178,628.6699645875021,80.43652103014631
42,5,2,6.193548387096774,282.50846063374206,-0.03226240850150046,282.5407230422436,1.0,0.0,10.945122391900194,38.23824760791284,211.68221472381433,587.0738410732176,104.0972351852104
42,5,2,6.483870967741936,239.2896364053306,-0.03226240850150046,239.32189881383212,1.0,0.0,12.23867653891237,46.36783547054423,171.41816756991022,612.9879812064743,133.3982738241328
42,5,2,6.774193548387097,191.94987074987304,-0.026214663242636313,191.9760854131157,0.9544432922863296,0.0,12.694581714590408,47.51421156016301,139.06338513927716,509.8984697286268,233.90528501312625
42,5,2,7.064516129032258,111.82584727857429,0.009530646624379698,111.8163166319499,0.7225743292299148,0.0,13.309852045026101,50.260928003959215,104.44078737459591,347.37252502622056,287.87029699419907
42,5,2,7.35483870967742,41.28359180793972,0.06742736426033033,41.21616444367939,0.3706487148253659,0.0,14.730590270759384,53.291988442188305,49.63535601704351,166.20199763045542,182.0229782759423
42,5,2,7.645161290322581,7.269155115962279,0.11297670617229125,7.156178409789988,0.08985060259508919,0.0,15.605794180584573,53.32346186151687,11.578799270804055,35.18508006327284,59.58727581833485
42,5,2,7.935483870967742,0.1689819502591084,0.12425268106880093,0.04472926919030746,0.0007452164257415025,0.0,15.85000968462877,53.227448637519764,0.23593710716976596,0.5335519491761906,2.025530146172296
42,5,2,8.225806451612904,0.11894383982659404,0.11894383982651839,7.564679004729014e-14,0.0,0.0,15.853639520164284,53.222972768590935,0.08227870601775115,0.19982738283351717,0.048376147389490975
42,5,2,8.516129032258064,0.11211847270265618,0.1121184727025812,7.498673080044705e-14,0.0,0.0,15.853567766213027,53.22253146113014,0.07289367213795454,0.1737512800686544,0.04292219693208403
42,5,2,8.806451612903226,0.10459683953762726,0.10459683953758556,4.1703743323268096e-14,0.0,0.0,15.85350754684732,53.22213994177579,0.06465104666203879,0.15178290100950947,0.03927764429908467
42,5,2,9.096774193548388,0.09683090013943745,0.09683090013930601,1.3143179730321087e-13,0.0,0.0,15.853456402006282,53.22179233441352,0.05738306670385045,0.1330992551571183,0.03696464607651122
42,5,2,9.387096774193548,0.08910054777562797,0.08910054777548328,1.4469298762614936e-13,0.0,0.0,15.853412445514994,53.22148327390805,0.05094781217991548,0.11944457219954457,0.03562902791424781
42,5,2,9.67741935483871,0.08155507644589223,0.08155507644588636,5.880527835511185e-15,0.0,0.0,15.853374084340057,53.22120773686429,0.045217604440455084,0.10785055865136331,0.03491766438211813
42,5,2,9.967741935483872,0.0742198229007626,0.07421982290061971,1.4289282604385e-13,0.0,0.0,15.853339725634095,53.22096055034969,0.040060859551810345,0.09719855748769593,0.0343825011104661
42,5,2,10.258064516129032,0.06697267852921887,0.0669726785291742,4.466400903638257e-14,0.0,0.0,15.853307483007095,53.22073550928732,0.035316033871601316,0.08709277627820683,0.033415798199079104
42,5,2,10.548387096774194,0.05950478963683552,0.05950478963673637,9.9148899593976e-14,0.0,0.0,15.853274964931185,53.220524195104694,0.030761758002360473,0.0769509628705823,0.03125820602162326
42,5,2,10.838709677419356,0.0512971939090112,0.051297193908915045,9.614863029014375e-14,0.0,0.0,15.853239310584717,53.22031489634997,0.026096304858844045,0.06597391653773622,0.027147537363791684
42,5,2,11.129032258064516,0.04166601411839239,0.041666014118332255,6.013039729763775e-14,0.0,0.0,15.853197698878185,53.22009244537383,0.0209495880426019,0.05322228952116169,0.020675217128552387
42,5,2,11.419354838709678,0.029942541443952808,0.029942541443836942,1.1586540006516128e-13,0.0,0.0,15.8531485347124,53.219840171688645,0.014956134998390618,0.03788091987126821,0.01236582395633609
42,5,2,11.70967741935484,0.01584155164505682,0.015841551644991157,6.566089371436851e-14,0.0,0.0,15.853093316074123,53.219545266218184,0.007910619000948343,0.019763491274985372,0.004346114707618974
42,5,2,12.0,0.0,0.0,0.0,0.0,0.0,15.853038663953422,53.21920820415822,0.0,0.0,0.0
43,5,3,3.0,1963.4371097729081,1789.6828197498708,173.7542900230373,1.0,77.60890530188728,79.14572396434215,577.9005970288888,1784.0393384776735,13562.713144162644,12336.109218978989
43,5,3,3.2903225806451615,525.2031876581515,207.1206670254561,318.08252063269543,1.0,8.982372801533227,33.58283253176879,88.72300268525423,721.5788241765323,2094.9166469973657,2204.9869334790938
43,5,3,3.5806451612903225,99.84818949028407,9.17321557557823,90.67497391470584,1.0,0.39854107846226866,26.134540461960814,86.26101625507859,606.0506872256462,1399.9470438211956,1330.429371698427
43,5,3,3.870967741935484,126.81086033331304,0.11513782636669682,126.69572250694634,1.0,0.005744836003886026,17.544618462698793,41.36669325432805,392.17877891577405,824.1778433092844,811.366352273401
43,5,3,4.161290322580645,309.0302536842368,-0.017340964300916865,309.0475946485377,1.0,0.0,17.838079480306323,40.37101386527813,367.9882047647482,787.9923192220281,550.07364505854
43,5,3,4.451612903225806,247.44636776539653,-0.017340964300916865,247.46370872969743,1.0,0.0,18.576930271809623,49.18610238028455,340.9853882186664,814.4331274202057,518.2192740926605
43,5,3,4.741935483870968,281.83420209583306,-0.017340964300916865,281.85154306013396,1.0,0.0,17.260386566258024,46.89681914096976,229.78714947837167,521.0985839900135,232.32731247016866
43,5,3,5.032258064516129,253.19609892292513,-0.017340964300916865,253.21343988722603,1.0,0.0,14.721515382585267,44.21470231899902,195.266744124777,519.3488037817642,341.5705855228406
43,5,3,5.32258064516129,261.10302962329393,-0.017340964300916865,261.12037058759483,1.0,0.0,14.959948920472144,38.545692024688016,252.54758198683405,669.558097128446,282.13797709980065
43,5,3,5.612903225806452,196.7868818531161,-0.017340964300916865,196.804222817417,1.0,0.0,14.037394343529613,43.05815479218569,181.9729046317628,506.3549347992812,287.5596497003001
43,5,3,5.903225806451613,234.0725257640449,-0.017340964300916865,234.0898667283458,1.0,0.0,11.529244673705412,38.75295075990082,172.61011165831425,654.5414074911387,49.68274645271296
43,5,3,6.193548387096774,237.94458539670637,-0.017340964300916865,237.96192636100727,1.0,0.0,11.56951208735094,36.09882825129884,185.55530933285343,615.8724553444343,39.115754926141754
43,5,3,6.483870967741936,227.82042847763043,-0.017340964300916865,227.83776944193133,1.0,0.0,10.72561553659776,32.607069340184225,198.58147169697327,676.4678461795248,52.13647270350702
43,5,3,6.774193548387097,181.33580282637763,-0.025546927350846037,181.36134975372846,0.9544432922863293,0.0,10.140150428012088,32.025756931863576,195.60361273156664,761.0863799682489,219.05984181040722
43,5,3,7.064516129032258,114.98974532088668,-0.044882460004601575,115.03462778089128,0.7225743292299128,0.0,11.682143461974409,33.646583357280036,167.59002102386526,587.5901061939509,260.8177824856435
43,5,3,7.35483870967742,46.25448084140853,-0.04419460925410231,46.29867545066263,0.3706487148253649,0.0,13.530209365376328,42.49917754489696,83.17368168229964,259.9189533164776,191.40997325860405
43,5,3,7.645161290322581,8.155447739640103,-0.021713985771029815,8.177161725411132,0.08985060259508852,0.0,15.336890903823734,51.09961536116262,16.591705656541155,52.618767296278094,68.03657041940214
43,5,3,7.935483870967742,0.056966015027263145,0.002428460225672159,0.05453755480159098,0.0007452164257417919,0.0,15.849426200507427,53.20935757422791,0.28460054620093334,0.6859551752789758,2.414456171753726
43,5,3,8.225806451612904,0.017935117904272584,0.017935117904327703,-5.511744733581806e-14,0.0,0.0,15.853455300979666,53.22428408172461,0.10112821199684124,0.26756607801692317,0.10957738339472953
43,5,3,8.516129032258064,0.027279436659442203,0.027279436659407748,3.445309250567352e-14,0.0,0.0,15.853372490494483,53.223671603907285,0.08847142674267706,0.23415806770272343,0.08988256566991029
43,5,3,8.806451612903226,0.03249843365644663,0.03249843365653804,-9.140820479008882e-14,0.0,0.0,15.853309558277354,53.22313847375115,0.07759841197250851,0.20551590929209954,0.0751093412876378
43,5,3,9.096774193548388,0.03496438265011391,0.03496438265012251,-8.60077200431908e-15,0.0,0.0,15.853260999480241,53.22267261549534,0.06819718388887924,0.18078468607717774,0.06371493930843385
43,5,3,9.387096774193548,0.035603960834935035,0.03560396083502315,-8.81179094535528e-14,0.0,0.0,15.853222918172111,53.22226380596747,0.060017061247618714,0.15928319450334572,0.054721198010736494
43,5,3,9.67741935483871,0.03503445687855942,0.03503445687856811,-8.690780083434048e-15,0.0,0.0,15.853192526478324,53.221902895043755,0.05284473764893864,0.14043368027545894,0.0474754856553809
43,5,3,9.967741935483872,0.033644679931849435,0.03364467993186885,-1.9411742395794574e-14,0.0,0.0,15.853167750094105,53.22158067946429,0.04647616457088581,0.12368244927987998,0.041475352244432676
43,5,3,10.258064516129032,0.03163351630043907,0.031633516300448,-8.930801627740625e-15,0.0,0.0,15.853146924527021,53.221286412356626,0.04068297154057069,0.10840804523404679,0.036238666197045064
43,5,3,10.548387096774194,0.02902164432274835,0.029021644322737822,1.0530945256451152e-14,0.0,0.0,15.853128573971762,53.22100624506419,0.035178855289807257,0.0938327059305936,0.03122874444187057
43,5,3,10.838709677419356,0.025659342307164674,0.02565934230724198,-7.730693906207731e-14,0.0,0.0,15.853111290253,53.22072236448364,0.029601215526222677,0.07897908910067705,0.025876986435518706
43,5,3,11.129032258064516,0.02126361290978576,0.02126361290980459,-1.883419055480687e-14,0.0,0.0,15.853093754658062,53.22041409239146,0.023533542444318933,0.06274105479811044,0.01974919742609426
43,5,3,11.419354838709678,0.015524928277620567,0.015524928277673015,-5.2447207655407366e-14,0.0,0.0,15.853074954549124,53.220062492177746,0.01659884373989815,0.044149736920790716,0.01284804853252693
43,5,3,11.70967741935484,0.008316577823521982,0.008316577823611037,-8.905549361100037e-14,0.0,0.0,15.853054616646684,53.21965961995678,0.008644428501191119,0.022888273970854526,0.005896945228117751
43,5,3,12.0,0.0,0.0,0.0,0.0,0.0,15.853033776198014,53.219221732971505,0.0,0.0,0.0
44,5,4,3.0,463.86447799565303,14.558135467380941,449.30634252827207,1.0,0.6323846783522896,35.75201299665776,137.0596332031389,742.4437399123772,2169.6214741753943,1665.0602606318778
44,5,4,3.2903225806451615,259.875051777045,1.5988490307103063,258.27620274633466,1.0,0.07041566481526158,33.804243933357775,69.4788506103829,708.4719384690733,1502.399829548073,1162.7239790841472
44,5,4,3.5806451612903225,188.93544654721123,-0.02497140776203352,188.96041795497325,1.0,0.0,17.4485787246868,46.55512676622283,361.24692124738544,825.500572497489,310.2930206373671
44,5,4,3.870967741935484,256.81310065289796,-0.02497140776203352,256.83807206065995,1.0,0.0,15.149911827529346,36.934076151946975,311.3018601143926,648.2477815110661,384.0043970723142
44,5,4,4.161290322580645,368.02958021416435,-0.02497140776203352,368.0545516219264,1.0,0.0,13.251356542924054,38.310979419246124,246.04222679571532,437.0314647799609,212.29278692424316
44,5,4,4.451612903225806,323.37442441756605,-0.02497140776203352,323.3993958253281,1.0,0.0,13.838394698525562,49.60648551155891,216.70894622439636,500.70416511086376,148.28512261071864
44,5,4,4.741935483870968,322.37339332831755,-0.02497140776203352,322.3983647360796,1.0,0.0,13.54395080281237,34.73180487675069,253.99255908139506,545.4161968455384,143.04213992612142
44,5,4,5.032258064516129,297.8563879007873,-0.02497140776203352,297.8813593085493,1.0,0.0,10.873576484283523,34.16470931819027,266.6370054382951,626.2307620926422,67.36598200555119
44,5,4,5.32258064516129,334.78177207637043,-0.02497140776203352,334.8067434841325,1.0,0.0,10.575592828680843,37.38876464400582,267.52147859531374,630.4764949821122,147.33191600017304
44,5,4,5.612903225806452,335.522625102251,-0.02497140776203352,335.5475965100131,1.0,0.0,10.274122622776474,39.21010972233311,235.2116753739517,641.5156366011116,93.382858383224
44,5,4,5.903225806451613,286.4567587567794,-0.02497140776203352,286.4817301645414,1.0,0.0,10.622424801092482,36.899921149142216,199.40730026302924,564.4944055033047,137.78391777189887
44,5,4,6.193548387096774,253.43535621746116,-0.02497140776203352,253.4603276252232,1.0,0.0,9.849654810854181,28.457318999054653,217.39234661780884,755.8876996180388,118.94666164793588
44,5,4,6.483870967741936,221.07265736618987,-0.02497140776203352,221.0976287739519,1.0,0.0,10.7589933890811,34.07029413631321,188.97315352892772,705.3919923767495,126.92012996874652
44,5,4,6.774193548387097,172.95754712647135,-0.021434732363208288,172.97898185883457,0.9544432922863301,0.0,11.22940864259041,34.26903108824354,176.54371367215793,587.2470591189415,213.01217232124586
44,5,4,7.064516129032258,103.04368577143406,0.0018981488423050106,103.04178762259174,0.7225743292299148,0.0,12.29201209028516,41.24796662512422,121.47008747188907,393.5216542473262,250.5333148871081
44,5,4,7.35483870967742,38.946867557269464,0.04236945459121062,38.904498102678254,0.37064871482536704,0.0,14.133313332928301,48.399009150537964,55.79001336565297,189.28322975258567,171.0993531093327
44,5,4,7.645161290322581,6.706491210949863,0.07621261260253778,6.630278598347324,0.08985060259508959,0.0,15.507333717853948,52.37349332883088,11.882411040449043,37.95406654583451,56.26721367449188
44,5,4,7.935483870967742,0.12596492727107222,0.08642058383792674,0.03954434343314548,0.0007452164257415025,0.0,15.849986260131583,53.21752047627359,0.21455098758496877,0.39501082361372836,1.7952131723262126
44,5,4,8.225806451612904,0.08435167191315777,0.08435167191305133,1.0643955400228833e-13,0.0,0.0,15.853435411067105,53.2217150800221,0.07312208361347894,0.16560771843024177,0.041143861673802636
44,5,4,8.516129032258064,0.08069473127181856,0.08069473127183104,-1.2471119406262666e-14,0.0,0.0,15.853391008575338,53.22138967182214,0.06468725657475918,0.14788815624037385,0.03606904221716901
44,5,4,8.806451612903226,0.0761664824686469,0.0761664824685116,1.3530214470515446e-13,0.0,0.0,15.85335323439448,53.22110302912313,0.05730114737358596,0.13224876868866142,0.03264334834206101
44,5,4,9.096774193548388,0.07118710369512365,0.07118710369500572,1.1794058633364523e-13,0.0,0.0,15.85332073938097,53.220849950882936,0.05080611771784002,0.1183891852706179,0.03040507221067167
44,5,4,9.387096774193548,0.06602868860985195,0.06602868860977365,7.829702793234195e-14,0.0,0.0,15.853292477988742,53.2206258575474,0.045069691395886534,0.10605129016396843,0.029022186368730378
44,5,4,9.67741935483871,0.06085059027350538,0.060850590273506366,-9.900888702646383e-16,0.0,0.0,15.853267552682453,53.220426511126796,0.039973009027078836,0.09499118981161625,0.028188883899072297
44,5,4,9.967741935483872,0.055707257259515475,0.0557072572594876,2.787250183260148e-14,0.0,0.0,15.853245041362257,53.22024750019423,0.03539374764894516,0.08493615437303402,0.027541635475105852
44,5,4,10.258064516129032,0.05053204127527218,0.05053204127513885,1.3333196786230462e-13,0.0,0.0,15.853223811450558,53.220083464288535,0.031182531382202755,0.07552649506139383,0.026600854182517706
44,5,4,10.548387096774194,0.045107853656369296,0.045107853656357194,1.2101086192123357e-14,0.0,0.0,15.853202369152688,53.219927191429505,0.027137070282671105,0.06625607526079523,0.024770827180522575
44,5,4,10.838709677419356,0.03904916160121253,0.03904916160121725,-4.720423704696053e-15,0.0,0.0,15.8531788481744,53.21976898353273,0.022986429546540236,0.056445207929134024,0.021450563392639187
44,5,4,11.129032258064516,0.031836325921890236,0.03183632592179927,9.096816529219343e-14,0.0,0.0,15.853151289723462,53.219596995052974,0.01840627220815043,0.045300719605992655,0.01630824005670926
44,5,4,11.419354838709678,0.022954467718448224,0.022954467718348272,9.994897140833126e-14,0.0,0.0,15.853118366913407,53.219399476230876,0.01308915945527572,0.03212795735869027,0.009732926222209339
44,5,4,11.70967741935484,0.012179615055004056,0.012179615054887051,1.1700550240061753e-13,0.0,0.0,15.853080597867393,53.21916974264604,0.0068852007435650136,0.016737307195135293,0.003365489372369892
44,5,4,12.0,0.0,0.0,0.0,0.0,0.0,15.85304177584398,53.218913839223646,0.0,0.0,0.0
45,5,5,3.0,694.437983984397,30.61355708833998,663.824426896057,1.0,1.3294455605934201,25.56385229100068,54.818176240278085,578.5595288202339,1256.4925471936751,1544.6792921846895
45,5,5,3.2903225806451615,222.4623334199755,-0.04412226172458364,222.50645568170006,1.0,0.0,15.618190508346979,43.923214154005066,392.31149783116604,951.5720241138492,1191.7311426180127
45,5,5,3.5806451612903225,259.3671419792744,-0.04412226172458364,259.41126424099895,1.0,0.0,13.29800012441109,32.68437030901333,323.30311029252164,826.3330107113793,665.3861767801329
45,5,5,3.870967741935484,304.52126605427327,-0.04412226172458364,304.56538831599784,1.0,0.0,14.092904714285364,37.20236324333342,293.6382744053583,651.3576610880776,67.41033938638566
45,5,5,4.161290322580645,345.5460897236175,-0.04412226172458364,345.5902119853421,1.0,0.0,16.792703042348506,47.034809534348085,300.3735658831768,533.1441445993258,229.04726002171927
45,5,5,4.451612903225806,251.6703912488278,-0.04412226172458364,251.71451351055237,1.0,0.0,15.616711500728055,44.35561583771625,247.72240006282223,417.3837901418843,511.518258884421
45,5,5,4.741935483870968,228.31266630870027,-0.04412226172458364,228.35678857042484,1.0,0.0,15.290707297574343,44.45672780428325,187.14427255182218,419.24435662846787,426.8885045640419
45,5,5,5.032258064516129,335.60783877538864,-0.04412226172458364,335.6519610371132,1.0,0.0,13.626929087593343,46.907134113148935,216.0310358293831,608.0203711037866,350.37301606154944
45,5,5,5.32258064516129,366.6525917521806,-0.04412226172458364,366.6967140139052,1.0,0.0,11.699063207221872,45.27677455808697,238.02883492886443,703.3436798075818,87.82638297322247
45,5,5,5.612903225806452,350.42733337613606,-0.04412226172458364,350.47145563786063,1.0,0.0,13.643694673962552,52.1021963868691,199.74456529464197,562.4410095907151,129.38789770592206
45,5,5,5.903225806451613,306.8899592047016,-0.04412226172458364,306.93408146642616,1.0,0.0,13.824735411234135,43.29063283872567,189.410306704323,511.51999959019554,133.45025307626202
45,5,5,6.193548387096774,273.2975836917618,-0.04412226172458364,273.3417059534864,1.0,0.0,12.23522762470223,36.90384991702546,180.6182326287239,486.2059937140473,120.67548828173685
45,5,5,6.483870967741936,231.7867339582592,-0.04412226172458364,231.83085621998376,1.0,0.0,11.120551511944171,36.92462705172741,185.77127288825105,674.6492050416223,175.79022848630848
45,5,5,6.774193548387097,170.3825176694956,-0.03288420851150961,170.4154018780071,0.9544432922863301,0.0,11.976924456558018,44.83920671929422,158.03468834129532,577.0365542811401,231.1083979388286
45,5,5,7.064516129032258,103.35138564090889,0.025487658515004785,103.32589798239388,0.7225743292299148,0.0,13.065238760551278,50.03024152501185,111.02782502656287,403.3510801568851,235.2355057503504
45,5,5,7.35483870967742,41.23541192054602,0.11163005457533759,41.12378186597068,0.37064871482536704,0.0,14.563481169388023,52.55281121789122,52.98914383943424,174.99914645266242,173.16749436875708
45,5,5,7.645161290322581,7.694430293647112,0.17376992402316216,7.5206603696239505,0.08985060259508919,0.0,15.583157970794042,53.21440761472574,12.017073522067202,34.780258133748035,61.53464437574371
45,5,5,7.935483870967742,0.2328767413810523,0.18439253868534236,0.04848420269570995,0.0007452164257415025,0.0,15.849604425544289,53.231838837731146,0.25301688190106647,0.5423343274332839,2.198209652959767
45,5,5,8.225806451612904,0.17251337000186984,0.17251337000185638,1.3461208276527304e-14,0.0,0.0,15.853626753286818,53.22515279656617,0.08177340482240467,0.202191801739163,0.043223142874492165
45,5,5,8.516129032258064,0.15996968572821146,0.15996968572823628,-2.482222804037204e-14,0.0,0.0,15.853563994198092,53.22454359688654,0.07249926900565147,0.17666854648747934,0.04062773757150127
45,5,5,8.806451612903226,0.1474585852957857,0.14745858529580957,-2.3862141863145726e-14,0.0,0.0,15.853510477944738,53.22400062747456,0.06433437176903106,0.1550453198041924,0.03960731464657446
45,5,5,9.096774193548388,0.1353001427289517,0.1353001427290277,-7.600682236375001e-14,0.0,0.0,15.853464341977732,53.22351608387993,0.057120242337486665,0.13656364024891862,0.03970578804296303
45,5,5,9.387096774193548,0.12367167112373907,0.12367167112369029,4.8784378880312176e-14,0.0,0.0,15.85342410141582,53.223082908419244,0.05072231396752751,0.12207614811410247,0.040526018249053414
45,5,5,9.67741935483871,0.11263454689730469,0.11263454689737964,-7.494672720972929e-14,0.0,0.0,15.853388392511821,53.222694470639844,0.04501935967413945,0.11065286244995669,0.04164340555266812
45,5,5,9.967741935483872,0.10212350347578783,0.1021235034758865,-9.866885650536284e-14,0.0,0.0,15.853355668256986,53.222343763608336,0.039886085194723975,0.10009913201280418,0.04251127818227719
45,5,5,10.258064516129032,0.09190143028273515,0.09190143028283014,-9.498852615932863e-14,0.0,0.0,15.853323877253365,53.222021978206136,0.03516708958388242,0.09000982941680752,0.04237897118180192
45,5,5,10.548387096774194,0.08149685628233408,0.08149685628229292,4.1163694848578296e-14,0.0,0.0,15.853290246558453,53.22171657990185,0.030646015520537064,0.07977717638164072,0.040295126218667
45,5,5,10.838709677419356,0.07016572498910739,0.07016572498905739,5.000448839720395e-14,0.0,0.0,15.853251391415736,53.22140952008065,0.026023420297871098,0.06856285797115629,0.03529940019031851
45,5,5,11.129032258064516,0.0569481050429661,0.05694810504304767,-8.156732147351908e-14,0.0,0.0,15.853204045725153,53.221076908397514,0.020927197970453948,0.05538719553707743,0.026900384432576505
45,5,5,11.419354838709678,0.040909903859943954,0.04090990385989419,4.9769467301737094e-14,0.0,0.0,15.85314666626058,53.220692139000725,0.01498280022005207,0.0394202278796977,0.01586544769064761
45,5,5,11.70967741935484,0.021642879096117524,0.021642879096120577,-3.0552742410691614e-15,0.0,0.0,15.853081881888894,53.22023465320978,0.007961318929280948,0.020527426907466666,0.0051603462130864865
45,5,5,12.0,0.0,0.0,0.0,0.0,0.0,15.853019045797021,53.21970546195505,0.0,0.0,0.0
46,5,6,3.0,1089.4516519421736,409.03240724472704,680.4192446974465,1.0,17.738169160831834,29.87123520502525,93.40780058653645,609.3782349643895,2073.031328119768,1372.2788933948052
46,5,6,3.2903225806451615,2239.7130022801275,1559.3864403757782,680.3265619043492,1.0,67.6223448348654,65.75385152398354,495.8702229924507,1607.478533764928,11361.066713772783,10453.787549908233
46,5,6,3.5806451612903225,2174.117786511233,1900.2082949667708,273.90949154446224,1.0,82.40180991979386,78.18377812889157,599.0244837172648,1849.7245077451905,13795.6304516813,13584.018276142451
46,5,6,3.870967741935484,711.1701698699893,468.4153805988003,242.754789271189,1.0,20.313263948632326,44.53154895781144,177.32128775155485,1028.4553529976856,4106.238835658721,3588.7952325940337
46,5,6,4.161290322580645,322.11036817722413,36.16188382785133,285.9484843493728,1.0,1.568939377571468,23.89979641281744,85.26507310439825,496.00733249282797,1734.7209123682337,737.2452146579917
46,5,6,4.451612903225806,255.19646783430562,-0.018642688635517043,255.21511052294116,1.0,0.0,19.917039597157064,59.76551233749624,301.44685022874603,556.0407821626146,651.7474170554966
46,5,6,4.741935483870968,337.70462920663863,-0.018642688635517043,337.72327189527414,1.0,0.0,13.65167435362088,37.55466726574524,208.8179494755007,524.154819446867,207.93371851381963
46,5,6,5.032258064516129,331.4636022130106,-0.018642688635517043,331.48224490164614,1.0,0.0,15.74329429739582,50.00012910179114,209.64922973380942,399.78337665327945,322.00881246022414
46,5,6,5.32258064516129,317.9573925602096,-0.018642688635517043,317.9760352488451,1.0,0.0,17.919681559448623,61.93764402275871,182.96103947578186,590.6831634355359,276.50807861434384
46,5,6,5.612903225806452,185.93141440319815,-0.018642688635517043,185.95005709183366,1.0,0.0,14.06648643542805,44.091297733572866,185.28931578858015,562.7650360180039,293.66889781305366
46,5,6,5.903225806451613,173.27349573715478,-0.018642688635517043,173.29213842579028,1.0,0.0,13.715096768275838,40.59876007804083,212.05408512983672,819.9354970460654,374.1508763396217
46,5,6,6.193548387096774,225.7000217458406,-0.018642688635517043,225.71866443447612,1.0,0.0,11.540753253179421,36.10379795902371,177.00088946897156,651.2118971023594,120.71579596416242
46,5,6,6.483870967741936,227.02150377282516,-0.018642688635517043,227.0401464614607,1.0,0.0,10.460684563586351,30.91836763195503,171.8705152296986,547.4360223342728,50.36407734368834
46,5,6,6.774193548387097,192.49914892872593,-0.02532425274701342,192.52447318147296,0.9544432922863293,0.0,10.59003277855706,32.41366331634056,162.68432037808932,506.2195403018648,205.3689147442196
46,5,6,7.064516129032258,123.67422503895702,-0.03903628340772849,123.71326132236474,0.7225743292299119,0.0,11.96145398900064,35.13641345700678,141.1811846911041,446.7965921028727,258.3587323838108
46,5,6,7.35483870967742,50.668097908760686,-0.03249428423877186,50.70059219299946,0.3706487148253649,0.0,13.674056017541858,43.40900113548997,77.40301898731623,234.58502274327037,213.09775661460336
46,5,6,7.645161290322581,9.027902524465166,-0.007537862524517541,9.035440386989682,0.08985060259508786,0.0,15.377491134045522,51.31125877865376,16.058445171583514,48.32678868407241,75.27887345774754
46,5,6,7.935483870967742,0.07283974514847585,0.015363550919455661,0.057476194229020186,0.0007452164257415766,0.0,15.849552229363496,53.208519157665194,0.2889964372785131,0.6901369951297246,2.5629481089632065
46,5,6,8.225806451612904,0.028723878458130295,0.028723878458108674,2.1621940782950988e-14,0.0,0.0,15.853785790337252,53.22362278422996,0.09536853109199378,0.2445408053464275,0.0929450210130612
46,5,6,8.516129032258064,0.03634264935465978,0.03634264935476733,-1.0754965364470625e-13,0.0,0.0,15.853670407237678,53.22308867699488,0.08344505914096073,0.21522412075200753,0.07596798322412221
46,5,6,8.806451612903226,0.04015966815815826,0.04015966815826149,-1.0322926584718783e-13,0.0,0.0,15.853579077856711,53.22262226731247,0.07319587835652466,0.18984048721920618,0.06352172379369951
46,5,6,9.096774193548388,0.04147343640317292,0.0414734364031845,-1.1581039512792435e-14,0.0,0.0,15.853505672018946,53.222213560315645,0.06433106132541903,0.16773777199653708,0.05412598538718995
46,5,6,9.387096774193548,0.041157037535693206,0.04115703753573286,-3.9653559298982735e-14,0.0,0.0,15.853445737521909,53.22185400273955,0.05661624806095117,0.14838133625876834,0.04685721091027854
46,5,6,9.67741935483871,0.03978652367529646,0.039786523675403106,-1.0663957195587714e-13,0.0,0.0,15.853395977774355,53.22153585010564,0.0498514220154114,0.1313024249229593,0.0411077747756517
46,5,6,9.967741935483872,0.03771644363676952,0.037716443636803466,-3.394304672402204e-14,0.0,0.0,15.853353792098982,53.22125120001592,0.0438449225586814,0.1160323762382913,0.03640346704345291
46,5,6,10.258064516129032,0.035114000360348355,0.0351140003603549,-6.540587082354277e-15,0.0,0.0,15.853316877936596,53.220990677784464,0.03838190877580451,0.1020213527099252,0.032269554594169414
46,5,6,10.548387096774194,0.03196717461084859,0.031967174610853306,-4.720423704696053e-15,0.0,0.0,15.853282913274118,53.220742040276576,0.0331925648004405,0.0885578143498159,0.02816168885179004
46,5,6,10.838709677419356,0.028090585436924578,0.02809058543694396,-1.9381739702756253e-14,0.0,0.0,15.853249390329868,53.220489385180194,0.02793461775810509,0.07472984716263542,0.02350726696400279
46,5,6,11.129032258064516,0.02316398032253243,0.0231639803225777,-4.527406379482846e-14,0.0,0.0,15.853213727599705,53.22021411313189,0.022214363771824053,0.059495135205653554,0.01789973123693518
46,5,6,11.419354838709678,0.016845733381519207,0.016845733381632123,-1.129176354741461e-13,0.0,0.0,15.853173811050038,53.219899054180544,0.015674646742767466,0.04193838297792997,0.011434117149228965
46,5,6,11.70967741935484,0.008995769302554624,0.0089957693026376,-8.297494782190038e-14,0.0,0.0,15.853129051197556,53.21953681790599,0.008168396775366118,0.02176814534930369,0.005027601313683526
46,5,6,12.0,0.0,0.0,0.0,0.0,0.0,15.853081806774009,53.21914179435671,0.0,0.0,0.0
47,5,7,3.0,405.8395893996686,33.229166476098655,372.61042292357,1.0,1.4409043444808942,28.771048084343157,63.82376677210096,599.4109340664779,1069.1108167783116,1117.9612439542136
47,5,7,3.2903225806451615,173.469717694969,0.008868781219177115,173.46084891374983,1.0,0.0003329043612317712,14.403094955474497,46.38463030259598,424.6082111545828,1132.0898603874136,170.9276120558736
47,5,7,3.5806451612903225,328.82295223151436,0.0011918401969918558,328.82176039131735,1.0,0.0,11.862787216971624,29.501288782600152,277.2231768228532,722.8657097537317,451.0178905019071
47,5,7,3.870967741935484,362.32816497817674,0.0011918401969918558,362.32697313797973,1.0,0.0,14.835374055308204,40.86771695453572,245.08439100507547,431.54780532341334,334.29854096961037
47,5,7,4.161290322580645,234.37478476638904,0.0011918401969918558,234.37359292619203,1.0,0.0,13.441662897678777,40.142283259447716,253.0991309620224,559.6355520765053,594.4235207830158
47,5,7,4.451612903225806,208.06648699309486,0.0011918401969918558,208.06529515289785,1.0,0.0,11.818909406610391,35.333403112063294,244.15494634453407,619.1453178410812,130.09050208984203
47,5,7,4.741935483870968,245.746931491533,0.0011918401969918558,245.74573965133598,1.0,0.0,15.990431249385619,47.77575123115641,230.9302609505749,506.2229527765926,532.1724618425098
47,5,7,5.032258064516129,349.37678808761143,0.0011918401969918558,349.3755962474144,1.0,0.0,13.780565392276737,48.98404930761125,245.12061927494713,544.164374956635,151.05092005892533
47,5,7,5.32258064516129,355.0233323929637,0.0011918401969918558,355.0221405527667,1.0,0.0,11.489523080591493,48.93665875576538,226.0462158421749,634.332921444681,104.73121294176167
47,5,7,5.612903225806452,332.50509862429635,0.0011918401969918558,332.50390678409934,1.0,0.0,12.511954261397253,47.47120399990476,177.39979970472498,456.73451964192293,100.30582846682945
47,5,7,5.903225806451613,311.4512438874712,0.0011918401969918558,311.4500520472742,1.0,0.0,12.489707149088925,37.61162688646673,169.55243205458484,400.9361173860783,60.00999347818742
47,5,7,6.193548387096774,282.63277963794263,0.0011918401969918558,282.6315877977456,1.0,0.0,9.765485492355367,28.45507198312696,216.3331481441401,685.9241798910731,133.32310788867676
47,5,7,6.483870967741936,237.08668174764225,0.0011918401969918558,237.08548990744524,1.0,0.0,10.918927465626044,33.81893629090887,184.70403649856598,610.1736848148142,194.11816427654495
47,5,7,6.774193548387097,177.35341627011104,-0.003722698776516503,177.35713896888757,0.9544432922863301,0.0,11.765113053754806,40.50930379652793,152.07624166828163,536.5622799785954,220.80127022075877
47,5,7,7.064516129032258,106.91943831256792,-0.019259437818986595,106.93869775038691,0.7225743292299148,0.0,12.38138462511309,43.582339353905695,115.45107200076544,390.65767514677975,254.67367498205675
47,5,7,7.35483870967742,40.457181100898616,-0.03050360781720879,40.48768470871582,0.37064871482536704,0.0,14.176219119360841,49.34572795363168,52.41193067240391,174.1203468018313,179.63384964887175
47,5,7,7.645161290322581,6.907284122825866,-0.030125466219891043,6.937409589045757,0.08985060259508959,0.0,15.518460922325664,52.58990790008819,11.549557623850953,36.31766841228293,58.611496366077496
47,5,7,7.935483870967742,0.01917466936398486,-0.02231495909485726,0.041489628458842125,0.0007452164257415025,0.0,15.849547159916252,53.21907436402266,0.22275465889273632,0.5260084275687338,1.9015373837180127
47,5,7,8.225806451612904,-0.014924196594169634,-0.014924196594135465,-3.416806692180946e-14,0.0,0.0,15.853195914432842,53.219141809625555,0.07902418756745931,0.1693082646327618,0.06292460153007856
47,5,7,8.516129032258064,-0.009906144094889473,-0.009906144094944697,5.522245676145218e-14,0.0,0.0,15.853160122155737,53.21900598709506,0.07016136334792307,0.14715334265321467,0.05358733684744664
47,5,7,8.806451612903226,-0.006535031413087314,-0.006535031413116899,2.958515556020572e-14,0.0,0.0,15.853131527255874,53.218889749384644,0.062373439650352316,0.1321586105422705,0.046077439204961886
47,5,7,9.096774193548388,-0.004299883353675469,-0.004299883353710473,3.5004391990252696e-14,0.0,0.0,15.853108429449176,53.21879058778938,0.05550267842373151,0.11874262901101529,0.03987864567040876
47,5,7,9.387096774193548,-0.002847667252098031,-0.0028476672520813206,-1.671024991013563e-14,0.0,0.0,15.85308958566649,53.2187061602115,0.04941456022275954,0.1066953997645187,0.03465493810238044
47,5,7,9.67741935483871,-0.0019330680079957504,-0.0019330680080505216,5.477116625366742e-14,0.0,0.0,15.85307406577834,53.21863431821485,0.04398562919225472,0.0958137929053716,0.030175005106709236
47,5,7,9.967741935483872,-0.0013841690291743413,-0.0013841690290687621,-1.055790080097777e-13,0.0,0.0,15.853061149402219,53.218573089933976,0.03908484381027177,0.0858627285831719,0.026260639164996595
47,5,7,10.258064516129032,-0.0010782760277540469,-0.0010782760277076831,-4.636369284980878e-14,0.0,0.0,15.853050254430908,53.21852066691117,0.03454791142137008,0.0765186238185574,0.02274832768826357
47,5,7,10.548387096774194,-0.000923849901501999,-0.000923849901450256,-5.1742925689137994e-14,0.0,0.0,15.853040896331924,53.21847545083575,0.0301496744188342,0.06730612366413953,0.01946071127353403
47,5,7,10.838709677419356,-0.000846152053905616,-0.0008461520538530461,-5.2569874916006755e-14,0.0,0.0,15.853032680350504,53.218436205249624,0.0255882235067611,0.057559245584354324,0.016192277173621386
47,5,7,11.129032258064516,-0.0007763577676231997,-0.0007763577676402313,1.7031685012113906e-14,0.0,0.0,15.853025324036782,53.21840230969024,0.020504043238611543,0.04646125862869461,0.012720530978994149
47,5,7,11.419354838709678,-0.0006467458189327538,-0.0006467458189389758,6.221964732848343e-15,0.0,0.0,15.853018694491245,53.21837402110707,0.014563332641909378,0.033232934332378616,0.008857086059925972
47,5,7,11.70967741935484,-0.0003973729419447345,-0.000397372941866352,-7.838250435469591e-14,0.0,0.0,15.853012827157494,53.21835252468446,0.007627850806160175,0.017525605036930975,0.0045469773219789355
47,5,7,12.0,0.0,0.0,0.0,0.0,0.0,15.853007882366503,53.21833945991464,0.0,0.0,0.0
