{
  "train_loss": [
    562.4129905700684,
    294.81506261825564,
    62.66361601352692,
    27.367034816741942,
    17.676307022571564,
    14.007970869541168,
    12.157525861263276,
    10.523914313316345,
    9.454076707363129,
    8.677060860395432
  ],
  "val_loss": [
    648.6048461914063,
    616.4050537109375,
    596.4758422851562,
    579.9632751464844,
    564.846533203125,
    549.8996704101562,
    533.5283294677735,
    514.4082550048828,
    493.3648742675781,
    470.81878356933595
  ],
  "val_energy_mae": [
    9.90113525390625,
    9.85894842147827,
    9.790638637542724,
    9.703970336914063,
    9.598402500152588,
    9.472560405731201,
    9.325092124938966,
    9.15563440322876,
    8.963602066040039,
    8.750157165527344
  ],
  "val_forces_mae": [
    0.2840277224779129,
    0.26473125368356704,
    0.25481896102428436,
    0.247270804643631,
    0.24173280447721482,
    0.23794008195400237,
    0.23484302163124085,
    0.2307752102613449,
    0.22632377594709396,
    0.22196843475103378
  ],
  "val_dipole_mae": [
    0.2736911803483963,
    0.2717706859111786,
    0.2694786965847015,
    0.2674994647502899,
    0.26593177765607834,
    0.2645231455564499,
    0.2632670044898987,
    0.26208657771348953,
    0.2609840676188469,
    0.25991814136505126
  ],
  "val_esp_mae": [
    0.01649460382759571,
    0.0161246657371521,
    0.0157519169151783,
    0.015376722440123558,
    0.015001334249973297,
    0.01462568249553442,
    0.014250810258090496,
    0.013880342245101929,
    0.01351834274828434,
    0.013164451345801353
  ],
  "epoch_times": [
    22.750438928604126,
    3.702051877975464,
    3.7290146350860596,
    3.7507104873657227,
    3.7332305908203125,
    3.7857377529144287,
    3.700899124145508,
    3.686490774154663,
    3.7130167484283447,
    3.7024173736572266
  ]
}