{
  "mae": 0.15509001910686493,
  "rmse": 0.23722957074642181,
  "r2": 0.9987267255783081,
  "mean_error": -0.008163630962371826,
  "std_error": 0.23708903789520264,
  "max_abs_error": 1.6804580688476562,
  "mae_kcal_mol": 3.576430082321167,
  "rmse_kcal_mol": 5.470597267150879,
  "mean_error_kcal_mol": -0.1882561892271042,
  "std_error_kcal_mol": 5.467356204986572,
  "max_abs_error_kcal_mol": 38.751953125,
  "mae_overall": 0.019278202205896378,
  "rmse_overall": 0.026126569136977196,
  "r2_overall": 0.9636396169662476,
  "r_overall": 0.9817068345537373,
  "mae_x": 0.019085492938756943,
  "mae_y": 0.019127672538161278,
  "mae_z": 0.01962144300341606,
  "r2_x": 0.9631456136703491,
  "r2_y": 0.9648662805557251,
  "r2_z": 0.9628698229789734,
  "mae_components": [
    0.3150646686553955,
    0.31357842683792114,
    0.3137209117412567
  ],
  "mae_magnitude": 0.01867363043129444,
  "rmse_magnitude": 0.025116734206676483,
  "r2_magnitude": 0.9461550712585449,
  "mae_overall_kcal_mol_ang": 7.243748188018799,
  "rmse_overall_kcal_mol_ang": 11.68587589263916,
  "mae_x_kcal_mol_ang": 7.265501499176025,
  "mae_y_kcal_mol_ang": 7.231228351593018,
  "mae_z_kcal_mol_ang": 7.234514236450195,
  "mae_magnitude_kcal_mol_ang": 9.391731262207031,
  "rmse_magnitude_kcal_mol_ang": 15.353564262390137,
  "r": 0.9993669937077905,
  "mae_overall_debye": 0.019278202205896378,
  "rmse_overall_debye": 0.026126569136977196,
  "mae_x_debye": 0.019085492938756943,
  "mae_y_debye": 0.019127672538161278,
  "mae_z_debye": 0.01962144300341606,
  "mae_magnitude_debye": 0.01867363043129444,
  "rmse_magnitude_debye": 0.025116734206676483
}