{
  "train_loss": [
    578.958984375,
    527.0406761169434,
    447.1117401123047,
    346.06472396850586,
    257.15343475341797,
    189.4386978149414,
    148.85812377929688,
    115.31529712677002,
    80.70487642288208,
    45.562283515930176,
    22.610056400299072,
    14.395246386528015,
    11.365629196166992,
    9.767654538154602,
    8.84498155117035,
    8.18452650308609,
    7.653030514717102,
    7.410877287387848,
    6.98509407043457,
    6.695481836795807,
    6.449984967708588,
    6.198740541934967,
    5.996442079544067,
    5.830068349838257,
    5.663649797439575,
    5.514771580696106,
    5.38555371761322,
    5.3536189794540405,
    5.196681559085846,
    5.083165645599365,
    5.045501410961151,
    4.989585697650909,
    4.962747156620026,
    4.892519772052765,
    4.879679262638092,
    4.840030252933502,
    4.790436625480652,
    4.769598484039307,
    4.733774840831757,
    4.6945143938064575,
    4.642553687095642,
    4.597790896892548,
    4.5788111090660095,
    4.535322666168213,
    4.508746564388275,
    4.4627328515052795,
    4.457749664783478,
    4.446975946426392,
    4.398735821247101,
    4.3585309982299805,
    4.3450692892074585,
    4.410629212856293,
    4.333564043045044,
    4.311939895153046,
    4.2984596490859985,
    4.267107963562012,
    4.267469525337219,
    4.234680116176605,
    4.270316481590271,
    4.311105668544769,
    4.2720752358436584,
    4.212570548057556,
    4.169827163219452,
    4.165006160736084,
    4.145851194858551,
    4.156222105026245,
    4.125291466712952,
    4.284724950790405,
    4.204471528530121,
    4.205243915319443,
    4.161405324935913,
    4.108786702156067,
    4.06374591588974,
    4.039858549833298,
    4.012148439884186,
    3.999886453151703,
    3.9909300208091736,
    3.9839846193790436,
    3.9801137447357178,
    4.026136666536331,
    3.9966531097888947,
    3.9686606526374817,
    3.9414395093917847,
    3.9376944303512573,
    3.8980621993541718,
    3.923409879207611,
    3.9056400656700134,
    3.9185693860054016,
    3.9270453453063965,
    3.945647418498993,
    4.054794758558273,
    4.075709640979767,
    3.9931551814079285,
    3.963887572288513,
    4.022396475076675,
    4.071542352437973,
    3.9428324699401855,
    3.8918768763542175,
    3.8485276997089386,
    3.819217175245285
  ],
  "val_loss": [
    599.5927734375,
    599.4669799804688,
    599.3057250976562,
    599.1143798828125,
    598.8942260742188,
    598.640380859375,
    598.3538208007812,
    598.0399169921875,
    597.69189453125,
    597.31298828125,
    596.91015625,
    596.489013671875,
    596.0520629882812,
    595.599609375,
    595.1243896484375,
    594.6327514648438,
    594.1292724609375,
    593.605712890625,
    593.0691528320312,
    592.5086669921875,
    591.9363403320312,
    591.3414916992188,
    590.7264404296875,
    590.0938720703125,
    589.4442138671875,
    588.770751953125,
    588.0802612304688,
    587.371826171875,
    586.6441040039062,
    585.896240234375,
    585.12451171875,
    584.3325805664062,
    583.5258178710938,
    582.6978759765625,
    581.8427124023438,
    580.9718017578125,
    580.0767211914062,
    579.1653442382812,
    578.224853515625,
    577.267822265625,
    576.2875366210938,
    575.28857421875,
    574.2613525390625,
    573.21044921875,
    572.1417236328125,
    571.0463256835938,
    569.934326171875,
    568.7992553710938,
    567.6455688476562,
    566.4531860351562,
    565.2485961914062,
    564.0174560546875,
    562.7778930664062,
    561.5145263671875,
    560.2091674804688,
    558.8897094726562,
    557.55224609375,
    556.186279296875,
    554.7848510742188,
    553.38623046875,
    551.9369506835938,
    550.4786376953125,
    548.98681640625,
    547.4769897460938,
    545.94970703125,
    544.3987426757812,
    542.824462890625,
    541.2250366210938,
    539.5911865234375,
    537.9262084960938,
    536.2560424804688,
    534.5599975585938,
    532.8527221679688,
    531.1129760742188,
    529.3200073242188,
    527.5151977539062,
    525.69482421875,
    523.8551025390625,
    521.9989624023438,
    520.1265869140625,
    518.1925048828125,
    516.2621459960938,
    514.2981567382812,
    512.3212280273438,
    510.3113098144531,
    508.2767639160156,
    506.22540283203125,
    504.125,
    502.02154541015625,
    499.90191650390625,
    497.7554016113281,
    495.5926208496094,
    493.4036865234375,
    491.1759338378906,
    488.9360656738281,
    486.7101135253906,
    484.4129333496094,
    482.1270446777344,
    479.8338623046875,
    477.49017333984375
  ],
  "val_energy_mae": [
    9.916131973266602,
    9.915420532226562,
    9.914285659790039,
    9.912774085998535,
    9.910897254943848,
    9.908737182617188,
    9.906357765197754,
    9.903772354125977,
    9.901017189025879,
    9.898159980773926,
    9.895331382751465,
    9.892535209655762,
    9.889700889587402,
    9.886819839477539,
    9.883831977844238,
    9.880718231201172,
    9.877490997314453,
    9.874140739440918,
    9.870661735534668,
    9.867008209228516,
    9.86325454711914,
    9.859307289123535,
    9.855240821838379,
    9.850976943969727,
    9.846610069274902,
    9.842057228088379,
    9.837366104125977,
    9.832500457763672,
    9.827462196350098,
    9.822246551513672,
    9.816871643066406,
    9.811296463012695,
    9.80553913116455,
    9.799629211425781,
    9.79349422454834,
    9.787219047546387,
    9.780716896057129,
    9.774046897888184,
    9.76715087890625,
    9.76009464263916,
    9.752799034118652,
    9.745333671569824,
    9.737584114074707,
    9.729622840881348,
    9.721508979797363,
    9.713141441345215,
    9.704630851745605,
    9.695828437805176,
    9.686841011047363,
    9.677550315856934,
    9.668076515197754,
    9.658368110656738,
    9.64847469329834,
    9.638360023498535,
    9.627885818481445,
    9.617236137390137,
    9.606374740600586,
    9.59532642364502,
    9.583908081054688,
    9.57235050201416,
    9.560389518737793,
    9.548327445983887,
    9.535924911499023,
    9.52331829071045,
    9.510465621948242,
    9.497405052185059,
    9.48410415649414,
    9.47046947479248,
    9.45655345916748,
    9.442291259765625,
    9.427911758422852,
    9.413309097290039,
    9.39844799041748,
    9.38334846496582,
    9.36776065826416,
    9.352005958557129,
    9.336013793945312,
    9.319768905639648,
    9.303213119506836,
    9.286603927612305,
    9.269451141357422,
    9.25230884552002,
    9.234732627868652,
    9.216936111450195,
    9.198888778686523,
    9.180505752563477,
    9.161941528320312,
    9.142992973327637,
    9.123873710632324,
    9.10461139678955,
    9.0849027633667,
    9.06502914428711,
    9.044926643371582,
    9.024369239807129,
    9.00369930267334,
    8.982996940612793,
    8.961668968200684,
    8.940381050109863,
    8.91877555847168,
    8.896833419799805
  ],