{
  "mae": 0.44603076577186584,
  "rmse": 0.6160376667976379,
  "r2": 0.354769766330719,
  "mean_error": -0.008037030696868896,
  "std_error": 0.6159852147102356,
  "max_abs_error": 3.8469009399414062,
  "mae_kcal_mol": 10.285625457763672,
  "rmse_kcal_mol": 14.20604419708252,
  "mean_error_kcal_mol": -0.18533673882484436,
  "std_error_kcal_mol": 14.204834938049316,
  "max_abs_error_kcal_mol": 88.71088409423828,
  "mae_overall": 0.35815000534057617,
  "rmse_overall": 0.5757989883422852,
  "r2_overall": 0.9001909494400024,
  "r_overall": 0.948926574486383,
  "mae_x": 0.35399749875068665,
  "mae_y": 0.37222281098365784,
  "mae_z": 0.34822964668273926,
  "r2_x": 0.901534914970398,
  "r2_y": 0.9019178152084351,
  "r2_z": 0.8969525098800659,
  "mae_components": [
    0.5321975946426392,
    0.5361360311508179,
    0.523621678352356
  ],
  "mae_magnitude": 0.3782205581665039,
  "rmse_magnitude": 0.6132051944732666,
  "r2_magnitude": 0.8658202886581421,
  "mae_overall_kcal_mol_ang": 12.237016677856445,
  "rmse_overall_kcal_mol_ang": 19.361196517944336,
  "mae_x_kcal_mol_ang": 12.272663116455078,
  "mae_y_kcal_mol_ang": 12.363484382629395,
  "mae_z_kcal_mol_ang": 12.074899673461914,
  "mae_magnitude_kcal_mol_ang": 15.503031730651855,
  "rmse_magnitude_kcal_mol_ang": 24.237077713012695,
  "r": 0.5961551158394303,
  "mae_overall_debye": 0.35815000534057617,
  "rmse_overall_debye": 0.5757989883422852,
  "mae_x_debye": 0.35399749875068665,
  "mae_y_debye": 0.37222281098365784,
  "mae_z_debye": 0.34822964668273926,
  "mae_magnitude_debye": 0.3782205581665039,
  "rmse_magnitude_debye": 0.6132051944732666
}