{
  "train_loss": [
    236.0790463089943,
    17.71457485258579,
    10.93868554085493,
    7.843048821389675,
    6.888496093451977,
    6.480969670414924,
    5.9725338712334635,
    5.815720243752002,
    5.370603147149086,
    5.40729812681675,
    5.170333658158779,
    4.830554084479809,
    4.5435794100165365,
    4.254317398369312,
    4.077280861139298,
    3.5884977631270885,
    3.2767353557050227,
    3.3859072983264924,
    2.6718563746660946,
    2.821026812493801,
    2.1908227134495974,
    3.2429650634527207,
    2.084638598188758,
    2.007860190048814,
    2.176844947040081,
    1.7656622722744941,
    1.620322404615581,
    1.4306471437215804,
    1.2590537557378412,
    1.3367844756692648,
    1.3123718019574881,
    1.2684905691072346,
    1.5763888992369175,
    0.9496910220012069,
    2.0116173319518564,
    1.300429041683674,
    0.8586059199646116,
    0.8876766098663211,
    0.9540711073204875,
    0.9708224698901177,
    0.9555192673578858,
    1.3903754433616995,
    0.7642684910446406,
    1.1452290918678045,
    1.2065029473043978,
    0.7289429929107427,
    0.662640936486423,
    0.7790516111068427,
    0.63312659682706,
    0.8723788207396865,
    0.7330878359265626,
    0.6475502531044185,
    0.5844639054499566,
    0.609818619582802,
    0.5509299342520535,
    0.6742867402732372,
    0.8040806450881064,
    0.8112335939891636,
    0.5475019769743085,
    0.4673025100491941,
    0.4944838359951973,
    1.0383246189914643,
    0.4974067368544638,
    0.4829309228807688,
    0.5128758971579372,
    0.4860390814952552,
    0.43829521220177414,
    0.6415392750874161,
    0.4732816689647734,
    0.4268233818933368,
    0.673507677949965,
    0.4412138462997973,
    0.43650191817432643,
    0.5747522221878171,
    0.40995809277519585,
    0.3904785031452775,
    0.3944947094656527,
    0.4550771379843354,
    0.5165211040526628,
    0.9439089589752256,
    0.6523919400759042,
    0.39889561412855984,
    0.42222857270389796,
    0.3896185180172324,
    0.368242366053164,
    0.3618692205287516,
    0.4143927089869976,
    0.40522227752953766,
    0.34515240476466713,
    0.4092323026619852,
    0.4904464604333043,
    0.45180023200809954,
    0.47341998843476174,
    0.3552607364021242,
    0.33580202688463034,
    0.3696357822511345,
    0.38904477544128896,
    0.35918797822669146,
    0.5156377184204757,
    0.46136674284935
  ],
  "val_loss": [
    584.2208618164062,
    531.677449798584,
    442.84655685424804,
    338.0837173461914,
    239.1195915222168,
    159.15494079589843,
    100.92355842590332,
    62.30291385650635,
    38.09048414230347,
    23.565348672866822,
    14.952844214439391,
    9.968462109565735,
    7.154327297210694,
    5.601229834556579,
    4.679903364181518,
    4.163541948795318,
    3.642890065908432,
    3.267081618309021,
    2.920367366075516,
    2.677866053581238,
    2.48872771859169,
    2.3353311240673067,
    2.1008131355047226,
    1.8321249395608903,
    1.8606919050216675,
    1.724710476398468,
    1.707544633746147,
    1.4659918427467347,
    1.2279606342315674,
    1.1081135109066964,
    1.0225155234336853,
    0.9550412401556969,
    0.9323980003595352,
    0.8894750118255615,
    2.201096612215042,
    1.9102891117334366,
    1.3502419322729111,
    1.036078654229641,
    0.8782606765627861,
    0.7671871289610863,
    0.6928006514906884,
    0.6638862699270248,
    0.7086370438337326,
    0.67020860388875,
    0.6607470162212848,
    0.6166938416659832,
    0.5633927814662456,
    0.5399968929588794,
    0.5486639633774757,
    0.5460511520504951,
    0.5204546511173248,
    0.48804597184062004,
    0.465154230594635,
    0.43551667034626007,
    0.4191923052072525,
    0.40990481749176977,
    0.4062884792685509,
    0.4087407574057579,
    0.40909449607133863,
    0.39428005144000056,
    0.37771050408482554,
    0.3965077422559261,
    0.4172678217291832,
    0.4090102232992649,
    0.3868728592991829,
    0.36350434049963953,
    0.35233107954263687,
    0.3473345048725605,
    0.3445277467370033,
    0.33889691084623336,
    0.33595012947916986,
    0.33353965580463407,
    0.32380429953336715,
    0.3256883151829243,
    0.31987101063132284,
    0.31522682309150696,
    0.30775369666516783,
    0.3026006449013948,
    0.29954951591789725,
    0.32942518293857576,
    0.35295775085687636,
    0.35187945067882537,
    0.33237191177904607,
    0.3133823495358229,
    0.30199793800711633,
    0.29471770152449606,
    0.29004776030778884,
    0.28651295974850655,
    0.28330040015280245,
    0.28139834217727183,
    0.2812420751899481,
    0.2834784332662821,
    0.28519206270575526,
    0.28177866376936433,
    0.2786811325699091,
    0.27600804455578326,
    0.27413273192942145,
    0.27260161750018597,
    0.278247507661581,
    0.28234352357685566
  ],
  "val_energy_mae": [
    9.795084643363953,
    9.342093014717102,
    8.515971732139587,
    7.4150936841964725,
    6.199861872196197,
    5.0160522103309635,
    3.953154408931732,
    3.055415838956833,
    2.323060119152069,
    1.7487962365150451,
    1.3019733607769013,
    0.9596782892942428,
    0.7094846606254578,
    0.5388238959014415,
    0.44065157920122144,
    0.38374032005667685,
    0.3497944176197052,
    0.3256438359618187,
    0.3023121479898691,
    0.28842026405036447,
    0.26942680180072787,
    0.2585572250187397,
    0.24034168832004071,
    0.2202235035598278,
    0.206764217838645,
    0.19307892099022866,
    0.18097343295812607,
    0.16767576411366464,
    0.15657157655805348,
    0.14805189073085784,
    0.14329716227948666,
    0.1398574410006404,
    0.1436608623713255,
    0.13774545565247537,
    0.1601401511579752,
    0.15939901098608972,
    0.1491384344175458,
    0.13660030644387006,
    0.1285561690106988,
    0.1222452899441123,
    0.11779550723731518,
    0.1189980585128069,
    0.11719220150262118,
    0.11690720822662115,
    0.11555186770856381,
    0.1089520838111639,
    0.10472898930311203,
    0.10275165531784296,
    0.10001762546598911,
    0.0995504479855299,
    0.09780707564204931,
    0.09581995215266943,
    0.0936928179115057,
    0.09222559332847595,
    0.0907213406637311,
    0.0903920641168952,
    0.09158890824764968,
    0.09359165038913489,
    0.09317020662128925,
    0.09176062159240246,
    0.08992124311625957,
    0.09017939995974303,
    0.09075050670653581,
    0.08936368133872748,
    0.08849328346550464,
    0.08721897881478072,
    0.08596619609743357,
    0.08630201108753681,
    0.08606439717113971,
    0.08469957765191793,
    0.08554638735949993,
    0.08466041162610054,
    0.08356056995689869,
    0.08374595697969198,
    0.0829500057734549,
    0.08201975477859377,
    0.08117606285959482,
    0.0806299407966435,
    0.08042397471144795,
    0.08284999802708626,
    0.08305794736370445,
    0.08203102117404341,
    0.08092848947271705,
    0.07925513684749604,
    0.07830465342849494,
    0.0769288212992251,
    0.0761630973778665,
    0.07561351405456662,
    0.07487663542851805,
    0.07437937846407294,
    0.07507744133472442,
    0.07523716716095805,
    0.07509022662416101,
    0.07423287620767952,
    0.07342099426314234,
    0.07272927407175303,
    0.07221612371504307,
    0.07174820201471448,
    0.07258872194215656,
    0.07259396156296134
  ],