{
  "traj": "pbc_nvt_nhc.traj",
  "traj_parts": [
    "pbc_nvt_nhc.traj"
  ],
  "traj_part_count": 1,
  "log": "pbc_nvt_nhc.log",
  "mode": "nvt_nhc",
  "frames_traj": 4002,
  "log_samples": 82,
  "etot_start_eV": -247.7565979566149,
  "etot_end_eV": -259.8203926265822,
  "etot_drift_eV": -12.06379466996728,
  "etot_span_eV": 12.951748490670923,
  "temp_start_K": 251.55407325415194,
  "temp_end_K": 375.39976619482803,
  "temp_mean_K": 335.90102297784347,
  "timings_s": {
    "mmml_setup_calculator_s": 0.7444818330113776,
    "mmml_factory_call_s": 0.00015967999934218824,
    "jit_warmup_first_potential_s": 9.777978429978248,
    "pre_bfgs_energy_eV": -249.3110809326172,
    "pre_bfgs_fmax_eVA": 0.7681170105934143,
    "bfgs_wall_s": 0.962862729007611,
    "bfgs_traj": "pbc_nvt_nhc_min.traj",
    "bfgs_iterations": 12.0,
    "md_entry_to_integrator_ready_s": 0.006250262988032773,
    "md_first_observable_snapshot_s": 0.0008826180128380656,
    "md_attach_overhead_s": 4.309986252337694e-06,
    "md_integrator_loop_s": 221.61723614801303,
    "md_per_step_mean_ms": 55.40430903700326
  }
}