{
  "timing_log": [
    "[19:31:38] cluster_build: 0.240 s",
    "[19:31:39] cutoff plot: /home/ericb/mmml/out/mdsys/pbc_nvt/cutoffs_schematic_0.10_5.50_2.00_complementary.png",
    "[19:31:39] pbc_nvt_nhc: mmml setup_calculator 0.744 s, factory_call 0.000 s",
    "[19:31:49] pbc_nvt_nhc: JIT warmup (first potential energy) 9.778 s",
    "[19:31:49] pbc_nvt_nhc: BFGS starting (max 50 steps, fmax=0.1; this is pre-MD minimization, not dynamics yet)",
    "[19:31:50] pbc_nvt_nhc: BFGS 0.963 s (12 iters)",
    "[19:35:31] pbc_nvt_nhc: MD integrator 221.617 s (55.4043 ms/step mean)"
  ],
  "timing": {
    "cluster_build_s": 0.24041152599966154,
    "skip_jit_warmup": false,
    "runs": {
      "pbc_nvt_nhc": {
        "mmml_setup_calculator_s": 0.7444818330113776,
        "mmml_factory_call_s": 0.00015967999934218824,
        "jit_warmup_first_potential_s": 9.777978429978248,
        "pre_bfgs_energy_eV": -249.3110809326172,
        "pre_bfgs_fmax_eVA": 0.7681170105934143,
        "bfgs_wall_s": 0.962862729007611,
        "bfgs_traj": "pbc_nvt_nhc_min.traj",
        "bfgs_iterations": 12.0,
        "md_entry_to_integrator_ready_s": 0.006250262988032773,
        "md_first_observable_snapshot_s": 0.0008826180128380656,
        "md_attach_overhead_s": 4.309986252337694e-06,
        "md_integrator_loop_s": 221.61723614801303,
        "md_per_step_mean_ms": 55.40430903700326
      }
    },
    "suite_total_wall_s": 233.67329248398892
  }
}