{
  "mae": 0.44633039832115173,
  "rmse": 0.6091613173484802,
  "r2": 0.47775882482528687,
  "mean_error": -0.02848624251782894,
  "std_error": 0.6084948778152466,
  "max_abs_error": 3.7239761352539062,
  "mae_kcal_mol": 10.292535781860352,
  "rmse_kcal_mol": 14.047473907470703,
  "mean_error_kcal_mol": -0.6569027304649353,
  "std_error_kcal_mol": 14.032105445861816,
  "max_abs_error_kcal_mol": 85.8761978149414,
  "mae_overall": 0.3551343083381653,
  "rmse_overall": 0.5746705532073975,
  "r2_overall": 0.9031994342803955,
  "r_overall": 0.9505050096226656,
  "mae_x": 0.36166319251060486,
  "mae_y": 0.356201171875,
  "mae_z": 0.347538560628891,
  "r2_x": 0.9059030413627625,
  "r2_y": 0.9026046991348267,
  "r2_z": 0.9009973406791687,
  "mae_components": [
    0.5231407284736633,
    0.524443507194519,
    0.5225124359130859
  ],
  "mae_magnitude": 0.3770809471607208,
  "rmse_magnitude": 0.613475501537323,
  "r2_magnitude": 0.8700769543647766,
  "mae_overall_kcal_mol_ang": 12.068994522094727,
  "rmse_overall_kcal_mol_ang": 19.067171096801758,
  "mae_x_kcal_mol_ang": 12.06380844116211,
  "mae_y_kcal_mol_ang": 12.093851089477539,
  "mae_z_kcal_mol_ang": 12.049320220947266,
  "mae_magnitude_kcal_mol_ang": 15.161417961120605,
  "rmse_magnitude_kcal_mol_ang": 23.849538803100586,
  "r": 0.6915277203376738,
  "mae_overall_debye": 0.3551343083381653,
  "rmse_overall_debye": 0.5746705532073975,
  "mae_x_debye": 0.36166319251060486,
  "mae_y_debye": 0.356201171875,
  "mae_z_debye": 0.347538560628891,
  "mae_magnitude_debye": 0.3770809471607208,
  "rmse_magnitude_debye": 0.613475501537323
}