{
  "mae": 0.4460349977016449,
  "rmse": 0.6160441637039185,
  "r2": 0.4399862289428711,
  "mean_error": -0.008009374141693115,
  "std_error": 0.6159921288490295,
  "max_abs_error": 3.8429183959960938,
  "mae_kcal_mol": 10.285723686218262,
  "rmse_kcal_mol": 14.206193923950195,
  "mean_error_kcal_mol": -0.18469896912574768,
  "std_error_kcal_mol": 14.204994201660156,
  "max_abs_error_kcal_mol": 88.6190414428711,
  "mae_overall": 0.35286545753479004,
  "rmse_overall": 0.5757989287376404,
  "r2_overall": 0.9001903533935547,
  "r_overall": 0.9489262141144091,
  "mae_x": 0.3562137186527252,
  "mae_y": 0.35321125388145447,
  "mae_z": 0.34917140007019043,
  "r2_x": 0.9014768004417419,
  "r2_y": 0.9003186821937561,
  "r2_z": 0.8987650275230408,
  "mae_components": [
    0.5317588448524475,
    0.5323740839958191,
    0.531671941280365
  ],
  "mae_magnitude": 0.37821707129478455,
  "rmse_magnitude": 0.6132048964500427,
  "r2_magnitude": 0.8658198714256287,
  "mae_overall_kcal_mol_ang": 12.266607284545898,
  "rmse_overall_kcal_mol_ang": 19.361255645751953,
  "mae_x_kcal_mol_ang": 12.262545585632324,
  "mae_y_kcal_mol_ang": 12.2767333984375,
  "mae_z_kcal_mol_ang": 12.260540962219238,
  "mae_magnitude_kcal_mol_ang": 15.503106117248535,
  "rmse_magnitude_kcal_mol_ang": 24.237117767333984,
  "r": 0.6634546985271207,
  "mae_overall_debye": 0.35286545753479004,
  "rmse_overall_debye": 0.5757989287376404,
  "mae_x_debye": 0.3562137186527252,
  "mae_y_debye": 0.35321125388145447,
  "mae_z_debye": 0.34917140007019043,
  "mae_magnitude_debye": 0.37821707129478455,
  "rmse_magnitude_debye": 0.6132048964500427
}