{
  "mae": 0.15555725991725922,
  "rmse": 0.23755671083927155,
  "r2": 0.9986706972122192,
  "mean_error": -0.008289466612040997,
  "std_error": 0.23741203546524048,
  "max_abs_error": 1.6781387329101562,
  "mae_kcal_mol": 3.587204933166504,
  "rmse_kcal_mol": 5.478140830993652,
  "mean_error_kcal_mol": -0.1911580115556717,
  "std_error_kcal_mol": 5.474804878234863,
  "max_abs_error_kcal_mol": 38.69846725463867,
  "mae_overall": 0.019260939210653305,
  "rmse_overall": 0.02613493800163269,
  "r2_overall": 0.9636399149894714,
  "r_overall": 0.9817069191617201,
  "mae_x": 0.01858837716281414,
  "mae_y": 0.0191811453551054,
  "mae_z": 0.020013296976685524,
  "r2_x": 0.9628616571426392,
  "r2_y": 0.9654698967933655,
  "r2_z": 0.9624893069267273,
  "mae_components": [
    0.31764307618141174,
    0.31280142068862915,
    0.3127744793891907
  ],
  "mae_magnitude": 0.01868637651205063,
  "rmse_magnitude": 0.02512969635426998,
  "r2_magnitude": 0.9461516737937927,
  "mae_overall_kcal_mol_ang": 7.250320911407471,
  "rmse_overall_kcal_mol_ang": 11.685831069946289,
  "mae_x_kcal_mol_ang": 7.324960708618164,
  "mae_y_kcal_mol_ang": 7.213310241699219,
  "mae_z_kcal_mol_ang": 7.21268892288208,
  "mae_magnitude_kcal_mol_ang": 9.391703605651855,
  "rmse_magnitude_kcal_mol_ang": 15.354050636291504,
  "r": 0.9993406467187053,
  "mae_overall_debye": 0.019260939210653305,
  "rmse_overall_debye": 0.02613493800163269,
  "mae_x_debye": 0.01858837716281414,
  "mae_y_debye": 0.0191811453551054,
  "mae_z_debye": 0.020013296976685524,
  "mae_magnitude_debye": 0.01868637651205063,
  "rmse_magnitude_debye": 0.02512969635426998
}