{
  "mae": 0.44631150364875793,
  "rmse": 0.6090987920761108,
  "r2": 0.44217950105667114,
  "mean_error": -0.028465768322348595,
  "std_error": 0.6084332466125488,
  "max_abs_error": 3.72296142578125,
  "mae_kcal_mol": 10.292099952697754,
  "rmse_kcal_mol": 14.046031951904297,
  "mean_error_kcal_mol": -0.6564306020736694,
  "std_error_kcal_mol": 14.030683517456055,
  "max_abs_error_kcal_mol": 85.85279846191406,
  "mae_overall": 0.3541065752506256,
  "rmse_overall": 0.5746702551841736,
  "r2_overall": 0.9031963348388672,
  "r_overall": 0.9505033510162414,
  "mae_x": 0.36076316237449646,
  "mae_y": 0.356405109167099,
  "mae_z": 0.345151424407959,
  "r2_x": 0.9050800800323486,
  "r2_y": 0.9028564095497131,
  "r2_z": 0.9016408324241638,
  "mae_components": [
    0.5214993953704834,
    0.5249671339988708,
    0.5237575173377991
  ],
  "mae_magnitude": 0.3770867884159088,
  "rmse_magnitude": 0.6134760975837708,
  "r2_magnitude": 0.8700773119926453,
  "mae_overall_kcal_mol_ang": 12.06997299194336,
  "rmse_overall_kcal_mol_ang": 19.067474365234375,
  "mae_x_kcal_mol_ang": 12.025959014892578,
  "mae_y_kcal_mol_ang": 12.105926513671875,
  "mae_z_kcal_mol_ang": 12.078031539916992,
  "mae_magnitude_kcal_mol_ang": 15.161336898803711,
  "rmse_magnitude_kcal_mol_ang": 23.849504470825195,
  "r": 0.6653353525990693,
  "mae_overall_debye": 0.3541065752506256,
  "rmse_overall_debye": 0.5746702551841736,
  "mae_x_debye": 0.36076316237449646,
  "mae_y_debye": 0.356405109167099,
  "mae_z_debye": 0.345151424407959,
  "mae_magnitude_debye": 0.3770867884159088,
  "rmse_magnitude_debye": 0.6134760975837708
}