{
  "mae": 0.16475586593151093,
  "rmse": 0.24455970525741577,
  "r2": 0.9987661838531494,
  "mean_error": -0.07609078288078308,
  "std_error": 0.23242127895355225,
  "max_abs_error": 1.9533767700195312,
  "mae_kcal_mol": 3.799328088760376,
  "rmse_kcal_mol": 5.639632701873779,
  "mean_error_kcal_mol": -1.7546801567077637,
  "std_error_kcal_mol": 5.359715938568115,
  "max_abs_error_kcal_mol": 45.04555130004883,
  "mae_overall": 0.01847914606332779,
  "rmse_overall": 0.025718312710523605,
  "r2_overall": 0.9649788737297058,
  "r_overall": 0.9823629479663533,
  "mae_x": 0.018633119761943817,
  "mae_y": 0.018009787425398827,
  "mae_z": 0.018794534727931023,
  "r2_x": 0.9646496176719666,
  "r2_y": 0.9663740396499634,
  "r2_z": 0.9638699293136597,
  "mae_components": [
    0.3049710988998413,
    0.30289986729621887,
    0.3064733147621155
  ],
  "mae_magnitude": 0.018792588263750076,
  "rmse_magnitude": 0.027304571121931076,
  "r2_magnitude": 0.9481179118156433,
  "mae_overall_kcal_mol_ang": 7.028365135192871,
  "rmse_overall_kcal_mol_ang": 11.468647003173828,
  "mae_x_kcal_mol_ang": 7.032740592956543,
  "mae_y_kcal_mol_ang": 6.9849772453308105,
  "mae_z_kcal_mol_ang": 7.067381858825684,
  "mae_magnitude_kcal_mol_ang": 9.146573066711426,
  "rmse_magnitude_kcal_mol_ang": 15.071121215820312,
  "r": 0.9993855123626627,
  "mae_overall_debye": 0.01847914606332779,
  "rmse_overall_debye": 0.025718312710523605,
  "mae_x_debye": 0.018633119761943817,
  "mae_y_debye": 0.018009787425398827,
  "mae_z_debye": 0.018794534727931023,
  "mae_magnitude_debye": 0.018792588263750076,
  "rmse_magnitude_debye": 0.027304571121931076
}