{
  "dcmnet": {
    "name": "DCMNet (Equivariant)",
    "training_time": 172.92530035972595,
    "inference_time": 1.487676706314087,
    "memory_usage_mb": 0.0,
    "num_parameters": 322420,
    "val_energy_mae": 8.914186382293702,
    "val_forces_mae": 0.21229510009288788,
    "val_dipole_mae": 0.253949348628521,
    "val_esp_mae": 0.016003068536520004,
    "rotation_error_dipole": 3.846984189884552e-06,
    "rotation_error_esp": 7.480891781597165e-07,
    "translation_error_dipole": 2.199084065068746e-06,
    "translation_error_esp": 3.2734445198912e-07
  },
  "noneq": {
    "name": "Non-Equivariant",
    "training_time": 63.50829792022705,
    "inference_time": 0.788511471748352,
    "memory_usage_mb": 0.0,
    "num_parameters": 120922,
    "val_energy_mae": 8.941054916381836,
    "val_forces_mae": 0.211681766808033,
    "val_dipole_mae": 0.2536920726299286,
    "val_esp_mae": 0.01285200659185648,
    "rotation_error_dipole": 0.004834128081868929,
    "rotation_error_esp": 0.0004274883831385523,
    "translation_error_dipole": 1.3657702879754652e-07,
    "translation_error_esp": 1.4872297171564242e-08
  },
  "args": {
    "train_efd": "energies_forces_dipoles_train.npz",
    "train_esp": "grids_esp_train.npz",
    "valid_efd": "energies_forces_dipoles_valid.npz",
    "valid_esp": "grids_esp_valid.npz",
    "epochs": 10,
    "batch_size": 100,
    "seed": 60808592,
    "physnet_features": 64,
    "dcmnet_features": 128,
    "n_dcm": 1,
    "comparison_name": "dcm1test60808592",
    "output_dir": "comparisons",
    "skip_training": false,
    "equivariance_samples": 20
  }
}