{
  "train_loss": [
    483.03197746276857,
    69.97412357330322,
    17.595827484130858,
    11.574398183822632,
    8.931578022241592,
    7.715792483091354,
    7.0488319277763365,
    6.478557574748993,
    6.1835537314414974,
    5.874839556217194,
    5.6394604504108425,
    5.492086082696915,
    5.323509323596954,
    5.23729858994484,
    5.162653940916061,
    5.12419895529747,
    4.924745792150498,
    4.985731929540634,
    4.868621838092804,
    4.841376686096192,
    4.758285182714462,
    4.656830215454102,
    4.588926661014557,
    4.486215841770172,
    4.534218582510948,
    4.440500321984291,
    4.3391312032938005,
    4.46227285861969,
    4.154133623838424,
    3.983539891242981,
    4.124647507071495,
    3.9153093487024306,
    3.6900634199380873,
    3.8595004081726074,
    3.653632256388664,
    3.451365077495575,
    3.382164332270622,
    3.4698352068662643,
    3.369663733243942,
    3.121539133787155,
    3.0565289884805678,
    2.9099321007728576,
    2.7788849592208864,
    2.7955743789672853,
    2.705341312289238,
    2.5749777227640154,
    2.6732733696699142,
    2.4334571063518524,
    2.3458357781171797,
    2.249251963198185
  ],
  "val_loss": [
    599.1636352539062,
    595.7653625488281,
    590.6177734375,
    583.6241638183594,
    574.4859252929688,
    562.984375,
    548.8895568847656,
    532.4570922851562,
    513.6565368652343,
    492.8037841796875,
    470.20115356445314,
    446.0466796875,
    420.68951721191405,
    394.5977844238281,
    368.2134063720703,
    341.7838104248047,
    315.6255340576172,
    290.02576904296876,
    265.2194290161133,
    241.50687561035156,
    218.99249420166015,
    197.85438690185546,
    178.1297409057617,
    159.89456939697266,
    143.02165832519532,
    127.67008743286132,
    113.60488662719726,
    100.8876335144043,
    89.50152893066407,
    79.2166633605957,
    70.02625885009766,
    61.81179542541504,
    54.48732795715332,
    47.96467628479004,
    42.24881134033203,
    37.202193069458005,
    32.63752422332764,
    28.816334342956544,
    25.366461753845215,
    22.3655143737793,
    19.697740936279295,
    17.427031135559083,
    15.413875579833984,
    13.678256225585937,
    12.171794223785401,
    10.835779571533203,
    9.689859294891358,
    8.67561502456665,
    7.791923093795776,
    7.034022474288941
  ],
  "val_energy_mae": [
    9.921726608276368,
    9.89337091445923,
    9.852907848358154,
    9.796464443206787,
    9.72164478302002,
    9.626472187042236,
    9.509276866912842,
    9.369110107421875,
    9.20534896850586,
    9.01847791671753,
    8.809464836120606,
    8.579872798919677,
    8.332219982147217,
    8.068331670761108,
    7.790759563446045,
    7.5020637035369875,
    7.204492616653442,
    6.901446962356568,
    6.594664001464844,
    6.287460470199585,
    5.981089973449707,
    5.67849440574646,
    5.3806960105896,
    5.0897111892700195,
    4.805376434326172,
    4.53145751953125,
    4.264912176132202,
    4.009067273139953,
    3.76477108001709,
    3.5301976680755613,
    3.3061967849731446,
    3.092077946662903,
    2.8897042989730837,
    2.696630620956421,
    2.5158482074737547,
    2.3435829639434815,
    2.1769835710525514,
    2.0268118023872375,
    1.8826744318008424,
    1.7471097946166991,
    1.6177346587181092,
    1.4997197270393372,
    1.3871883869171142,
    1.2842450261116027,
    1.1870086431503295,
    1.0959340691566468,
    1.0108782827854157,
    0.932691490650177,
    0.8575564682483673,
    0.7889682233333588
  ],
  "val_forces_mae": [
    0.24247408360242845,
    0.24245003908872603,
    0.24172576665878295,
    0.24059015661478042,
    0.23879920095205306,
    0.23632576018571855,
    0.23306764662265778,
    0.22917373329401017,
    0.22470974326133727,
    0.21986453980207443,
    0.21466321498155594,
    0.208955816924572,
    0.2027667358517647,
    0.19631716310977937,
    0.18970475494861602,
    0.1828779846429825,
    0.1758572980761528,
    0.16859558820724488,
    0.1612331211566925,
    0.15387812852859498,
    0.14666517823934555,
    0.13949184417724608,
    0.1324442781507969,
    0.1255540944635868,
    0.11876725032925606,
    0.11225876286625862,
    0.10595504716038703,
    0.0999162882566452,
    0.09421726241707802,
    0.0888101540505886,
    0.08372666165232659,
    0.07895386144518853,
    0.07427503541111946,
    0.0698257215321064,
    0.06574541926383973,
    0.06206150092184544,
    0.05849118307232857,
    0.05542261190712452,
    0.05237050727009773,
    0.04969792366027832,
    0.04722644872963429,
    0.04495975412428379,
    0.04290332682430744,
    0.040972111746668816,
    0.039247749000787736,
    0.037580874562263486,
    0.03611901551485062,
    0.03456932827830315,
    0.03327753245830536,
    0.0321594599634409
  ],
  "val_dipole_mae": [
    0.254328179359436,
    0.25333416759967803,
    0.25227900594472885,
    0.2511471673846245,
    0.2500650748610497,
    0.2491527557373047,
    0.24841024726629257,
    0.24779150933027266,
    0.24728187322616577,
    0.24686395525932311,
    0.2465234860777855,
    0.24624075144529342,
    0.24598772823810577,
    0.24577710181474685,
    0.24558196514844893,
    0.24540478587150574,
    0.2452296420931816,
    0.24502632766962051,
    0.24479709714651107,
    0.24452919512987137,
    0.24417437613010406,
    0.24377439320087432,
    0.24326941519975662,
    0.24266527593135834,
    0.2419454723596573,
    0.24108262360095978,
    0.24006545245647432,
    0.23893853276968002,
    0.2376646488904953,
    0.23626046925783156,
    0.23473203033208848,
    0.23306693136692047,
    0.2312680274248123,
    0.2293758660554886,
    0.2274042084813118,
    0.2253104954957962,
    0.22308025807142257,
    0.22080686092376708,
    0.21845702826976776,
    0.2160361424088478,
    0.21355275064706802,
    0.21102959662675858,
    0.20840591490268706,
    0.20579895824193956,
    0.2031607910990715,
    0.20047410130500792,
    0.19772619903087615,
    0.19499825835227966,
    0.19223747104406358,
    0.18952436298131942
  ],
  "val_esp_mae": [
    0.0170113705098629,
    0.016491856426000595,
    0.016012944281101227,
    0.015581043437123299,
    0.015190285630524158,
    0.014824929647147655,
    0.014480307698249817,
    0.014149551279842854,
    0.0138213150203228,
    0.013497867621481419,
    0.01318045612424612,
    0.012869398109614849,
    0.012569211423397064,
    0.012281261384487152,
    0.01201119739562273,
    0.011741789057850838,
    0.011476913467049599,
    0.011217418126761913,
    0.010971265845000744,
    0.010729890316724777,
    0.010492785833775997,
    0.010276779532432556,
    0.010080210864543915,
    0.009893613867461681,
    0.009724538773298264,
    0.009573323652148247,
    0.009429743513464928,
    0.009302257560193539,
    0.009190534241497517,
    0.00908560398966074,
    0.008991898968815804,
    0.008906831033527851,
    0.008829536847770214,
    0.008751926943659782,
    0.00867749284952879,
    0.00860185269266367,
    0.008524728938937187,
    0.008438298478722572,
    0.008338470943272114,
    0.008226579055190086,
    0.008110781200230122,
    0.007983939722180367,
    0.007851466536521912,
    0.00770372012630105,
    0.0075666108168661594,
    0.007426557596772909,
    0.007293892093002796,
    0.007157862652093172,
    0.007034718059003353,
    0.006909996271133423
  ],