{
  "physnet": {
    "e_start": 861.6844482421875,
    "e_end": -21.47109603881836,
    "e_min": -37.68189239501953,
    "e_max": 861.6844482421875,
    "fmax_start": 1853.159912109375,
    "fmax_end": 0.4049232602119446,
    "fmax_max": 85637.5703125
  },
  "mmml": {
    "e_start": 861.6844482421875,
    "e_end": -21.32040786743164,
    "e_min": -21.32040786743164,
    "e_max": 1693101568.0,
    "fmax_start": 1853.5755615234375,
    "fmax_end": 0.0,
    "fmax_max": 40016871424.0
  }
}