{
  "train_loss": [
    480.91211261749265,
    92.45923624038696,
    33.129001307487485,
    20.75899530649185,
    15.365535295009613,
    12.136786603927613,
    10.18434585928917,
    8.861732804775238,
    8.668013203144074,
    7.455914187431335
  ],
  "val_loss": [
    598.8120361328125,
    596.6256042480469,
    592.7960632324218,
    586.9733215332031,
    579.0019104003907,
    568.6836853027344,
    555.8328002929687,
    540.362646484375,
    522.397250366211,
    502.0575653076172
  ],
  "val_energy_mae": [
    9.926320648193359,
    9.90573034286499,
    9.87042531967163,
    9.817525672912598,
    9.743932247161865,
    9.647203826904297,
    9.525790786743164,
    9.37881097793579,
    9.207265186309815,
    9.010846519470215
  ],
  "val_forces_mae": [
    0.24254949539899825,
    0.24293145537376404,
    0.24336595237255096,
    0.24349625259637833,
    0.24339576661586762,
    0.24301367700099946,
    0.24221037775278093,
    0.2407521650195122,
    0.2384214609861374,
    0.2353446826338768
  ],
  "val_dipole_mae": [
    0.25668689161539077,
    0.25669522434473035,
    0.25651669651269915,
    0.2562542364001274,
    0.2559285283088684,
    0.25551852136850356,
    0.2550653100013733,
    0.2545744240283966,
    0.25404071658849714,
    0.25347109138965607
  ],
  "val_esp_mae": [
    0.01661994680762291,
    0.016253070905804634,
    0.015869997441768646,
    0.01548124197870493,
    0.015088983811438084,
    0.014696246013045311,
    0.014306548982858658,
    0.013924496248364449,
    0.013551427982747555,
    0.01319103129208088
  ],
  "epoch_times": [
    22.618478536605835,
    3.6013219356536865,
    3.6199722290039062,
    3.6875956058502197,
    3.6014037132263184,
    3.6308670043945312,
    3.6714556217193604,
    3.6743011474609375,
    3.6501545906066895,
    3.6788699626922607
  ]
}