{
  "train_loss": [
    451.0707191467285,
    91.42525420188903,
    34.47597978115082,
    22.838461899757384,
    17.612626433372498,
    15.812150013446807,
    12.533245933055877,
    10.11007891893387,
    9.252474057674409,
    8.718013614416122
  ],
  "val_loss": [
    598.8715087890625,
    597.07392578125,
    593.8671142578125,
    588.9503540039062,
    581.9239196777344,
    572.3199401855469,
    559.9870361328125,
    544.9918640136718,
    527.4229248046875,
    507.4685852050781
  ],
  "val_energy_mae": [
    9.931819343566895,
    9.916815853118896,
    9.889293670654297,
    9.84688196182251,
    9.786062335968017,
    9.703549194335938,
    9.597001457214356,
    9.465269947052002,
    9.30769748687744,
    9.125278091430664
  ],
  "val_forces_mae": [
    0.24192319214344024,
    0.24171042144298555,
    0.24127509146928788,
    0.2406432583928108,
    0.2395916685461998,
    0.2379022017121315,
    0.23564309626817703,
    0.23279373198747635,
    0.2294027641415596,
    0.22549555599689483
  ],
  "val_dipole_mae": [
    0.25711322128772734,
    0.2574560225009918,
    0.2577289119362831,
    0.2579154595732689,
    0.25802250057458875,
    0.25804019868373873,
    0.25794516056776046,
    0.2577623546123505,
    0.25750468075275423,
    0.25718082338571546
  ],
  "val_esp_mae": [
    0.015737926587462425,
    0.015365134924650192,
    0.014981770887970924,
    0.014596795663237572,
    0.014216671697795391,
    0.013847512193024158,
    0.013490512035787106,
    0.013147933408617973,
    0.012818614952266216,
    0.012504100799560547
  ],
  "epoch_times": [
    20.976494312286377,
    3.428711414337158,
    3.41973876953125,
    3.4022321701049805,
    3.384032726287842,
    3.3762624263763428,
    3.4055368900299072,
    3.404160499572754,
    3.3952548503875732,
    3.4259190559387207
  ]
}