{
  "min_inter_initial_A": 2.2486151293629595,
  "physnet": {
    "pe_start": -51.60701370239258,
    "pe_end": -51.570709228515625,
    "pe_min": -51.60923767089844,
    "pe_max": -51.56839370727539,
    "fmax_start": 0.09925460815429688,
    "fmax_end": 0.7452352046966553,
    "fmax_max": 0.9211908578872681,
    "ke_start": 0.11986492097879385,
    "ke_end": 0.08528918292358695,
    "ke_max": 0.11986492097879385,
    "etot_start": -51.48714878141379,
    "etot_end": -51.485420045592036,
    "etot_span": 0.013263766850293734
  },
  "mmml": {
    "pe_start": -49.01060485839844,
    "pe_end": -48.99296951293945,
    "pe_min": -49.01264572143555,
    "pe_max": -48.98447799682617,
    "fmax_start": 0.06965763866901398,
    "fmax_end": 1.1909703016281128,
    "fmax_max": 1.1909703016281128,
    "ke_start": 0.07109980095914002,
    "ke_end": 0.05255601618154371,
    "ke_max": 0.07127340508389894,
    "etot_start": -48.9395050574393,
    "etot_end": -48.94041349675791,
    "etot_span": 0.011903920720904182
  }
}