{
  "train_loss": [
    480.407843208313,
    92.42852339744567,
    32.216704034805296,
    19.841650509834288,
    14.566916525363922,
    11.345732259750367,
    9.475444006919862,
    8.194961893558503,
    7.681576925516128,
    6.890895211696625
  ],
  "val_loss": [
    598.6971862792968,
    596.5404663085938,
    592.7490051269531,
    586.9879028320313,
    579.0452697753906,
    568.7615356445312,
    555.9915161132812,
    540.7423889160157,
    522.9817169189453,
    503.0829345703125
  ],
  "val_energy_mae": [
    9.926319980621338,
    9.905637168884278,
    9.870029735565186,
    9.816395568847657,
    9.741499042510986,
    9.643015956878662,
    9.519723701477051,
    9.370776176452637,
    9.196583366394043,
    8.998377799987793
  ],
  "val_forces_mae": [
    0.24255208373069764,
    0.2429271638393402,
    0.24338896274566652,
    0.24361903518438338,
    0.2436413958668709,
    0.24336911290884017,
    0.24251343607902526,
    0.24101928174495696,
    0.23865710496902465,
    0.23555679619312286
  ],
  "val_dipole_mae": [
    0.25667769014835357,
    0.2566510885953903,
    0.2564300954341888,
    0.2560427948832512,
    0.2556039333343506,
    0.2551255986094475,
    0.2546219080686569,
    0.2540970966219902,
    0.25355319678783417,
    0.25299138724803927
  ],
  "val_esp_mae": [
    0.016267679631710052,
    0.016036998480558395,
    0.015805216506123543,
    0.01555683370679617,
    0.015318144112825394,
    0.015210206620395184,
    0.01536970492452383,
    0.015900012105703354,
    0.01682119071483612,
    0.01808943599462509
  ],
  "epoch_times": [
    93.87932682037354,
    4.539533615112305,
    4.5165696144104,
    4.473722219467163,
    4.502782583236694,
    4.438440561294556,
    4.512633323669434,
    4.556861162185669,
    4.589441537857056,
    4.532862424850464
  ]
}