{
  "train_loss": [
    485.2050895690918,
    73.24854423999787,
    17.778195250034333,
    11.50652688741684,
    8.854247266054154,
    7.771907305717468,
    6.976078850030899,
    6.461496990919113,
    5.991668456792832,
    5.722955322265625,
    5.39530189037323,
    5.346733963489532,
    5.142469388246536,
    5.039762878417969,
    4.9768995344638824,
    4.844117772579193,
    4.836613517999649,
    4.680392152070999,
    4.6259681224823,
    4.567854225635529,
    4.497996419668198,
    4.526040363311767,
    4.5224117040634155,
    4.30402339398861,
    4.297512233257294,
    4.331873539090156,
    4.064034336805344,
    4.083180665969849,
    4.1184566646814345,
    4.008431351184845,
    3.9224594295024873,
    3.7760114043951036,
    3.677374729514122,
    3.7741052895784377,
    3.6859953194856643,
    3.4323927402496337,
    3.3645002961158754,
    3.420704200863838,
    3.5152697920799256,
    3.2278440266847612,
    3.213374623656273,
    3.343247690796852,
    3.232987570762634,
    2.953954982757568,
    2.8694830894470216,
    2.9300472319126127,
    2.8225795567035674,
    2.779344967007637,
    2.725810319185257,
    2.6514725983142853,
    2.578919431567192,
    2.5129491329193114,
    2.410068115592003,
    2.3907440319657325,
    2.2547631368041037,
    2.2890981644392014,
    2.254481907188892,
    2.1013012677431107,
    2.44122544080019,
    2.034100566804409,
    2.032589241862297,
    1.9012929663062095,
    1.9611613497138023,
    1.7974759817123414,
    1.717104160785675,
    1.7454306796193122,
    1.6266631737351418,
    1.5773556634783745,
    1.6390560850501061,
    1.5901225432753563,
    1.4733694165945053,
    1.4569122344255447,
    1.4382914811372758,
    1.6217155575752258,
    1.377515396475792,
    1.442575354874134,
    1.3381497621536256,
    1.363559854030609,
    1.4558211997151376,
    1.2719611167907714,
    1.2930544644594193,
    1.2713169857859612,
    1.2654946491122245,
    1.2536881133913993,
    1.1173388816416263,
    1.1426481530070305,
    1.1427533805370331,
    1.108735591173172,
    1.0415611915290355,
    1.0934984385967255,
    1.1889631688594817,
    0.9974675454199314,
    1.006308251619339,
    1.011199562251568,
    0.9983560256659985,
    0.9914212353527546,
    0.9956250086426734,
    0.949160385131836,
    0.8841118909418583,
    0.8514025636017323
  ],
  "val_loss": [
    599.0893676757812,
    595.7650451660156,
    590.5651794433594,
    583.3438049316406,
    573.9314636230469,
    562.011669921875,
    547.6111755371094,
    530.7091888427734,
    511.73464050292966,
    490.95396423339844,
    468.8094116210938,
    445.72943725585935,
    421.8116943359375,
    397.45343627929685,
    372.86888427734374,
    348.22767333984376,
    323.84084167480466,
    299.90509033203125,
    276.57972717285156,
    254.12350158691407,
    232.59422454833984,
    212.1259506225586,
    192.82769775390625,
    174.6874969482422,
    157.6922119140625,
    141.97965087890626,
    127.54007034301758,
    114.21431884765624,
    102.10444717407226,
    91.13519744873047,
    81.10367126464844,
    72.08418426513671,
    63.97194480895996,
    56.737165451049805,
    50.276414489746095,
    44.4557071685791,
    39.35197448730469,
    34.8101146697998,
    30.7814847946167,
    27.253606224060057,
    24.137471389770507,
    21.333298873901366,
    18.901182556152342,
    16.81197624206543,
    14.963449001312256,
    13.305712509155274,
    11.912979125976562,
    10.65468921661377,
    9.579328250885009,
    8.630201053619384,
    7.79593415260315,
    7.111305665969849,
    6.473531246185303,
    5.914014482498169,
    5.430179262161255,
    5.033665704727173,
    4.651029968261719,
    4.32632966041565,
    4.03932785987854,
    3.8086903572082518,
    3.5566895484924315,
    3.3575612545013427,
    3.181134510040283,
    3.0125646352767945,
    2.8701992988586427,
    2.7394737005233765,
    2.6211330890655518,
    2.507119059562683,
    2.418387460708618,
    2.323965382575989,
    2.239426922798157,
    2.158628535270691,
    2.0955018997192383,
    2.024631690979004,
    1.9560564875602722,
    1.8879692077636718,
    1.8425516963005066,
    1.7866189122200011,
    1.7261033415794373,
    1.6760316014289856,
    1.629842460155487,
    1.5849567770957946,
    1.5400207042694092,
    1.497454297542572,
    1.4527384757995605,
    1.4164261221885681,
    1.3734914183616638,
    1.3378968358039856,
    1.3056558609008788,
    1.2718773365020752,
    1.2403706789016724,
    1.2090300440788269,
    1.1796339273452758,
    1.1440675854682922,
    1.1206422209739686,
    1.0922199308872222,
    1.0599207758903504,
    1.0356391727924348,
    1.0118863999843597,
    0.9879441499710083
  ],
  "val_energy_mae": [
    9.921747589111328,
    9.89297103881836,
    9.85150442123413,
    9.793477439880371,
    9.716358470916749,
    9.618204116821289,
    9.49753932952881,
    9.353395938873291,
    9.186360168457032,
    8.99622688293457,
    8.784514904022217,
    8.552545261383056,
    8.302515602111816,
    8.03709282875061,
    7.757950782775879,
    7.46793417930603,
    7.169530773162842,
    6.866419935226441,
    6.560537815093994,
    6.25446081161499,
    5.949329137802124,
    5.646982717514038,
    5.350075769424438,
    5.059746122360229,
    4.775758457183838,
    4.501251935958862,
    4.237531232833862,
    3.9812195539474486,
    3.7358113050460817,
    3.502874422073364,
    3.2790599346160887,
    3.0647406578063965,
    2.8622440814971926,
    2.670937180519104,
    2.4894123315811156,
    2.3157795906066894,
    2.1547001123428347,
    2.0014014840126038,
    1.8580568194389344,
    1.7239133596420289,
    1.59899799823761,
    1.480335569381714,
    1.368457841873169,
    1.2658926963806152,
    1.1680251359939575,
    1.0752737998962403,
    0.9909076869487763,
    0.9114396572113037,
    0.8383605062961579,
    0.7703820824623108,
    0.7044084727764129,
    0.6490153133869171,
    0.596384596824646,
    0.5466028392314911,
    0.5048643469810485,
    0.46705170571804044,
    0.43346925377845763,
    0.4037868738174438,
    0.37939298450946807,
    0.35873447358608246,
    0.33736916482448576,
    0.3203560382127762,
    0.30565403401851654,
    0.291129469871521,
    0.2799879193305969,
    0.2679018810391426,
    0.25877354592084884,
    0.24979234337806702,
    0.2420238122344017,
    0.23509928435087205,
    0.22699609845876695,
    0.2205338954925537,
    0.21435686945915222,
    0.20915306657552718,
    0.20482301712036133,
    0.20003130733966829,
    0.19579770416021347,
    0.19058388024568557,
    0.18630264550447465,
    0.18296218514442444,
    0.1790393829345703,
    0.17515158653259277,
    0.17185621410608293,
    0.16914452165365218,
    0.16611653417348862,
    0.16237850487232208,
    0.15905214548110963,
    0.1562490701675415,
    0.15398212671279907,
    0.1508480876684189,
    0.1482004553079605,
    0.14606237560510635,
    0.14351682513952255,
    0.14143110513687135,
    0.13916931599378585,
    0.13686666786670684,
    0.13512184992432594,
    0.1329051174223423,
    0.1312972277402878,
    0.12912398278713227
  ],