{
  "train_loss": [
    58.58688845388591,
    9.256792099550367,
    6.064339493103326,
    4.847276630960405,
    4.0830776768103245,
    3.890092857066542,
    3.863135996133089,
    3.5526452339887618,
    3.2236006005816162,
    3.6902941239252685
  ],
  "val_loss": [
    9.515531461417675,
    4.221643723726273,
    3.1303731710910796,
    3.263636702954769,
    2.633736313045025,
    2.7635517374277114,
    2.5132357684373856,
    2.5939672573804855,
    2.372619301855564,
    2.60657683801651
  ],
  "val_energy_mae": [
    0.5965814418792724,
    0.40581665372848513,
    0.4131608905792236,
    0.40419897317886355,
    0.408121985912323,
    0.4090016012191772,
    0.39706443071365355,
    0.4085524549484253,
    0.4034132070541382,
    0.39207532405853274
  ],
  "val_forces_mae": [
    0.04542115478380583,
    0.026716426599305124,
    0.022752434221562,
    0.024405242402106522,
    0.02215588858467527,
    0.022756492250831796,
    0.023487101130653172,
    0.02293278600717895,
    0.02253848159161862,
    0.024390070189721884
  ],
  "val_dipole_mae": [
    0.24700016699405386,
    0.22081381200579928,
    0.16597918473696335,
    0.14296477139147465,
    0.1282470669883769,
    0.1288829984255135,
    0.11723399006924592,
    0.11660514373565092,
    0.10370568814773287,
    0.10411191956239053
  ],
  "val_esp_mae": [
    0.005719880573451519,
    0.005312700755894184,
    0.005101311486214399,
    0.0049513340927660465,
    0.0048210639506578445,
    0.004740159492939711,
    0.004662589635699987,
    0.004613359458744526,
    0.004529320634901524,
    0.004432355519384146
  ],
  "epoch_times": [
    753.0963044166565,
    693.8076629638672,
    660.0010285377502,
    646.9611475467682,
    648.2478768825531,
    652.5097560882568,
    648.2765955924988,
    658.6371080875397,
    647.2574191093445,
    659.379435300827
  ]
}