{
  "train_loss": [
    472.1837287902832,
    109.27229070663452,
    34.49405930042267,
    20.157500052452086,
    14.76045241355896,
    11.866390526294708,
    10.230254328250885,
    8.943286806344986,
    8.241608709096909,
    7.676844245195388
  ],
  "val_loss": [
    598.7837463378906,
    591.596435546875,
    583.9305053710938,
    574.7798034667969,
    563.7238952636719,
    550.6517028808594,
    535.1873260498047,
    517.7486145019532,
    497.87437744140624,
    476.37827453613284
  ],
  "val_energy_mae": [
    9.873333072662353,
    9.840962219238282,
    9.793853187561036,
    9.727276611328126,
    9.640108776092529,
    9.530857276916503,
    9.398186016082764,
    9.241491889953613,
    9.059751033782959,
    8.854570484161377
  ],
  "val_forces_mae": [
    0.24510788768529893,
    0.2421412408351898,
    0.24009346812963486,
    0.23787325620651245,
    0.235185843706131,
    0.23203950226306916,
    0.22830654829740524,
    0.2243846833705902,
    0.21997784227132797,
    0.2154254913330078
  ],
  "val_dipole_mae": [
    0.2613218784332275,
    0.2610995456576347,
    0.2608467563986778,
    0.26055696457624433,
    0.26023798286914823,
    0.2598954513669014,
    0.2595251888036728,
    0.259131620824337,
    0.2587337583303452,
    0.2583316132426262
  ],
  "val_esp_mae": [
    0.01576898619532585,
    0.015443623997271061,
    0.015106101520359516,
    0.01476296316832304,
    0.014419143088161945,
    0.014078482985496521,
    0.013742887414991856,
    0.013415168970823288,
    0.013095789588987827,
    0.012787003070116043
  ],
  "epoch_times": [
    23.05045485496521,
    3.6676294803619385,
    3.6636765003204346,
    3.6751296520233154,
    3.666957378387451,
    3.6843314170837402,
    3.697834014892578,
    3.7287025451660156,
    3.724905252456665,
    3.7151262760162354
  ]
}