{
  "mae": 0.44605743885040283,
  "rmse": 0.6160799264907837,
  "r2": 0.4813361167907715,
  "mean_error": -0.008007685653865337,
  "std_error": 0.6160278916358948,
  "max_abs_error": 3.8469085693359375,
  "mae_kcal_mol": 10.286240577697754,
  "rmse_kcal_mol": 14.207018852233887,
  "mean_error_kcal_mol": -0.18466003239154816,
  "std_error_kcal_mol": 14.205819129943848,
  "max_abs_error_kcal_mol": 88.7110595703125,
  "mae_overall": 0.35511207580566406,
  "rmse_overall": 0.5757995247840881,
  "r2_overall": 0.9001926183700562,
  "r_overall": 0.9489274645383085,
  "mae_x": 0.35910144448280334,
  "mae_y": 0.3562873303890228,
  "mae_z": 0.349947452545166,
  "r2_x": 0.9026688933372498,
  "r2_y": 0.9004039168357849,
  "r2_z": 0.897364616394043,
  "mae_components": [
    0.534280002117157,
    0.5345523953437805,
    0.5265948176383972
  ],
  "mae_magnitude": 0.37822070717811584,
  "rmse_magnitude": 0.6132046580314636,
  "r2_magnitude": 0.8658228516578674,
  "mae_overall_kcal_mol_ang": 12.263705253601074,
  "rmse_overall_kcal_mol_ang": 19.361034393310547,
  "mae_x_kcal_mol_ang": 12.320684432983398,
  "mae_y_kcal_mol_ang": 12.32696533203125,
  "mae_z_kcal_mol_ang": 12.143461227416992,
  "mae_magnitude_kcal_mol_ang": 15.502894401550293,
  "rmse_magnitude_kcal_mol_ang": 24.236848831176758,
  "r": 0.694043689682121,
  "mae_overall_debye": 0.35511207580566406,
  "rmse_overall_debye": 0.5757995247840881,
  "mae_x_debye": 0.35910144448280334,
  "mae_y_debye": 0.3562873303890228,
  "mae_z_debye": 0.349947452545166,
  "mae_magnitude_debye": 0.37822070717811584,
  "rmse_magnitude_debye": 0.6132046580314636
}