{
  "ep_scale": [
    1.1004422903060913,
    1.1010724306106567,
    1.1002432107925415,
    1.0998753309249878
  ],
  "sig_scale": [
    1.0883069038391113,
    1.1008284091949463,
    1.0522054433822632,
    0.9886743426322937
  ],
  "ml_cutoff": 0.0005000000237487257,
  "mm_switch_on": 5.0200042724609375,
  "mm_cutoff": 4.9799981117248535,
  "lj_params": {
    "atc_epsilons": [
      -0.035,
      -0.06,
      -0.055,
      -0.12
    ],
    "atc_rmins": [
      1.34,
      1.8,
      2.175,
      1.7
    ],
    "atc_qs": [
      0.09,
      0.14,
      -0.1,
      -0.562
    ],
    "at_codes": [
      3,
      1,
      2,
      2,
      0,
      0,
      0,
      0,
      0,
      0,
      3,
      1,
      2,
      2,
      0,
      0,
      0,
      0,
      0,
      0
    ],
    "pair_idx_atom_atom": [
      [
        0,
        10
      ],
      [
        0,
        11
      ],
      [
        0,
        12
      ],
      [
        0,
        13
      ],
      [
        0,
        14
      ],
      [
        0,
        15
      ],
      [
        0,
        16
      ],
      [
        0,
        17
      ],
      [
        0,
        18
      ],
      [
        0,
        19
      ],
      [
        1,
        10
      ],
      [
        1,
        11
      ],
      [
        1,
        12
      ],
      [
        1,
        13
      ],
      [
        1,
        14
      ],
      [
        1,
        15
      ],
      [
        1,
        16
      ],
      [
        1,
        17
      ],
      [
        1,
        18
      ],
      [
        1,
        19
      ],
      [
        2,
        10
      ],
      [
        2,
        11
      ],
      [
        2,
        12
      ],
      [
        2,
        13
      ],
      [
        2,
        14
      ],
      [
        2,
        15
      ],
      [
        2,
        16
      ],
      [
        2,
        17
      ],
      [
        2,
        18
      ],
      [
        2,
        19
      ],
      [
        3,
        10
      ],
      [
        3,
        11
      ],
      [
        3,
        12
      ],
      [
        3,
        13
      ],
      [
        3,
        14
      ],
      [
        3,
        15
      ],
      [
        3,
        16
      ],
      [
        3,
        17
      ],
      [
        3,
        18
      ],
      [
        3,
        19
      ],
      [
        4,
        10
      ],
      [
        4,
        11
      ],
      [
        4,
        12
      ],
      [
        4,
        13
      ],
      [
        4,
        14
      ],
      [
        4,
        15
      ],
      [
        4,
        16
      ],
      [
        4,
        17
      ],
      [
        4,
        18
      ],
      [
        4,
        19
      ],
      [
        5,
        10
      ],
      [
        5,
        11
      ],
      [
        5,
        12
      ],
      [
        5,
        13
      ],
      [
        5,
        14
      ],
      [
        5,
        15
      ],
      [
        5,
        16
      ],
      [
        5,
        17
      ],
      [
        5,
        18
      ],
      [
        5,
        19
      ],
      [
        6,
        10
      ],
      [
        6,
        11
      ],
      [
        6,
        12
      ],
      [
        6,
        13
      ],
      [
        6,
        14
      ],
      [
        6,
        15
      ],
      [
        6,
        16
      ],
      [
        6,
        17
      ],
      [
        6,
        18
      ],
      [
        6,
        19
      ],
      [
        7,
        10
      ],
      [
        7,
        11
      ],
      [
        7,
        12
      ],
      [
        7,
        13
      ],
      [
        7,
        14
      ],
      [
        7,
        15
      ],
      [
        7,
        16
      ],
      [
        7,
        17
      ],
      [
        7,
        18
      ],
      [
        7,
        19
      ],
      [
        8,
        10
      ],
      [
        8,
        11
      ],
      [
        8,
        12
      ],
      [
        8,
        13
      ],
      [
        8,
        14
      ],
      [
        8,
        15
      ],
      [
        8,
        16
      ],
      [
        8,
        17
      ],
      [
        8,
        18
      ],
      [
        8,
        19
      ],
      [
        9,
        10
      ],
      [
        9,
        11
      ],
      [
        9,
        12
      ],
      [
        9,
        13
      ],
      [
        9,
        14
      ],
      [
        9,
        15
      ],
      [
        9,
        16
      ],
      [
        9,
        17
      ],
      [
        9,
        18
      ],
      [
        9,
        19
      ]
    ],
    "unique_iac_codes": [
      3,
      42,
      71,
      115
    ],
    "iac_to_param_idx": {
      "3": 0,
      "42": 1,
      "71": 2,
      "115": 3
    }
  },
  "full_ep_scale": [
    1.0,
    1.0,
    1.0,
    1.1004422903060913,
    1.0,
    1.0,
    1.0,
    1.0,
    1.0,
    1.0,
    1.0,
    1.0,
    1.0,
    1.0,
    1.0,
    1.0,
    1.0,
    1.0,
    1.0,
    1.0,
    1.0,
    1.0,
    1.0,
    1.0,
    1.0,
    1.0,
    1.0,
    1.0,
    1.0,
    1.0,
    1.0,
    1.0,
    1.0,
    1.0,
    1.0,
    1.0,
    1.0,
    1.0,
    1.0,
    1.0,
    1.0,
    1.0,
    1.1010724306106567,
    1.0,
    1.0,
    1.0,
    1.0,
    1.0,
    1.0,
    1.0,
    1.0,
    1.0,
    1.0,
    1.0,
    1.0,
    1.0,
    1.0,
    1.0,
    1.0,
    1.0,
    1.0,
    1.0,
    1.0,
    1.0,
    1.0,
    1.0,
    1.0,
    1.0,
    1.0,
    1.0,
    1.0,
    1.1002432107925415,
    1.0,
    1.0,
    1.0,
    1.0,
    1.0,
    1.0,
    1.0,
    1.0,
    1.0,
    1.0,
    1.0,
    1.0,
    1.0,
    1.0,
    1.0,
    1.0,
    1.0,
    1.0,
    1.0,
    1.0,
    1.0,
    1.0,
    1.0,
    1.0,
    1.0,
    1.0,
    1.0,
    1.0,
    1.0,
    1.0,
    1.0,
    1.0,
    1.0,
    1.0,
    1.0,
    1.0,
    1.0,
    1.0,
    1.0,
    1.0,
    1.0,
    1.0,
    1.0,
    1.0998753309249878,
    1.0,
    1.0,
    1.0,
    1.0,
    1.0,
    1.0,
    1.0,
    1.0,
    1.0,
    1.0,
    1.0,
    1.0,
    1.0,
    1.0,
    1.0,
    1.0,
    1.0,
    1.0,
    1.0,
    1.0,
    1.0,
    1.0,
    1.0,
    1.0,
    1.0,
    1.0,
    1.0,
    1.0,
    1.0,
    1.0,
    1.0,
    1.0,
    1.0,
    1.0,
    1.0,
    1.0,
    1.0,
    1.0,
    1.0,
    1.0,
    1.0,
    1.0,
    1.0,
    1.0,
    1.0,
    1.0,
    1.0
  ],
  "full_sig_scale": [
    1.0,
    1.0,
    1.0,
    1.0883069038391113,
    1.0,
    1.0,
    1.0,
    1.0,
    1.0,
    1.0,
    1.0,
    1.0,
    1.0,
    1.0,
    1.0,
    1.0,
    1.0,
    1.0,
    1.0,
    1.0,
    1.0,
    1.0,
    1.0,
    1.0,
    1.0,
    1.0,
    1.0,
    1.0,
    1.0,
    1.0,
    1.0,
    1.0,
    1.0,
    1.0,
    1.0,
    1.0,
    1.0,
    1.0,
    1.0,
    1.0,
    1.0,
    1.0,
    1.1008284091949463,
    1.0,
    1.0,
    1.0,
    1.0,
    1.0,
    1.0,
    1.0,
    1.0,
    1.0,
    1.0,
    1.0,
    1.0,
    1.0,
    1.0,
    1.0,
    1.0,
    1.0,
    1.0,
    1.0,
    1.0,
    1.0,
    1.0,
    1.0,
    1.0,
    1.0,
    1.0,
    1.0,
    1.0,
    1.0522054433822632,
    1.0,
    1.0,
    1.0,
    1.0,
    1.0,
    1.0,
    1.0,
    1.0,
    1.0,
    1.0,
    1.0,
    1.0,
    1.0,
    1.0,
    1.0,
    1.0,
    1.0,
    1.0,
    1.0,
    1.0,
    1.0,
    1.0,
    1.0,
    1.0,
    1.0,
    1.0,
    1.0,
    1.0,
    1.0,
    1.0,
    1.0,
    1.0,
    1.0,
    1.0,
    1.0,
    1.0,
    1.0,
    1.0,
    1.0,
    1.0,
    1.0,
    1.0,
    1.0,
    0.9886743426322937,
    1.0,
    1.0,
    1.0,
    1.0,
    1.0,
    1.0,
    1.0,
    1.0,
    1.0,
    1.0,
    1.0,
    1.0,
    1.0,
    1.0,
    1.0,
    1.0,
    1.0,
    1.0,
    1.0,
    1.0,
    1.0,
    1.0,
    1.0,
    1.0,
    1.0,
    1.0,
    1.0,
    1.0,
    1.0,
    1.0,
    1.0,
    1.0,
    1.0,
    1.0,
    1.0,
    1.0,
    1.0,
    1.0,
    1.0,
    1.0,
    1.0,
    1.0,
    1.0,
    1.0,
    1.0,
    1.0,
    1.0
  ],