{
  "train_loss": [
    415.7511598587036,
    69.41591265201569,
    24.210525131225587,
    15.762717485427856,
    12.153091132640839,
    9.958184385299683,
    8.872176498174667,
    7.4332424104213715,
    6.654555916786194,
    6.249637347459793
  ],
  "val_loss": [
    598.6587768554688,
    596.0136291503907,
    591.6760009765625,
    585.2847045898437,
    576.5856262207031,
    565.3388732910156,
    551.5928894042969,
    535.4138732910156,
    516.8223754882813,
    496.20838623046876
  ],
  "val_energy_mae": [
    9.930360794067383,
    9.912402057647705,
    9.883565711975098,
    9.840996074676514,
    9.781314754486084,
    9.70089693069458,
    9.597231483459472,
    9.468348121643066,
    9.313719654083252,
    9.133730220794678
  ],
  "val_forces_mae": [
    0.2417160302400589,
    0.24088166207075118,
    0.2394897773861885,
    0.2373418316245079,
    0.23442531675100325,
    0.230768683552742,
    0.22651555240154267,
    0.22182701528072357,
    0.21658672988414765,
    0.21104556024074556
  ],
  "val_dipole_mae": [
    0.2557806968688965,
    0.2554271623492241,
    0.2550858959555626,
    0.25471737831830976,
    0.25430041551589966,
    0.2538214594125748,
    0.253302800655365,
    0.2527310997247696,
    0.25206177234649657,
    0.25131403356790544
  ],
  "val_esp_mae": [
    0.016329295933246613,
    0.016256509348750114,
    0.016167892143130302,
    0.016040710732340813,
    0.01587599329650402,
    0.01568470150232315,
    0.015490525402128696,
    0.015327850356698036,
    0.015237972140312195,
    0.015258154831826687
  ],
  "epoch_times": [
    94.82205772399902,
    4.605808734893799,
    4.5927300453186035,
    4.527859449386597,
    4.550629377365112,
    4.515540599822998,
    4.5982630252838135,
    4.5252721309661865,
    4.512899875640869,
    4.527703762054443
  ]
}