{
  "train_loss": [
    471.9898654937744,
    107.13665380477906,
    30.833992624282835,
    17.717886698246,
    13.415576612949371,
    11.060035860538482,
    9.615012675523758,
    8.518281990289688,
    7.864497995376587,
    7.336239314079284
  ],
  "val_loss": [
    599.1863586425782,
    592.0235656738281,
    584.3826477050782,
    575.2735900878906,
    564.3177795410156,
    551.3675354003906,
    536.3858917236328,
    519.0904754638672,
    499.47255249023436,
    477.8187255859375
  ],
  "val_energy_mae": [
    9.872967338562011,
    9.840887546539307,
    9.794020557403565,
    9.728728294372559,
    9.643081569671631,
    9.53443202972412,
    9.402137184143067,
    9.24474639892578,
    9.062328243255616,
    8.855957126617431
  ],
  "val_forces_mae": [
    0.24518953263759613,
    0.24214812964200974,
    0.2402313694357872,
    0.23798214197158812,
    0.23525303453207017,
    0.23220144361257553,
    0.22892977446317672,
    0.22520214319229126,
    0.22097164243459702,
    0.21625133156776427
  ],
  "val_dipole_mae": [
    0.26133348047733307,
    0.26108855903148653,
    0.2608017474412918,
    0.26051069647073744,
    0.26016545593738555,
    0.25978811681270597,
    0.2593321830034256,
    0.2588595345616341,
    0.25837392359972,
    0.25790777504444123
  ],
  "val_esp_mae": [
    0.016845885664224625,
    0.016621507704257965,
    0.016429990530014038,
    0.016248691827058792,
    0.016049286350607872,
    0.015830477699637413,
    0.01559465192258358,
    0.015339679084718227,
    0.015064375475049019,
    0.01477550808340311
  ],
  "epoch_times": [
    95.03447341918945,
    4.550991773605347,
    4.604123592376709,
    4.54752516746521,
    4.446582555770874,
    4.504018545150757,
    4.540457010269165,
    4.476658344268799,
    4.488847732543945,
    4.523757457733154
  ]
}